<environmentvariabledefinition schemaname="contract_shared_sharepointonline_74fa75e1d12c47099ff455aa02350596">
  <apiid>/providers/microsoft.powerapps/apis/shared_sharepointonline</apiid>
  <displayname default="List Data Khảo sát dịch vụ mua bán/triển khai">
    <label description="List Data Khảo sát dịch vụ mua bán/triển khai" languagecode="1033" />
  </displayname>
  <introducedversion>1.0.0.14</introducedversion>
  <iscustomizable>1</iscustomizable>
  <isrequired>0</isrequired>
  <parameterkey>table</parameterkey>
  <parentdefinitionid>
    <schemaname>contract_shared_sharepointonline_ba8a92bb5f984c4a9e12b8ebbe150b7e</schemaname>
  </parentdefinitionid>
  <secretstore>0</secretstore>
  <type>100000004</type>
</environmentvariabledefinition>