<environmentvariabledefinition schemaname="contract_shared_sharepointonline_47020e0dd0e34c28b0dc090f1789bb93">
  <apiid>/providers/microsoft.powerapps/apis/shared_sharepointonline</apiid>
  <displayname default="List Data Hợp đồng người liên hệ">
    <label description="List Data Hợp đồng người liên hệ" languagecode="1033" />
  </displayname>
  <introducedversion>1.0.0.5</introducedversion>
  <iscustomizable>1</iscustomizable>
  <isrequired>0</isrequired>
  <parameterkey>table</parameterkey>
  <parentdefinitionid>
    <schemaname>contract_shared_sharepointonline_ba8a92bb5f984c4a9e12b8ebbe150b7e</schemaname>
  </parentdefinitionid>
  <secretstore>0</secretstore>
  <type>100000004</type>
</environmentvariabledefinition>