<environmentvariabledefinition schemaname="contract_shared_sharepointonline_334dfaa6f1b3477fa5908497f459756a">
  <apiid>/providers/microsoft.powerapps/apis/shared_sharepointonline</apiid>
  <displayname default="List Data HD kế hoạch triển khai">
    <label description="List Data HD kế hoạch triển khai" languagecode="1033" />
  </displayname>
  <introducedversion>1.0.0.11</introducedversion>
  <iscustomizable>1</iscustomizable>
  <isrequired>0</isrequired>
  <parameterkey>table</parameterkey>
  <parentdefinitionid>
    <schemaname>contract_shared_sharepointonline_ba8a92bb5f984c4a9e12b8ebbe150b7e</schemaname>
  </parentdefinitionid>
  <secretstore>0</secretstore>
  <type>100000004</type>
</environmentvariabledefinition>