<environmentvariabledefinition schemaname="contract_shared_sharepointonline_3ff143a0784e4d5e8f6c99efc1725bea">
  <apiid>/providers/microsoft.powerapps/apis/shared_sharepointonline</apiid>
  <displayname default="List Data HD thông tin hàng hóa">
    <label description="List Data HD thông tin hàng hóa" languagecode="1033" />
  </displayname>
  <introducedversion>1.0.0.9</introducedversion>
  <iscustomizable>1</iscustomizable>
  <isrequired>0</isrequired>
  <parameterkey>table</parameterkey>
  <parentdefinitionid>
    <schemaname>contract_shared_sharepointonline_ba8a92bb5f984c4a9e12b8ebbe150b7e</schemaname>
  </parentdefinitionid>
  <secretstore>0</secretstore>
  <type>100000004</type>
</environmentvariabledefinition>