<environmentvariabledefinition schemaname="contract_shared_sharepointonline_24b2f272e5594097b131c8266ee24bbb">
  <apiid>/providers/microsoft.powerapps/apis/shared_sharepointonline</apiid>
  <displayname default="NguoiLienHe">
    <label description="NguoiLienHe" languagecode="1033" />
  </displayname>
  <introducedversion>1.0.0.38</introducedversion>
  <iscustomizable>1</iscustomizable>
  <isrequired>0</isrequired>
  <parameterkey>table</parameterkey>
  <parentdefinitionid>
    <schemaname>contract_shared_sharepointonline_ba8a92bb5f984c4a9e12b8ebbe150b7e</schemaname>
  </parentdefinitionid>
  <secretstore>0</secretstore>
  <type>100000004</type>
</environmentvariabledefinition>