<environmentvariabledefinition schemaname="contract_shared_sharepointonline_ba8a92bb5f984c4a9e12b8ebbe150b7e">
  <apiid>/providers/microsoft.powerapps/apis/shared_sharepointonline</apiid>
  <displayname default="Site Contract Development - https://hptvn.sharepoint.com/teams/mppdev/contract">
    <label description="Site Contract Development - https://hptvn.sharepoint.com/teams/mppdev/contract" languagecode="1033" />
  </displayname>
  <introducedversion>1.0.0.0</introducedversion>
  <iscustomizable>1</iscustomizable>
  <isrequired>0</isrequired>
  <parameterkey>dataset</parameterkey>
  <secretstore>0</secretstore>
  <type>100000004</type>
</environmentvariabledefinition>