{
  "properties": {
    "connectionReferences": {
      "shared_sharepointonline_1": {
        "runtimeSource": "embedded",
        "connection": {
          "connectionReferenceLogicalName": "contract_sharedsharepointonline_5ddc3"
        },
        "api": {
          "name": "shared_sharepointonline"
        }
      },
      "shared_office365_1": {
        "runtimeSource": "embedded",
        "connection": {
          "connectionReferenceLogicalName": "contract_sharedoffice365_69327"
        },
        "api": {
          "name": "shared_office365"
        }
      },
      "shared_sharepointonline": {
        "runtimeSource": "invoker",
        "connection": {
          "connectionReferenceLogicalName": "contract_sharedsharepointonline_5ddc3"
        },
        "api": {
          "name": "shared_sharepointonline"
        }
      }
    },
    "definition": {
      "$schema": "https://schema.management.azure.com/providers/Microsoft.Logic/schemas/2016-06-01/workflowdefinition.json#",
      "contentVersion": "1.0.0.0",
      "parameters": {
        "$connections": {
          "defaultValue": {},
          "type": "Object"
        },
        "$authentication": {
          "defaultValue": {},
          "type": "SecureObject"
        },
        "Site Contract Development - https://hptvn.sharepoint.com/teams/mppdev/contract (contract_shared_sharepointonline_ba8a92bb5f984c4a9e12b8ebbe150b7e)": {
          "defaultValue": "https://hptvn.sharepoint.com/teams/mppdev/contract",
          "type": "String",
          "metadata": {
            "schemaName": "contract_shared_sharepointonline_ba8a92bb5f984c4a9e12b8ebbe150b7e"
          }
        },
        "List Data Contract (contract_shared_sharepointonline_af7e0287396a4264bf84ac3bb4d1bb35)": {
          "defaultValue": "3f1d5884-1363-4877-a3a6-87eea2435b5e",
          "type": "String",
          "metadata": {
            "schemaName": "contract_shared_sharepointonline_af7e0287396a4264bf84ac3bb4d1bb35"
          }
        },
        "List Data Lịch thanh toán (new_shared_sharepointonline_5f4b15a58b9046d4b7f82734d3274b93)": {
          "defaultValue": "091f36f1-bf80-4e87-bba9-d457bdc2f66f",
          "type": "String",
          "metadata": {
            "schemaName": "new_shared_sharepointonline_5f4b15a58b9046d4b7f82734d3274b93"
          }
        },
        "List Data Kế hoạch bảo trì (contract_shared_sharepointonline_a0991bccdc044df7b0a209045a6a49f1)": {
          "defaultValue": "7870dcb2-2b5e-44b7-8284-a01b5a4e9862",
          "type": "String",
          "metadata": {
            "schemaName": "contract_shared_sharepointonline_a0991bccdc044df7b0a209045a6a49f1"
          }
        },
        "List Data Documents (contract_shared_sharepointonline_a0dc94e2ad6542be8fb134fa58eb0eae)": {
          "defaultValue": "5f1132fe-be60-4f32-9d33-81c51f220af0",
          "type": "String",
          "metadata": {
            "schemaName": "contract_shared_sharepointonline_a0dc94e2ad6542be8fb134fa58eb0eae"
          }
        }
      },
      "triggers": {
        "manual": {
          "metadata": {
            "operationMetadataId": "2d196983-33be-43cb-bfa8-982d053ac3e5"
          },
          "type": "Request",
          "kind": "PowerAppV2",
          "inputs": {
            "schema": {
              "type": "object",
              "properties": {
                "text": {
                  "title": "Type",
                  "type": "string",
                  "x-ms-dynamically-added": true,
                  "description": "Please enter your input",
                  "x-ms-content-hint": "TEXT"
                },
                "number": {
                  "title": "IDType",
                  "type": "number",
                  "x-ms-dynamically-added": true,
                  "description": "Please enter a number",
                  "x-ms-content-hint": "NUMBER"
                },
                "number_1": {
                  "title": "IDHopDong",
                  "type": "number",
                  "x-ms-dynamically-added": true,
                  "description": "Please enter a number",
                  "x-ms-content-hint": "NUMBER"
                }
              },
              "required": [
                "text",
                "number",
                "number_1"
              ]
            }
          }
        }
      },
      "actions": {
        "Get_item_Contract": {
          "runAfter": {},
          "metadata": {
            "operationMetadataId": "2da44eff-e551-4266-8f7d-ba150b0b9a2a"
          },
          "type": "OpenApiConnection",
          "inputs": {
            "host": {
              "connectionName": "shared_sharepointonline_1",
              "operationId": "GetItem",
              "apiId": "/providers/Microsoft.PowerApps/apis/shared_sharepointonline"
            },
            "parameters": {
              "dataset": "@parameters('Site Contract Development - https://hptvn.sharepoint.com/teams/mppdev/contract (contract_shared_sharepointonline_ba8a92bb5f984c4a9e12b8ebbe150b7e)')",
              "table": "@parameters('List Data Contract (contract_shared_sharepointonline_af7e0287396a4264bf84ac3bb4d1bb35)')",
              "id": "@triggerBody()['number_1']"
            },
            "authentication": "@parameters('$authentication')"
          }
        },
        "Switch": {
          "runAfter": {
            "Initialize_variable": [
              "Succeeded"
            ]
          },
          "cases": {
            "Case": {
              "case": "Lịch thanh toán",
              "actions": {
                "Get_item_by_Lịch_thanh_toán": {
                  "runAfter": {},
                  "metadata": {
                    "operationMetadataId": "57389788-dcb0-47d5-a91b-c58086826a2e"
                  },
                  "type": "OpenApiConnection",
                  "inputs": {
                    "host": {
                      "connectionName": "shared_sharepointonline_1",
                      "operationId": "GetItem",
                      "apiId": "/providers/Microsoft.PowerApps/apis/shared_sharepointonline"
                    },
                    "parameters": {
                      "dataset": "@parameters('Site Contract Development - https://hptvn.sharepoint.com/teams/mppdev/contract (contract_shared_sharepointonline_ba8a92bb5f984c4a9e12b8ebbe150b7e)')",
                      "table": "@parameters('List Data Lịch thanh toán (new_shared_sharepointonline_5f4b15a58b9046d4b7f82734d3274b93)')",
                      "id": "@triggerBody()['number']"
                    },
                    "authentication": "@parameters('$authentication')"
                  }
                },
                "Compose_table_Lịch_thanh_toán": {
                  "runAfter": {
                    "Get_item_by_Lịch_thanh_toán": [
                      "Succeeded"
                    ]
                  },
                  "metadata": {
                    "operationMetadataId": "c93f432e-9034-40a0-848c-5f1e9b56040e"
                  },
                  "type": "Compose",
                  "inputs": "<style>\n#customers {\n  font-family: Arial, Helvetica, sans-serif;\n  border-collapse: collapse;\n  width: 100%;\n}\n\n#customers td, #customers th {\n  border: 1px solid #ddd;\n  padding: 8px;\n}\n\n#customers tr:nth-child(even){background-color: #f2f2f2;}\n\n#customers tr:hover {background-color: #ddd;}\n\n#customers th {\n  padding-top: 12px;\n  padding-bottom: 12px;\n  text-align: left;\n  background-color: #04AA6D;\n  color: white;\n}\n</style>\n<table id=\"customers\">\n  <tr>\n    <th>Nội dung thanh toán</th>\n<th>Số hóa đơn</th>\n<th>Giá trị dự kiến</th>\n<th>Giá trị thực tế</th>\n<th>Ngày dự kiến XHĐ</th>\n<th>Ngày thực tế XHĐ</th>\n<th>Tình trạng</th>\n  </tr>\n  <tr>\n    <td>@{outputs('Get_item_by_Lịch_thanh_toán')?['body/Title']}</td>\n    <td>@{outputs('Get_item_by_Lịch_thanh_toán')?['body/SoHoaDon']}</td>\n    <td>@{if(\r\n    and(\r\n        not(equals(formatNumber(outputs('Get_item_by_Lịch_thanh_toán')?['body/GiaTriDuKien'], 'N0', 'en-US'), null)),\r\n        not(empty(formatNumber(outputs('Get_item_by_Lịch_thanh_toán')?['body/GiaTriDuKien'], 'N0', 'en-US')))\r\n    ),\r\n    formatNumber(outputs('Get_item_by_Lịch_thanh_toán')?['body/GiaTriDuKien'], 'N0', 'en-US'),\r\n    null\r\n)}</td>\n    <td>@{if(\r\n    and(\r\n        not(equals(formatNumber(outputs('Get_item_by_Lịch_thanh_toán')?['body/GiaTriThucTe'], 'N0', 'en-US'), null)),\r\n        not(empty(formatNumber(outputs('Get_item_by_Lịch_thanh_toán')?['body/GiaTriThucTe'], 'N0', 'en-US')))\r\n    ),\r\n    formatNumber(outputs('Get_item_by_Lịch_thanh_toán')?['body/GiaTriThucTe'], 'N0', 'en-US'),\r\n    null\r\n)}</td>\n    <td>@{if(\r\n    and(\r\n        not(equals(outputs('Get_item_by_Lịch_thanh_toán')?['body/NgayDuKienXHD'], null)),\r\n        not(empty(outputs('Get_item_by_Lịch_thanh_toán')?['body/NgayDuKienXHD']))\r\n    ),\r\n    formatDateTime(outputs('Get_item_by_Lịch_thanh_toán')?['body/NgayDuKienXHD'],'dd/MM/yyyy'),\r\n    null\r\n)}</td>\n    <td>@{if(\r\n    and(\r\n        not(equals(outputs('Get_item_by_Lịch_thanh_toán')?['body/NgayThucTeXH_x0110_'], null)),\r\n        not(empty(outputs('Get_item_by_Lịch_thanh_toán')?['body/NgayThucTeXH_x0110_']))\r\n    ),\r\n    formatDateTime(outputs('Get_item_by_Lịch_thanh_toán')?['body/NgayThucTeXH_x0110_'],'dd/MM/yyyy'),\r\n    null\r\n)}</td>\n    <td>@{outputs('Get_item_by_Lịch_thanh_toán')?['body/TinhTrang/Value']}</td>\n  </tr>\n  \n</table>"
                },
                "Apply_to_each_2": {
                  "foreach": "@outputs('Get_item_Contract')?['body/GroupMailPhase']",
                  "actions": {
                    "Send_an_email_(V2)_2": {
                      "runAfter": {},
                      "metadata": {
                        "operationMetadataId": "f578ebb1-52b6-4f4b-a793-13dd3b2693fe"
                      },
                      "type": "OpenApiConnection",
                      "inputs": {
                        "host": {
                          "connectionName": "shared_office365_1",
                          "operationId": "SendEmailV2",
                          "apiId": "/providers/Microsoft.PowerApps/apis/shared_office365"
                        },
                        "parameters": {
                          "emailMessage/To": "@items('Apply_to_each_2')?['Email']",
                          "emailMessage/Subject": "CHỈNH SỬA THÔNG TIN LỊCH THANH TOÁN",
                          "emailMessage/Body": "<p><strong>Kính gửi Anh/Chị,</strong><br>\n<br>\nHợp đồng có số hợp đồng<strong></strong><strong>@{outputs('Get_item_Contract')?['body/Title']}</strong><strong></strong> có lịch thanh toán vừa được chỉnh sửa. Dưới đây là thông tin chi tiết:<br>\n<br>\n@{outputs('Compose_Template_Table_Contract')}<br>\n<br>\n<strong>Lịch thanh toán:</strong><br>\n<br>\n@{outputs('Compose_table_Lịch_thanh_toán')}<br>\n<strong>Mọi chi tiết thắc mắc cần hỗ trợ, Anh/Chị vui lòng liên hệ:</strong><br>\n- Email: @{outputs('Get_item_Contract')?['body/NguoiTao/DisplayName']}<br>\nTrân trọng!</p>",
                          "emailMessage/Importance": "Normal"
                        },
                        "authentication": "@parameters('$authentication')"
                      }
                    }
                  },
                  "runAfter": {
                    "Compose_table_Lịch_thanh_toán": [
                      "Succeeded"
                    ]
                  },
                  "metadata": {
                    "operationMetadataId": "e108bdef-70c7-43d1-843d-ccf9558611e9"
                  },
                  "type": "Foreach"
                }
              }
            },
            "Case_2": {
              "case": "Kế hoạch bảo trì",
              "actions": {
                "Get_item_kế_hoạch_bảo_trì": {
                  "runAfter": {},
                  "metadata": {
                    "operationMetadataId": "f5b4d506-3350-4867-b417-1c0bed64fbd4"
                  },
                  "type": "OpenApiConnection",
                  "inputs": {
                    "host": {
                      "connectionName": "shared_sharepointonline_1",
                      "operationId": "GetItem",
                      "apiId": "/providers/Microsoft.PowerApps/apis/shared_sharepointonline"
                    },
                    "parameters": {
                      "dataset": "@parameters('Site Contract Development - https://hptvn.sharepoint.com/teams/mppdev/contract (contract_shared_sharepointonline_ba8a92bb5f984c4a9e12b8ebbe150b7e)')",
                      "table": "@parameters('List Data Kế hoạch bảo trì (contract_shared_sharepointonline_a0991bccdc044df7b0a209045a6a49f1)')",
                      "id": "@triggerBody()['number']"
                    },
                    "authentication": "@parameters('$authentication')"
                  }
                },
                "Compose_table_Kế_hoạch_bảo_trì": {
                  "runAfter": {
                    "Select": [
                      "Succeeded"
                    ]
                  },
                  "metadata": {
                    "operationMetadataId": "cd17b02c-ec16-4b17-ba32-74942face0e0"
                  },
                  "type": "Compose",
                  "inputs": "<style>\n#customers {\n  font-family: Arial, Helvetica, sans-serif;\n  border-collapse: collapse;\n  width: 100%;\n}\n\n#customers td, #customers th {\n  border: 1px solid #ddd;\n  padding: 8px;\n}\n\n#customers tr:nth-child(even){background-color: #f2f2f2;}\n\n#customers tr:hover {background-color: #ddd;}\n\n#customers th {\n  padding-top: 12px;\n  padding-bottom: 12px;\n  text-align: left;\n  background-color: #04AA6D;\n  color: white;\n}\n</style>\n<table id=\"customers\">\n  <tr>\n    <th>Ngày bảo trì</th>\n<th>Địa điểm</th>\n<th>Người liên hệ</th>\n<th>Công việc</th>\n<th>Phụ trách</th>\n<th>Số hợp đồng</th>\n<th>Đợt</th>\n  </tr>\n  <tr>\n    <td>@{if(and(not(equals(outputs('Get_item_kế_hoạch_bảo_trì')?['body/NgayBaoTri'], null)), not(empty(outputs('Get_item_kế_hoạch_bảo_trì')?['body/NgayBaoTri']))), formatDateTime(outputs('Get_item_kế_hoạch_bảo_trì')?['body/NgayBaoTri'], 'dd/MM/yyyy'), null)}</td>\n    <td>@{outputs('Get_item_kế_hoạch_bảo_trì')?['body/DiaDiem']}</td>\n    <td>@{outputs('Get_item_kế_hoạch_bảo_trì')?['body/NguoiLienHe']}</td>\n    <td>@{outputs('Get_item_kế_hoạch_bảo_trì')?['body/Congviec']}</td>\n    <td>@{join(body('Select'), '<br>')}</td>\n    <td>@{outputs('Get_item_Contract')?['body/Title']}</td>\n    <td>@{outputs('Get_item_kế_hoạch_bảo_trì')?['body/Dot']}</td>\n  </tr>\n  \n</table>"
                },
                "Select": {
                  "runAfter": {
                    "Get_item_kế_hoạch_bảo_trì": [
                      "Succeeded"
                    ]
                  },
                  "metadata": {
                    "operationMetadataId": "8ef5d95e-cd7b-452b-b9cf-4b98fbacc026"
                  },
                  "type": "Select",
                  "inputs": {
                    "from": "@outputs('Get_item_Contract')?['body/GroupMailMainten']",
                    "select": "@concat(item()?['DisplayName'])"
                  }
                },
                "Apply_to_each": {
                  "foreach": "@outputs('Get_item_Contract')?['body/GroupMailMainten']",
                  "actions": {
                    "Send_an_email_(V2)": {
                      "runAfter": {},
                      "metadata": {
                        "operationMetadataId": "85e204b9-51f2-4e29-86f3-99b8ffc70f2d"
                      },
                      "type": "OpenApiConnection",
                      "inputs": {
                        "host": {
                          "connectionName": "shared_office365_1",
                          "operationId": "SendEmailV2",
                          "apiId": "/providers/Microsoft.PowerApps/apis/shared_office365"
                        },
                        "parameters": {
                          "emailMessage/To": "@items('Apply_to_each')?['Email']",
                          "emailMessage/Subject": "CHỈNH SỬA THÔNG TIN LỊCH BẢO TRÌ",
                          "emailMessage/Body": "<p><strong>Kính gửi Anh/Chị,</strong><br>\n<br>\nHợp đồng có số hợp đồng<strong>@{outputs('Get_item_Contract')?['body/Title']}</strong><strong></strong> có lịch bảo trì vừa được chỉnh sửa. Dưới đây là thông tin chi tiết:<br>\n<br>\n@{outputs('Compose_Template_Table_Contract')}<br>\n<br>\n<strong>Kế hoạch bảo trì:<br>\n</strong><br>\n@{outputs('Compose_table_Kế_hoạch_bảo_trì')}<br>\n<strong>Mọi chi tiết thắc mắc cần hỗ trợ, Anh/Chị vui lòng liên hệ:</strong><br>\n- Email: @{outputs('Get_item_Contract')?['body/NguoiTao/DisplayName']}<br>\nTrân trọng!</p>",
                          "emailMessage/Importance": "Normal"
                        },
                        "authentication": "@parameters('$authentication')"
                      }
                    }
                  },
                  "runAfter": {
                    "Compose_table_Kế_hoạch_bảo_trì": [
                      "Succeeded"
                    ]
                  },
                  "metadata": {
                    "operationMetadataId": "40a39202-48fc-4d92-a728-38f2433d2598"
                  },
                  "type": "Foreach"
                }
              }
            },
            "Case_3": {
              "case": "Kế toán",
              "actions": {
                "Get_files_(properties_only)": {
                  "runAfter": {},
                  "metadata": {
                    "operationMetadataId": "57d15f89-7501-4966-9dc1-6991cbe0daf6"
                  },
                  "type": "OpenApiConnection",
                  "inputs": {
                    "host": {
                      "connectionName": "shared_sharepointonline",
                      "operationId": "GetFileItems",
                      "apiId": "/providers/Microsoft.PowerApps/apis/shared_sharepointonline"
                    },
                    "parameters": {
                      "dataset": "@parameters('Site Contract Development - https://hptvn.sharepoint.com/teams/mppdev/contract (contract_shared_sharepointonline_ba8a92bb5f984c4a9e12b8ebbe150b7e)')",
                      "table": "@parameters('List Data Documents (contract_shared_sharepointonline_a0dc94e2ad6542be8fb134fa58eb0eae)')",
                      "folderPath": "/Shared Documents/HopDong/@{triggerBody()['number_1']}/"
                    },
                    "authentication": "@parameters('$authentication')"
                  },
                  "runtimeConfiguration": {
                    "paginationPolicy": {
                      "minimumItemCount": 5000
                    }
                  }
                },
                "Apply_to_each_3": {
                  "foreach": "@outputs('Get_files_(properties_only)')?['body/value']",
                  "actions": {
                    "Get_file_properties": {
                      "runAfter": {},
                      "metadata": {
                        "operationMetadataId": "27ae8945-dc02-4084-91c8-0fb817ef6252"
                      },
                      "type": "OpenApiConnection",
                      "inputs": {
                        "host": {
                          "connectionName": "shared_sharepointonline",
                          "operationId": "GetFileItem",
                          "apiId": "/providers/Microsoft.PowerApps/apis/shared_sharepointonline"
                        },
                        "parameters": {
                          "dataset": "@parameters('Site Contract Development - https://hptvn.sharepoint.com/teams/mppdev/contract (contract_shared_sharepointonline_ba8a92bb5f984c4a9e12b8ebbe150b7e)')",
                          "table": "@parameters('List Data Documents (contract_shared_sharepointonline_a0dc94e2ad6542be8fb134fa58eb0eae)')",
                          "id": "@items('Apply_to_each_3')?['ID']"
                        },
                        "authentication": "@parameters('$authentication')"
                      }
                    },
                    "Get_file_content": {
                      "runAfter": {
                        "Get_file_properties": [
                          "Succeeded"
                        ]
                      },
                      "metadata": {
                        "operationMetadataId": "3e1eb085-ffd5-473f-88fb-e9c5a8a6bc10"
                      },
                      "type": "OpenApiConnection",
                      "inputs": {
                        "host": {
                          "connectionName": "shared_sharepointonline",
                          "operationId": "GetFileContent",
                          "apiId": "/providers/Microsoft.PowerApps/apis/shared_sharepointonline"
                        },
                        "parameters": {
                          "dataset": "@parameters('Site Contract Development - https://hptvn.sharepoint.com/teams/mppdev/contract (contract_shared_sharepointonline_ba8a92bb5f984c4a9e12b8ebbe150b7e)')",
                          "id": "@items('Apply_to_each_3')?['{Identifier}']",
                          "inferContentType": true
                        },
                        "authentication": "@parameters('$authentication')"
                      }
                    },
                    "Compose": {
                      "runAfter": {
                        "Get_file_content": [
                          "Succeeded"
                        ]
                      },
                      "metadata": {
                        "operationMetadataId": "6f655da3-38df-4884-87b3-95d86dfa3427"
                      },
                      "type": "Compose",
                      "inputs": "@outputs('Get_file_properties')?['body/{FileNameWithExtension}']"
                    },
                    "Compose_File_Extension": {
                      "runAfter": {
                        "Compose": [
                          "Succeeded"
                        ]
                      },
                      "metadata": {
                        "operationMetadataId": "ff33b9dc-a824-4fcb-af46-6dc823a5250f"
                      },
                      "type": "Compose",
                      "inputs": "@split(outputs('Get_file_properties')?['body/{FileNameWithExtension}'], '.')[1]"
                    },
                    "Compose_Determine_ContentType": {
                      "runAfter": {
                        "Compose_File_Extension": [
                          "Succeeded"
                        ]
                      },
                      "metadata": {
                        "operationMetadataId": "e8b48555-5e95-4d0c-a26f-1e7deb50f7f2"
                      },
                      "type": "Compose",
                      "inputs": "@if(equals(outputs('Compose_File_Extension'), 'htm'), 'text/html',\nif(equals(outputs('Compose_File_Extension'), 'pdf'), 'application/pdf',\nif(equals(outputs('Compose_File_Extension'), 'docx'), 'application/vnd.openxmlformats-officedocument.wordprocessingml.document',\nif(equals(outputs('Compose_File_Extension'), 'xlsx'), 'application/vnd.openxmlformats-officedocument.spreadsheetml.sheet',\nif(equals(outputs('Compose_File_Extension'), 'png'), 'image/png',\nif(equals(outputs('Compose_File_Extension'), 'jpg'), 'image/jpeg',\nif(equals(outputs('Compose_File_Extension'), 'txt'), 'text/plain','application/octet-stream')))))))"
                    },
                    "Append_to_array_variable": {
                      "runAfter": {
                        "Compose_Determine_ContentType": [
                          "Succeeded"
                        ]
                      },
                      "metadata": {
                        "operationMetadataId": "e956b2a9-09bc-47e9-82cd-5815f093c17d"
                      },
                      "type": "AppendToArrayVariable",
                      "inputs": {
                        "name": "AttachmentsArray",
                        "value": {
                          "Name": "@outputs('Get_file_properties')?['body/{FileNameWithExtension}']",
                          "ContentBytes": "@body('Get_file_content')",
                          "@{if(equals(outputs('Compose_File_Extension'), 'htm'), 'ContentType', '' )}": "@{if(equals(outputs('Compose_File_Extension'), 'htm'), outputs('Compose_Determine_ContentType'), '')}"
                        }
                      }
                    }
                  },
                  "runAfter": {
                    "Get_files_(properties_only)": [
                      "Succeeded"
                    ]
                  },
                  "metadata": {
                    "operationMetadataId": "c29a805c-aad5-4e6b-bd1f-04dd156eedc9"
                  },
                  "type": "Foreach"
                },
                "Condition": {
                  "actions": {
                    "Send_an_email_:_to_kế_toán_không_lịch_thanh_toán": {
                      "runAfter": {},
                      "metadata": {
                        "operationMetadataId": "53ef832e-9b06-40be-8c7a-5f90e4fa74cb"
                      },
                      "type": "OpenApiConnection",
                      "inputs": {
                        "host": {
                          "connectionName": "shared_office365_1",
                          "operationId": "SendEmailV2",
                          "apiId": "/providers/Microsoft.PowerApps/apis/shared_office365"
                        },
                        "parameters": {
                          "emailMessage/To": "@outputs('Get_item_Contract')?['body/NhacMailKetoan']",
                          "emailMessage/Subject": "CHỈNH SỬA THÔNG TIN HỢP ĐỒNG SỐ @{toUpper( outputs('Get_item_Contract')?['body/Title'])}",
                          "emailMessage/Body": "<p><strong>Kính gởi các anh/chị,<br>\n</strong><br>\nHợp đồng số <strong></strong><strong>@{outputs('Get_item_Contract')?['body/Title']}</strong><strong> </strong>vừa được chỉnh sửa. Đây là thông tin chi tiết:<br>\n@{outputs('Compose_Template_Table_Contract_for_ketoan')}<br>\n<br>\nMọi chi tiết thắc mắc cần hỗ trợ, Anh/Chị vui lòng liên hệ:<br>\nEmail: Hptservice@hpt.vn<br>\nTrân trọng!</p>",
                          "emailMessage/Attachments": "@variables('AttachmentsArray')",
                          "emailMessage/Importance": "Normal"
                        },
                        "authentication": "@parameters('$authentication')"
                      }
                    }
                  },
                  "runAfter": {
                    "Apply_to_each_3": [
                      "Succeeded"
                    ]
                  },
                  "else": {
                    "actions": {
                      "Send_an_email_(V2)_:_to_kế_toán_có_lịch_thanh_toán": {
                        "runAfter": {},
                        "metadata": {
                          "operationMetadataId": "96ed0bdc-1c7e-4f89-ace9-10a66756a05c"
                        },
                        "type": "OpenApiConnection",
                        "inputs": {
                          "host": {
                            "connectionName": "shared_office365_1",
                            "operationId": "SendEmailV2",
                            "apiId": "/providers/Microsoft.PowerApps/apis/shared_office365"
                          },
                          "parameters": {
                            "emailMessage/To": "@outputs('Get_item_Contract')?['body/NhacMailKetoan']",
                            "emailMessage/Subject": "CHỈNH SỬA THÔNG TIN HỢP ĐỒNG SỐ @{toUpper( outputs('Get_item_Contract')?['body/Title'])}",
                            "emailMessage/Body": "<p><strong>Kính gởi các anh/chị,</strong><br>\n<br>\nHợp đồng số <strong></strong><strong>@{outputs('Get_item_Contract')?['body/Title']}</strong><strong></strong> vừa được chỉnh sửa. Đây là thông tin chi tiết:<br>\n@{outputs('Compose_Template_Table_Contract_for_ketoan')}<br>\n<strong>Lịch thanh toán:</strong><br>\n<br>\n@{body('Create_HTML_table:_to_list_lịch_thanh_toán')}<br>\nMọi chi tiết thắc mắc cần hỗ trợ, Anh/Chị vui lòng liên hệ:<br>\nEmail: Hptservice@hpt.vn<br>\nTrân trọng!</p>",
                            "emailMessage/Attachments": "@variables('AttachmentsArray')",
                            "emailMessage/Importance": "Normal"
                          },
                          "authentication": "@parameters('$authentication')"
                        }
                      }
                    }
                  },
                  "expression": {
                    "equals": [
                      "@length(outputs('Get_items_:_to_list_lịch_thanh_toán')?['body/value'])",
                      0
                    ]
                  },
                  "metadata": {
                    "operationMetadataId": "0ce96b04-959a-4b98-82a9-47fe30292011"
                  },
                  "type": "If"
                }
              }
            },
            "Case_4": {
              "case": "Sale, Kỹ thuật",
              "actions": {
                "Send_an_email_(V2)_:_send_Sale,_kt": {
                  "runAfter": {},
                  "metadata": {
                    "operationMetadataId": "cc5d7221-46d0-47ca-8e42-68cc9606cf60"
                  },
                  "type": "OpenApiConnection",
                  "inputs": {
                    "host": {
                      "connectionName": "shared_office365_1",
                      "operationId": "SendEmailV2",
                      "apiId": "/providers/Microsoft.PowerApps/apis/shared_office365"
                    },
                    "parameters": {
                      "emailMessage/To": "@{outputs('Get_item_Contract')?['body/NguoiTao/Email']};@{outputs('Get_item_Contract')?['body/TenAM/Email']};@{outputs('Get_item_Contract')?['body/KyThuat/Email']};",
                      "emailMessage/Subject": "CHỈNH SỬA THÔNG TIN HỢP ĐỒNG SỐ @{toUpper( outputs('Get_item_Contract')?['body/Title'])}",
                      "emailMessage/Body": "<p><strong>Kính gởi các anh/chị,<br>\n<br>\n</strong>Hợp đồng số <strong></strong><strong>@{outputs('Get_item_Contract')?['body/Title']}</strong><strong></strong> vừa được chỉnh sửa. Đây là thông tin chi tiết:<br>\n<br>\n@{outputs('Compose_Template_Table_Contract_for_sale,_kt')}<br>\n<br>\nMọi chi tiết thắc mắc cần hỗ trợ, Anh/Chị vui lòng liên hệ:<br>\nEmail: Hptservice@hpt.vn<br>\nTrân trọng!</p>",
                      "emailMessage/Importance": "Normal"
                    },
                    "authentication": "@parameters('$authentication')"
                  }
                }
              }
            }
          },
          "default": {
            "actions": {}
          },
          "expression": "@triggerBody()['text']",
          "metadata": {
            "operationMetadataId": "7d5a08e6-3cd5-475d-a762-a486ab4fd597"
          },
          "type": "Switch"
        },
        "Compose_Template_Table_Contract": {
          "runAfter": {
            "Create_HTML_table:_to_list_lịch_thanh_toán": [
              "Succeeded"
            ]
          },
          "metadata": {
            "operationMetadataId": "2baffde1-fba3-4693-977e-b74a13b8e107"
          },
          "type": "Compose",
          "inputs": "<style>\n  table {\n    border: 1px solid #1C6EA4;\n    background-color: #EEEEEE;\n    width: 100%;\n    text-align: left;\n    border-collapse: collapse;\n  }\n  table td, table th {\n    border: 1px solid #AAAAAA;\n    padding: 3px 2px;\n  }\n  table tbody td {\n    font-size: 13px;\n  }\n  table thead {\n    background: #1C6EA4;\n    border-bottom: 2px solid #444444;\n  }\n  table thead th {\n    font-size: 15px;\n    font-weight: bold;\n    color: #FFFFFF;\n    border-left: 2px solid #D0E4F5;\n  }\n  table thead th:first-child {\n    border-left: none;\n  }\n  .lbltotalprice{\n  color: #ff0000;\n   font-size: 15px;\n  }\n  .totalprice{\n  background: #1C6EA4;\n    border: 2px solid #444444;\n   font-size: 13px;\n  }\n  </style>\n<h2 style=\"text-align: center;\">HỢP ĐỒNG</h2>\n<table>\n  <tr>\n    <td>Số hợp đồng: @{outputs('Get_item_Contract')?['body/Title']}</td>\n    <td>Mô tả thiết bị, dịch vụ: @{outputs('Get_item_Contract')?['body/MoTaTBDV']}</td>\n  </tr>\n<tr>\n    <td>Mã vụ việc: @{outputs('Get_item_Contract')?['body/MaVuViec']}</td>\n    <td>Mã hợp đồng: @{outputs('Get_item_Contract')?['body/MaHopDong']}</td>\n  </tr>\n<tr>\n    <td>Kỹ thuật: @{outputs('Get_item_Contract')?['body/KyThuat/Email']}</td>\n    <td>Phòng kỹ thuật: @{outputs('Get_item_Contract')?['body/PhongKyThuat/Value']}</td>\n  </tr>\n<tr>\n    <td>Khách hàng: @{outputs('Get_item_Contract')?['body/KhachHang/Value']}</td>\n    <td>Sản phẩm dịch vụ: @{outputs('Get_item_Contract')?['body/SanPhamDichVu/Value']}</td>\n  </tr>\n  <tr>\n    <td>Ngày ký hợp đồng: @{if(\n    and(\n        not(equals(outputs('Get_item_Contract')?['body/NgayKyHD'], null)),\n        not(empty(outputs('Get_item_Contract')?['body/NgayKyHD']))\n    ),\n    formatDateTime(outputs('Get_item_Contract')?['body/NgayKyHD'],'dd/MM/yyyy'),\n    null\n)}</td>\n    <td>Ngày kết thúc dịch vụ: @{if(\n    and(\n        not(equals(outputs('Get_item_Contract')?['body/NgayKetThucDichVu'], null)),\n        not(empty(outputs('Get_item_Contract')?['body/NgayKetThucDichVu']))\n    ),\n    formatDateTime(outputs('Get_item_Contract')?['body/NgayKetThucDichVu'],'dd/MM/yyyy'),\n    null\n)}</td>\n  </tr>\n \n</table>"
        },
        "Compose_Template_Table_Contract_for_sale,_kt": {
          "runAfter": {
            "Compose_Template_Table_Contract": [
              "Succeeded"
            ]
          },
          "metadata": {
            "operationMetadataId": "2baffde1-fba3-4693-977e-b74a13b8e107"
          },
          "type": "Compose",
          "inputs": "<style>\n  table {\n    border: 1px solid #1C6EA4;\n    background-color: #EEEEEE;\n    width: 100%;\n    text-align: left;\n    border-collapse: collapse;\n  }\n  table td, table th {\n    border: 1px solid #AAAAAA;\n    padding: 3px 2px;\n  }\n  table tbody td {\n    font-size: 13px;\n  }\n  table thead {\n    background: #1C6EA4;\n    border-bottom: 2px solid #444444;\n  }\n  table thead th {\n    font-size: 15px;\n    font-weight: bold;\n    color: #FFFFFF;\n    border-left: 2px solid #D0E4F5;\n  }\n  table thead th:first-child {\n    border-left: none;\n  }\n  .lbltotalprice{\n  color: #ff0000;\n   font-size: 15px;\n  }\n  .totalprice{\n  background: #1C6EA4;\n    border: 2px solid #444444;\n   font-size: 13px;\n  }\n  </style>\n<h2 style=\"text-align: center;\">HỢP ĐỒNG</h2>\n<table>\n  <tr>\n    <td>Số hợp đồng: @{outputs('Get_item_Contract')?['body/Title']}</td>\n    <td>Mô tả thiết bị, dịch vụ: @{outputs('Get_item_Contract')?['body/MoTaTBDV']}</td>\n  </tr>\n<tr>\n    <td>Mã vụ việc: @{outputs('Get_item_Contract')?['body/MaVuViec']}</td>\n    <td>Mã hợp đồng: @{outputs('Get_item_Contract')?['body/MaHopDong']}</td>\n  </tr>\n<tr>\n    <td>Kỹ thuật: @{outputs('Get_item_Contract')?['body/KyThuat/Email']}</td>\n    <td>Phòng kỹ thuật: @{outputs('Get_item_Contract')?['body/PhongKyThuat/Value']}</td>\n  </tr>\n<tr>\n    <td>Khách hàng: @{outputs('Get_item_Contract')?['body/KhachHang/Value']}</td>\n    <td>Sản phẩm dịch vụ: @{outputs('Get_item_Contract')?['body/SanPhamDichVu/Value']}</td>\n  </tr>\n  <tr>\n   <td>Ngày bắt đầu dịch vụ: @{if(\n    and(\n        not(equals(outputs('Get_item_Contract')?['body/NgayBatDauDichVu'], null)),\n        not(empty(outputs('Get_item_Contract')?['body/NgayBatDauDichVu']))\n    ),\n    formatDateTime(outputs('Get_item_Contract')?['body/NgayBatDauDichVu'],'dd/MM/yyyy'),\n    null\n)}</td>\n    <td>Ngày kết thúc dịch vụ: @{if(\n    and(\n        not(equals(outputs('Get_item_Contract')?['body/NgayKetThucDichVu'], null)),\n        not(empty(outputs('Get_item_Contract')?['body/NgayKetThucDichVu']))\n    ),\n    formatDateTime(outputs('Get_item_Contract')?['body/NgayKetThucDichVu'],'dd/MM/yyyy'),\n    null\n)}</td>\n  </tr>\n<tr>\n    <td style=\"color:red\" colspan=\"2\">\n  <strong>Lưu ý: @{outputs('Get_item_Contract')?['body/Luuy']}</strong><br>\n  Nếu có thắc mắc phần lưu ý trên, vui lòng liên hệ như sau: <br>\n  Email: hptservice@hpt.vn<br>\n  Trân trọng!<br>\n</td>\n\n  </tr>\n \n</table>"
        },
        "Initialize_variable": {
          "runAfter": {
            "Compose_Template_Table_Contract_for_ketoan": [
              "Succeeded"
            ]
          },
          "metadata": {
            "operationMetadataId": "4097b99b-cacd-4efb-a2f3-d08b64bd2569"
          },
          "type": "InitializeVariable",
          "inputs": {
            "variables": [
              {
                "name": "AttachmentsArray",
                "type": "array"
              }
            ]
          }
        },
        "Get_items_:_to_list_lịch_thanh_toán": {
          "runAfter": {
            "Get_item_Contract": [
              "Succeeded"
            ]
          },
          "metadata": {
            "operationMetadataId": "bc8725a8-bb3e-4cfc-a031-2d453ac3504d"
          },
          "type": "OpenApiConnection",
          "inputs": {
            "host": {
              "connectionName": "shared_sharepointonline",
              "operationId": "GetItems",
              "apiId": "/providers/Microsoft.PowerApps/apis/shared_sharepointonline"
            },
            "parameters": {
              "dataset": "@parameters('Site Contract Development - https://hptvn.sharepoint.com/teams/mppdev/contract (contract_shared_sharepointonline_ba8a92bb5f984c4a9e12b8ebbe150b7e)')",
              "table": "@parameters('List Data Lịch thanh toán (new_shared_sharepointonline_5f4b15a58b9046d4b7f82734d3274b93)')",
              "$filter": "IDHopDong eq @{triggerBody()['number_1']}",
              "$orderby": "NgayDuKienXHD asc, ID desc  "
            },
            "authentication": "@parameters('$authentication')"
          },
          "runtimeConfiguration": {
            "paginationPolicy": {
              "minimumItemCount": 5000
            }
          }
        },
        "Select_:_to_list_lịch_thanh_toán": {
          "runAfter": {
            "Get_items_:_to_list_lịch_thanh_toán": [
              "Succeeded"
            ]
          },
          "metadata": {
            "operationMetadataId": "baaa8b10-413b-4477-8caf-6a40906e398c"
          },
          "type": "Select",
          "inputs": {
            "from": "@outputs('Get_items_:_to_list_lịch_thanh_toán')?['body/value']",
            "select": {
              "Nội dung thanh toán": "@item()?['Title']",
              "Số hóa đơn": "@item()?['SoHoaDon']",
              "Giá trị dự kiến": "@if(and(not(equals(item()?['GiaTriDuKien'], null)), not(empty(string(item()?['GiaTriDuKien'])))), formatNumber(item()?['GiaTriDuKien'], 'N0', 'en-US'), null)",
              "Giá trị thực tế": "@if(and(not(equals(item()?['GiaTriThucTe'], null)), not(empty(string(item()?['GiaTriThucTe'])))), formatNumber(item()?['GiaTriThucTe'], 'N0', 'en-US'), null)",
              "Ngày dự kiến XHĐ": "@if(and(not(equals(item()?['NgayDuKienXHD'], null)), not(empty(item()?['NgayDuKienXHD']))), formatDateTime(item()?['NgayDuKienXHD'], 'dd/MM/yyyy'), null)",
              "Ngày thực tế XHD": "@if(and(not(equals(item()?['NgayThucTeXH_x0110_'], null)), not(empty(item()?['NgayThucTeXH_x0110_']))), formatDateTime(item()?['NgayThucTeXH_x0110_'], 'dd/MM/yyyy'), null)",
              "Tình trạng": "@item()?['TinhTrang/Value']"
            }
          }
        },
        "Create_HTML_table:_to_list_lịch_thanh_toán": {
          "runAfter": {
            "Select_:_to_list_lịch_thanh_toán": [
              "Succeeded"
            ]
          },
          "metadata": {
            "operationMetadataId": "8cd26651-2722-4b59-915f-f69a73de95b6"
          },
          "type": "Table",
          "inputs": {
            "from": "@body('Select_:_to_list_lịch_thanh_toán')",
            "format": "HTML"
          }
        },
        "Compose_Template_Table_Contract_for_ketoan": {
          "runAfter": {
            "Compose_Template_Table_Contract_for_sale,_kt": [
              "Succeeded"
            ]
          },
          "metadata": {
            "operationMetadataId": "2baffde1-fba3-4693-977e-b74a13b8e107"
          },
          "type": "Compose",
          "inputs": "<style>\n  table {\n    border: 1px solid #1C6EA4;\n    background-color: #EEEEEE;\n    width: 100%;\n    text-align: left;\n    border-collapse: collapse;\n  }\n  table td, table th {\n    border: 1px solid #AAAAAA;\n    padding: 3px 2px;\n  }\n  table tbody td {\n    font-size: 13px;\n  }\n  table thead {\n    background: #1C6EA4;\n    border-bottom: 2px solid #444444;\n  }\n  table thead th {\n    font-size: 15px;\n    font-weight: bold;\n    color: #FFFFFF;\n    border-left: 2px solid #D0E4F5;\n  }\n  table thead th:first-child {\n    border-left: none;\n  }\n  .lbltotalprice{\n  color: #ff0000;\n   font-size: 15px;\n  }\n  .totalprice{\n  background: #1C6EA4;\n    border: 2px solid #444444;\n   font-size: 13px;\n  }\n  </style>\n<h2 style=\"text-align: center;\">HỢP ĐỒNG</h2>\n<table>\n  <tr>\n    <td>Số hợp đồng: @{outputs('Get_item_Contract')?['body/Title']}</td>\n    <td>Mô tả thiết bị, dịch vụ: @{outputs('Get_item_Contract')?['body/MoTaTBDV']}</td>\n  </tr>\n<tr>\n    <td>Mã vụ việc: @{outputs('Get_item_Contract')?['body/MaVuViec']}</td>\n    <td>Mã hợp đồng: @{outputs('Get_item_Contract')?['body/MaHopDong']}</td>\n  </tr>\n<tr>\n    <td>Kỹ thuật: @{outputs('Get_item_Contract')?['body/KyThuat/Email']}</td>\n    <td>Phòng kỹ thuật: @{outputs('Get_item_Contract')?['body/PhongKyThuat/Value']}</td>\n  </tr>\n<tr>\n    <td>Khách hàng: @{outputs('Get_item_Contract')?['body/KhachHang/Value']}</td>\n    <td>Sản phẩm dịch vụ: @{outputs('Get_item_Contract')?['body/SanPhamDichVu/Value']}</td>\n  </tr>\n  <tr>\n    <td>Ngày bắt đầu dịch vụ: @{if(\n    and(\n        not(equals(outputs('Get_item_Contract')?['body/NgayBatDauDichVu'], null)),\n        not(empty(outputs('Get_item_Contract')?['body/NgayBatDauDichVu']))\n    ),\n    formatDateTime(outputs('Get_item_Contract')?['body/NgayBatDauDichVu'],'dd/MM/yyyy'),\n    null\n)}</td>\n    <td>Ngày kết thúc dịch vụ: @{if(\n    and(\n        not(equals(outputs('Get_item_Contract')?['body/NgayKetThucDichVu'], null)),\n        not(empty(outputs('Get_item_Contract')?['body/NgayKetThucDichVu']))\n    ),\n    formatDateTime(outputs('Get_item_Contract')?['body/NgayKetThucDichVu'],'dd/MM/yyyy'),\n    null\n)}</td>\n  </tr>\n<tr>\n    <td style=\"colspan=\"2\">\nGhi chú: @{outputs('Get_item_Contract')?['body/GhiChu']}\n</td>\n  </tr>\n \n</table>"
        }
      }
    },
    "templateName": ""
  },
  "schemaVersion": "1.0.0.0"
}