{
  "properties": {
    "connectionReferences": {
      "shared_sharepointonline_1": {
        "runtimeSource": "embedded",
        "connection": {
          "connectionReferenceLogicalName": "contract_sharedsharepointonline_5ddc3"
        },
        "api": {
          "name": "shared_sharepointonline"
        }
      },
      "shared_onedriveforbusiness": {
        "runtimeSource": "embedded",
        "connection": {
          "connectionReferenceLogicalName": "contract_sharedonedriveforbusiness_1b6a8"
        },
        "api": {
          "name": "shared_onedriveforbusiness"
        }
      },
      "shared_excelonlinebusiness": {
        "runtimeSource": "embedded",
        "connection": {
          "connectionReferenceLogicalName": "contract_sharedexcelonlinebusiness_18295"
        },
        "api": {
          "name": "shared_excelonlinebusiness"
        }
      }
    },
    "definition": {
      "$schema": "https://schema.management.azure.com/providers/Microsoft.Logic/schemas/2016-06-01/workflowdefinition.json#",
      "contentVersion": "1.0.0.0",
      "parameters": {
        "$connections": {
          "defaultValue": {},
          "type": "Object"
        },
        "$authentication": {
          "defaultValue": {},
          "type": "SecureObject"
        },
        "Site Contract Development - https://hptvn.sharepoint.com/teams/mppdev/contract (contract_shared_sharepointonline_ba8a92bb5f984c4a9e12b8ebbe150b7e)": {
          "defaultValue": "https://hptvn.sharepoint.com/teams/mppdev/contract",
          "type": "String",
          "metadata": {
            "schemaName": "contract_shared_sharepointonline_ba8a92bb5f984c4a9e12b8ebbe150b7e"
          }
        }
      },
      "triggers": {
        "manual": {
          "metadata": {
            "operationMetadataId": "156ea2f7-db18-4a54-bdbb-b8241e702c3d"
          },
          "type": "Request",
          "kind": "PowerAppV2",
          "inputs": {
            "schema": {
              "type": "object",
              "properties": {
                "text": {
                  "title": "InputJson",
                  "type": "string",
                  "x-ms-dynamically-added": true,
                  "description": "Please enter your input",
                  "x-ms-content-hint": "TEXT"
                },
                "text_1": {
                  "title": "InputTypeDate",
                  "type": "string",
                  "x-ms-dynamically-added": true,
                  "description": "Please enter your input",
                  "x-ms-content-hint": "TEXT"
                }
              },
              "required": [
                "text",
                "text_1"
              ]
            }
          }
        }
      },
      "actions": {
        "Condition": {
          "actions": {
            "Scope_export_excel_List_Kế_hoạch_bảo_trì": {
              "actions": {
                "Parse_JSON:_Get_Json_KHBT": {
                  "runAfter": {},
                  "metadata": {
                    "operationMetadataId": "28c3b21a-adbd-4539-97ce-5939ca741110"
                  },
                  "type": "ParseJson",
                  "inputs": {
                    "content": "@triggerBody()['text']",
                    "schema": {
                      "type": "array",
                      "items": {
                        "type": "object",
                        "properties": {
                          "Ngày bảo trì": {
                            "type": "string"
                          },
                          "Địa điểm": {
                            "type": "string"
                          },
                          "Người liên hệ": {
                            "type": "string"
                          },
                          "Công việc": {
                            "type": "string"
                          },
                          "Phụ trách": {
                            "type": "string"
                          },
                          "Số hợp đồng": {
                            "type": "string"
                          },
                          "Đợt": {
                            "type": "string"
                          }
                        }
                      }
                    }
                  }
                },
                "Select:_Data_json": {
                  "runAfter": {
                    "Parse_JSON:_Get_Json_KHBT": [
                      "Succeeded"
                    ]
                  },
                  "metadata": {
                    "operationMetadataId": "b1e70306-ea1a-4b16-9ee8-0c7881773647"
                  },
                  "type": "Select",
                  "inputs": {
                    "from": "@body('Parse_JSON:_Get_Json_KHBT')",
                    "select": {
                      "Ngày bảo trì": "@item()?['Ngày bảo trì']",
                      "Địa điểm": "@item()?['Địa điểm']",
                      "Người liên hệ": "@item()?['Người liên hệ']",
                      "Công việc": "@item()?['Công việc']",
                      "Phụ trách": "@item()?['Phụ trách']",
                      "Số hợp đồng": "@item()?['Số hợp đồng']",
                      "Đợt": "@item()?['Đợt']"
                    }
                  }
                },
                "Compose:_Data_json_KHBT": {
                  "runAfter": {
                    "Select:_Data_json": [
                      "Succeeded"
                    ]
                  },
                  "metadata": {
                    "operationMetadataId": "a10cbc6f-beca-4314-b0e2-5fc4d0662240"
                  },
                  "type": "Compose",
                  "inputs": "@body('Select:_Data_json')"
                },
                "Get_file_content:_KHBT": {
                  "runAfter": {
                    "Compose:_Data_json_KHBT": [
                      "Succeeded"
                    ]
                  },
                  "metadata": {
                    "%252fShared%2bDocuments%252fTemplateExport%252fTemplateExportHD.xlsx": "/Shared Documents/TemplateExport/TemplateExportHD.xlsx",
                    "operationMetadataId": "4f65c51f-6bbe-48a1-b067-dc287bbbd262",
                    "%252fShared%2bDocuments%252fTemplateExport%252fTemplateExportKHBT.xlsx": "/Shared Documents/TemplateExport/TemplateExportKHBT.xlsx"
                  },
                  "type": "OpenApiConnection",
                  "inputs": {
                    "host": {
                      "connectionName": "shared_sharepointonline_1",
                      "operationId": "GetFileContent",
                      "apiId": "/providers/Microsoft.PowerApps/apis/shared_sharepointonline"
                    },
                    "parameters": {
                      "dataset": "@parameters('Site Contract Development - https://hptvn.sharepoint.com/teams/mppdev/contract (contract_shared_sharepointonline_ba8a92bb5f984c4a9e12b8ebbe150b7e)')",
                      "id": "%252fShared%2bDocuments%252fTemplateExport%252fTemplateExportKHBT.xlsx",
                      "inferContentType": true
                    },
                    "authentication": "@parameters('$authentication')"
                  }
                },
                "Create_file:_Export_KHBT": {
                  "runAfter": {
                    "Get_file_content:_KHBT": [
                      "Succeeded"
                    ]
                  },
                  "metadata": {
                    "operationMetadataId": "f0f00a6c-53cb-42b0-8634-e2a9a2248f59"
                  },
                  "type": "OpenApiConnection",
                  "inputs": {
                    "host": {
                      "connectionName": "shared_onedriveforbusiness",
                      "operationId": "CreateFile",
                      "apiId": "/providers/Microsoft.PowerApps/apis/shared_onedriveforbusiness"
                    },
                    "parameters": {
                      "folderPath": "/Apps/QLHD/List Hợp đồng",
                      "name": "ListMaintence_@{utcNow()}.xlsx",
                      "body": "@body('Get_file_content:_KHBT')"
                    },
                    "authentication": "@parameters('$authentication')"
                  },
                  "runtimeConfiguration": {
                    "contentTransfer": {
                      "transferMode": "Chunked"
                    }
                  }
                },
                "Create_share_link:_Export_KHBT": {
                  "runAfter": {
                    "Create_file:_Export_KHBT": [
                      "Succeeded"
                    ]
                  },
                  "metadata": {
                    "operationMetadataId": "f24a10bf-0d3d-45ad-ae25-ea15a412da9a"
                  },
                  "type": "OpenApiConnection",
                  "inputs": {
                    "host": {
                      "connectionName": "shared_onedriveforbusiness",
                      "operationId": "CreateShareLinkV2",
                      "apiId": "/providers/Microsoft.PowerApps/apis/shared_onedriveforbusiness"
                    },
                    "parameters": {
                      "id": "@outputs('Create_file:_Export_KHBT')?['body/Id']",
                      "type": "Edit",
                      "scope": "Organization"
                    },
                    "authentication": "@parameters('$authentication')"
                  }
                },
                "Get_file_metadata:_Export_KHBT": {
                  "runAfter": {
                    "Create_share_link:_Export_KHBT": [
                      "Succeeded"
                    ]
                  },
                  "metadata": {
                    "operationMetadataId": "0e093335-075d-4208-b2b0-62522ab46c70"
                  },
                  "type": "OpenApiConnection",
                  "inputs": {
                    "host": {
                      "connectionName": "shared_onedriveforbusiness",
                      "operationId": "GetFileMetadata",
                      "apiId": "/providers/Microsoft.PowerApps/apis/shared_onedriveforbusiness"
                    },
                    "parameters": {
                      "id": "@outputs('Create_file:_Export_KHBT')?['body/Id']"
                    },
                    "authentication": "@parameters('$authentication')"
                  }
                },
                "Run_script:_Export_KHBT": {
                  "runAfter": {
                    "Get_file_metadata:_Export_KHBT": [
                      "Succeeded"
                    ]
                  },
                  "metadata": {
                    "operationMetadataId": "b87dcfce-31f1-4a93-aa46-7662fbb2f466",
                    "tableId": null
                  },
                  "type": "OpenApiConnection",
                  "inputs": {
                    "host": {
                      "connectionName": "shared_excelonlinebusiness",
                      "operationId": "RunScriptProd",
                      "apiId": "/providers/Microsoft.PowerApps/apis/shared_excelonlinebusiness"
                    },
                    "parameters": {
                      "source": "me",
                      "drive": "b!g3ybvyErU0G2dYxVQpSiosLgp1UaVrRIsEGpowxHJzQbUT3pKyGmTaEd23FrL7Rl",
                      "file": "@outputs('Get_file_metadata:_Export_KHBT')?['body/Id']",
                      "scriptId": "ms-officescript%3A%2F%2Fonedrive_business_itemlink%2F01HNXHWO2FUJ34QEAZSFBZZYBZW4AKV2EI",
                      "ScriptParameters/strJSON": "@outputs('Compose:_Data_json_KHBT')"
                    },
                    "authentication": "@parameters('$authentication')"
                  }
                },
                "Respond_to_a_Power_App_or_flow:_Export_KHBT": {
                  "runAfter": {
                    "Run_script:_Export_KHBT": [
                      "Succeeded"
                    ]
                  },
                  "metadata": {
                    "operationMetadataId": "a83db53d-65d9-4a14-b882-054bd5837f9a"
                  },
                  "type": "Response",
                  "kind": "PowerApp",
                  "inputs": {
                    "statusCode": 200,
                    "body": {
                      "url": "@outputs('Create_share_link:_Export_KHBT')?['body/WebUrl']"
                    },
                    "schema": {
                      "type": "object",
                      "properties": {
                        "url": {
                          "title": "Url",
                          "x-ms-dynamically-added": true,
                          "type": "string"
                        }
                      }
                    }
                  }
                }
              },
              "runAfter": {},
              "metadata": {
                "operationMetadataId": "8e53148b-bbcd-4c6c-9ae7-f46888b88f5b"
              },
              "type": "Scope"
            }
          },
          "runAfter": {},
          "else": {
            "actions": {
              "Scope_export_excel_List_Contact": {
                "actions": {
                  "Parse_JSON": {
                    "runAfter": {},
                    "metadata": {
                      "operationMetadataId": "28c3b21a-adbd-4539-97ce-5939ca741110"
                    },
                    "type": "ParseJson",
                    "inputs": {
                      "content": "@triggerBody()['text']",
                      "schema": {
                        "type": "array",
                        "items": {
                          "type": "object",
                          "properties": {
                            "Số hợp đồng": {
                              "type": "string"
                            },
                            "Khách hàng": {
                              "type": "string"
                            },
                            "Ngày ký hợp đồng": {
                              "type": "string"
                            },
                            "Ngày kết thúc dịch vụ": {
                              "type": "string"
                            },
                            "Mã vụ việc": {
                              "type": "string"
                            },
                            "Ngày bắt đầu dịch vụ": {
                              "type": "string"
                            },
                            "Giá trị hợp đồng (chưa VAT)": {
                              "type": "string"
                            },
                            "Giá trị hợp đồng (có VAT)": {
                              "type": "string"
                            },
                            "Tên AM": {
                              "type": "string"
                            },
                            "Phòng kinh doanh": {
                              "type": "string"
                            },
                            "Người tạo": {
                              "type": "string"
                            },
                            "Người sửa": {
                              "type": "string"
                            },
                            "Ngày tạo": {
                              "type": "string"
                            },
                            "Ngày sửa": {
                              "type": "string"
                            }
                          }
                        }
                      }
                    }
                  },
                  "Select": {
                    "runAfter": {
                      "Parse_JSON": [
                        "Succeeded"
                      ]
                    },
                    "metadata": {
                      "operationMetadataId": "b1e70306-ea1a-4b16-9ee8-0c7881773647"
                    },
                    "type": "Select",
                    "inputs": {
                      "from": "@body('Parse_JSON')",
                      "select": {
                        "Mã vụ việc": "@item()?['Mã vụ việc']",
                        "Số hợp đồng": "@item()?['Số hợp đồng']",
                        "Ngày ký hợp đồng": "@item()?['Ngày ký hợp đồng']",
                        "Ngày bắt đầu dịch vụ": "@item()?['Ngày bắt đầu dịch vụ']",
                        "Ngày kết thúc dịch vụ": "@item()?['Ngày kết thúc dịch vụ']",
                        "Khách hàng": "@item()?['Khách hàng']",
                        "Phòng kinh doanh": "@item()?['Phòng kinh doanh']",
                        "Tên AM": "@item()?['Tên AM']",
                        "Ngày tạo": "@item()?['Ngày tạo']",
                        "Ngày sửa": "@item()?['Ngày sửa']",
                        "Người tạo": "@item()?['Người tạo']",
                        "Người sửa": "@item()?['Người sửa']",
                        "Giá trị hợp đồng (chưa VAT)": "@item()?['Giá trị hợp đồng (chưa VAT)']",
                        "Giá trị hợp đồng (có VAT)": "@item()?['Giá trị hợp đồng (có VAT)']"
                      }
                    }
                  },
                  "Compose": {
                    "runAfter": {
                      "Select": [
                        "Succeeded"
                      ]
                    },
                    "metadata": {
                      "operationMetadataId": "a10cbc6f-beca-4314-b0e2-5fc4d0662240"
                    },
                    "type": "Compose",
                    "inputs": "@body('Select')"
                  },
                  "Get_file_content": {
                    "runAfter": {
                      "Compose": [
                        "Succeeded"
                      ]
                    },
                    "metadata": {
                      "%252fShared%2bDocuments%252fTemplateExport%252fTemplateExportHD.xlsx": "/Shared Documents/TemplateExport/TemplateExportHD.xlsx",
                      "operationMetadataId": "4f65c51f-6bbe-48a1-b067-dc287bbbd262"
                    },
                    "type": "OpenApiConnection",
                    "inputs": {
                      "host": {
                        "connectionName": "shared_sharepointonline_1",
                        "operationId": "GetFileContent",
                        "apiId": "/providers/Microsoft.PowerApps/apis/shared_sharepointonline"
                      },
                      "parameters": {
                        "dataset": "@parameters('Site Contract Development - https://hptvn.sharepoint.com/teams/mppdev/contract (contract_shared_sharepointonline_ba8a92bb5f984c4a9e12b8ebbe150b7e)')",
                        "id": "%252fShared%2bDocuments%252fTemplateExport%252fTemplateExportHD.xlsx",
                        "inferContentType": true
                      },
                      "authentication": "@parameters('$authentication')"
                    }
                  },
                  "Create_file": {
                    "runAfter": {
                      "Get_file_content": [
                        "Succeeded"
                      ]
                    },
                    "metadata": {
                      "operationMetadataId": "f0f00a6c-53cb-42b0-8634-e2a9a2248f59"
                    },
                    "type": "OpenApiConnection",
                    "inputs": {
                      "host": {
                        "connectionName": "shared_onedriveforbusiness",
                        "operationId": "CreateFile",
                        "apiId": "/providers/Microsoft.PowerApps/apis/shared_onedriveforbusiness"
                      },
                      "parameters": {
                        "folderPath": "/Apps/QLHD/List Hợp đồng",
                        "name": "ListContract_@{utcNow()}.xlsx",
                        "body": "@body('Get_file_content')"
                      },
                      "authentication": "@parameters('$authentication')"
                    },
                    "runtimeConfiguration": {
                      "contentTransfer": {
                        "transferMode": "Chunked"
                      }
                    }
                  },
                  "Create_share_link": {
                    "runAfter": {
                      "Create_file": [
                        "Succeeded"
                      ]
                    },
                    "metadata": {
                      "operationMetadataId": "f24a10bf-0d3d-45ad-ae25-ea15a412da9a"
                    },
                    "type": "OpenApiConnection",
                    "inputs": {
                      "host": {
                        "connectionName": "shared_onedriveforbusiness",
                        "operationId": "CreateShareLinkV2",
                        "apiId": "/providers/Microsoft.PowerApps/apis/shared_onedriveforbusiness"
                      },
                      "parameters": {
                        "id": "@outputs('Create_file')?['body/Id']",
                        "type": "Edit",
                        "scope": "Organization"
                      },
                      "authentication": "@parameters('$authentication')"
                    }
                  },
                  "Get_file_metadata": {
                    "runAfter": {
                      "Create_share_link": [
                        "Succeeded"
                      ]
                    },
                    "metadata": {
                      "operationMetadataId": "0e093335-075d-4208-b2b0-62522ab46c70"
                    },
                    "type": "OpenApiConnection",
                    "inputs": {
                      "host": {
                        "connectionName": "shared_onedriveforbusiness",
                        "operationId": "GetFileMetadata",
                        "apiId": "/providers/Microsoft.PowerApps/apis/shared_onedriveforbusiness"
                      },
                      "parameters": {
                        "id": "@outputs('Create_file')?['body/Id']"
                      },
                      "authentication": "@parameters('$authentication')"
                    }
                  },
                  "Run_script": {
                    "runAfter": {
                      "Get_file_metadata": [
                        "Succeeded"
                      ]
                    },
                    "metadata": {
                      "operationMetadataId": "b87dcfce-31f1-4a93-aa46-7662fbb2f466",
                      "tableId": null
                    },
                    "type": "OpenApiConnection",
                    "inputs": {
                      "host": {
                        "connectionName": "shared_excelonlinebusiness",
                        "operationId": "RunScriptProd",
                        "apiId": "/providers/Microsoft.PowerApps/apis/shared_excelonlinebusiness"
                      },
                      "parameters": {
                        "source": "me",
                        "drive": "b!g3ybvyErU0G2dYxVQpSiosLgp1UaVrRIsEGpowxHJzQbUT3pKyGmTaEd23FrL7Rl",
                        "file": "@outputs('Get_file_metadata')?['body/Id']",
                        "scriptId": "ms-officescript%3A%2F%2Fonedrive_business_itemlink%2F01HNXHWO2FUJ34QEAZSFBZZYBZW4AKV2EI",
                        "ScriptParameters/strJSON": "@outputs('Compose')"
                      },
                      "authentication": "@parameters('$authentication')"
                    }
                  },
                  "Respond_to_a_Power_App_or_flow": {
                    "runAfter": {
                      "Run_script": [
                        "Succeeded"
                      ]
                    },
                    "metadata": {
                      "operationMetadataId": "a83db53d-65d9-4a14-b882-054bd5837f9a"
                    },
                    "type": "Response",
                    "kind": "PowerApp",
                    "inputs": {
                      "statusCode": 200,
                      "body": {
                        "url": "@outputs('Create_share_link')?['body/WebUrl']"
                      },
                      "schema": {
                        "type": "object",
                        "properties": {
                          "url": {
                            "title": "Url",
                            "x-ms-dynamically-added": true,
                            "type": "string"
                          }
                        }
                      }
                    }
                  }
                },
                "runAfter": {},
                "metadata": {
                  "operationMetadataId": "28bafdda-7809-42da-80b2-89f73cd9a8cb"
                },
                "type": "Scope"
              }
            }
          },
          "expression": {
            "equals": [
              "@triggerBody()['text_1']",
              "Ngày dự kiến bảo trì"
            ]
          },
          "metadata": {
            "operationMetadataId": "93236098-d0f0-41f5-a98f-609f5e59f36d"
          },
          "type": "If"
        }
      }
    },
    "templateName": ""
  },
  "schemaVersion": "1.0.0.0"
}