{
  "properties": {
    "connectionReferences": {
      "shared_sharepointonline_1": {
        "runtimeSource": "embedded",
        "connection": {
          "connectionReferenceLogicalName": "contract_sharedsharepointonline_5ddc3"
        },
        "api": {
          "name": "shared_sharepointonline"
        }
      },
      "shared_office365": {
        "runtimeSource": "embedded",
        "connection": {
          "connectionReferenceLogicalName": "cmp_sharedoffice365_5e5f7"
        },
        "api": {
          "name": "shared_office365"
        }
      }
    },
    "definition": {
      "$schema": "https://schema.management.azure.com/providers/Microsoft.Logic/schemas/2016-06-01/workflowdefinition.json#",
      "contentVersion": "1.0.0.0",
      "parameters": {
        "$connections": {
          "defaultValue": {},
          "type": "Object"
        },
        "$authentication": {
          "defaultValue": {},
          "type": "SecureObject"
        },
        "Site Contract Development - https://hptvn.sharepoint.com/teams/mppdev/contract (contract_shared_sharepointonline_ba8a92bb5f984c4a9e12b8ebbe150b7e)": {
          "defaultValue": "https://hptvn.sharepoint.com/teams/mppdev/contract",
          "type": "String",
          "metadata": {
            "schemaName": "contract_shared_sharepointonline_ba8a92bb5f984c4a9e12b8ebbe150b7e"
          }
        },
        "List Data Lịch thanh toán (new_shared_sharepointonline_5f4b15a58b9046d4b7f82734d3274b93)": {
          "defaultValue": "091f36f1-bf80-4e87-bba9-d457bdc2f66f",
          "type": "String",
          "metadata": {
            "schemaName": "new_shared_sharepointonline_5f4b15a58b9046d4b7f82734d3274b93"
          }
        },
        "List Data Contract (contract_shared_sharepointonline_af7e0287396a4264bf84ac3bb4d1bb35)": {
          "defaultValue": "3f1d5884-1363-4877-a3a6-87eea2435b5e",
          "type": "String",
          "metadata": {
            "schemaName": "contract_shared_sharepointonline_af7e0287396a4264bf84ac3bb4d1bb35"
          }
        }
      },
      "triggers": {
        "Recurrence": {
          "recurrence": {
            "frequency": "Day",
            "interval": 1,
            "startTime": "2025-04-02T03:00:00Z"
          },
          "metadata": {
            "operationMetadataId": "b142eee0-a3b6-4955-938c-904d528df607"
          },
          "type": "Recurrence"
        }
      },
      "actions": {
        "Get_items_LichThanhToan_quahan": {
          "runAfter": {},
          "metadata": {
            "operationMetadataId": "00781271-4bc9-43b6-9546-25be0432e19c"
          },
          "type": "OpenApiConnection",
          "inputs": {
            "host": {
              "connectionName": "shared_sharepointonline_1",
              "operationId": "GetItems",
              "apiId": "/providers/Microsoft.PowerApps/apis/shared_sharepointonline"
            },
            "parameters": {
              "dataset": "@parameters('Site Contract Development - https://hptvn.sharepoint.com/teams/mppdev/contract (contract_shared_sharepointonline_ba8a92bb5f984c4a9e12b8ebbe150b7e)')",
              "table": "@parameters('List Data Lịch thanh toán (new_shared_sharepointonline_5f4b15a58b9046d4b7f82734d3274b93)')",
              "$filter": "(NgayDuKienXHD eq '@{addDays(utcNow(),3)}' and TinhTrang eq 'Chưa xuất hóa đơn')  \nor  \n(NgayDuKienXHD lt '@{utcNow()}' and NgayThucTeXH_x0110_ eq null and TinhTrang eq 'Chưa xuất hóa đơn')\n"
            },
            "authentication": "@parameters('$authentication')"
          },
          "runtimeConfiguration": {
            "paginationPolicy": {
              "minimumItemCount": 5000
            }
          }
        },
        "Select": {
          "runAfter": {
            "Get_items_LichThanhToan_quahan": [
              "Succeeded"
            ]
          },
          "metadata": {
            "operationMetadataId": "18def032-13c2-4ef0-8870-006194bb5934"
          },
          "type": "Select",
          "inputs": {
            "from": "@outputs('Get_items_LichThanhToan_quahan')?['body/value']",
            "select": {
              "IDHopDong": "@item()?['IDHopDong']"
            }
          }
        },
        "Apply_to_each": {
          "foreach": "@union(body('Select'), body('Select'))\n",
          "actions": {
            "Get_item_Contract": {
              "runAfter": {},
              "metadata": {
                "operationMetadataId": "8b385d06-5abf-4879-aa03-3b70bdf068c2"
              },
              "type": "OpenApiConnection",
              "inputs": {
                "host": {
                  "connectionName": "shared_sharepointonline_1",
                  "operationId": "GetItem",
                  "apiId": "/providers/Microsoft.PowerApps/apis/shared_sharepointonline"
                },
                "parameters": {
                  "dataset": "@parameters('Site Contract Development - https://hptvn.sharepoint.com/teams/mppdev/contract (contract_shared_sharepointonline_ba8a92bb5f984c4a9e12b8ebbe150b7e)')",
                  "table": "@parameters('List Data Contract (contract_shared_sharepointonline_af7e0287396a4264bf84ac3bb4d1bb35)')",
                  "id": "@items('Apply_to_each')?['IDHopDong']"
                },
                "authentication": "@parameters('$authentication')"
              }
            },
            "Get_items_LichThanhToan_theo_ID": {
              "runAfter": {
                "Get_item_Contract": [
                  "Succeeded"
                ]
              },
              "metadata": {
                "operationMetadataId": "00781271-4bc9-43b6-9546-25be0432e19c"
              },
              "type": "OpenApiConnection",
              "inputs": {
                "host": {
                  "connectionName": "shared_sharepointonline_1",
                  "operationId": "GetItems",
                  "apiId": "/providers/Microsoft.PowerApps/apis/shared_sharepointonline"
                },
                "parameters": {
                  "dataset": "@parameters('Site Contract Development - https://hptvn.sharepoint.com/teams/mppdev/contract (contract_shared_sharepointonline_ba8a92bb5f984c4a9e12b8ebbe150b7e)')",
                  "table": "@parameters('List Data Lịch thanh toán (new_shared_sharepointonline_5f4b15a58b9046d4b7f82734d3274b93)')",
                  "$filter": "IDHopDong eq @{outputs('Get_item_Contract')?['body/ID']} and \n(\n    (NgayDuKienXHD eq '@{addDays(utcNow(), 3)}' and TinhTrang eq 'Chưa xuất hóa đơn') \n    or \n    (NgayDuKienXHD lt '@{utcNow()}' and NgayThucTeXH_x0110_ eq null and TinhTrang eq 'Chưa xuất hóa đơn')\n)\n"
                },
                "authentication": "@parameters('$authentication')"
              },
              "runtimeConfiguration": {
                "paginationPolicy": {
                  "minimumItemCount": 5000
                }
              }
            },
            "Select_Table_Phase": {
              "runAfter": {
                "Get_items_LichThanhToan_theo_ID": [
                  "Succeeded"
                ]
              },
              "metadata": {
                "operationMetadataId": "f6207a22-d98a-4faf-8c2a-0a4e8bfddb61"
              },
              "type": "Select",
              "inputs": {
                "from": "@outputs('Get_items_LichThanhToan_theo_ID')?['body/value']",
                "select": {
                  "Nội dung thanh toán": "@item()?['Title']",
                  "Số hóa đơn": "@item()?['SoHoaDon']",
                  "Tình trạng": "@item()?['TinhTrang/Value']",
                  "Giá trị dự kiến": "@item()?['GiaTriDuKien']",
                  "Ngày thực tế XHD": "@if(\r\n    and(\r\n        not(equals(item()?['NgayThucTeXH_x0110_'], null)),\r\n        not(empty(item()?['NgayThucTeXH_x0110_']))\r\n    ),\r\n    formatDateTime(item()?['NgayThucTeXH_x0110_'],'dd/MM/yyyy'),\r\n    null\r\n)",
                  "Ngày thực tế thanh toán": "@if(\r\n    and(\r\n        not(equals(item()?['NgayThucTeTT'], null)),\r\n        not(empty(item()?['NgayThucTeTT']))\r\n    ),\r\n    formatDateTime(item()?['NgayThucTeTT'],'dd/MM/yyyy'),\r\n    null\r\n)"
                }
              }
            },
            "Create_HTML_table": {
              "runAfter": {
                "Select_Table_Phase": [
                  "Succeeded"
                ]
              },
              "metadata": {
                "operationMetadataId": "fd41f53f-68fb-4d56-b06e-631de8c7e982"
              },
              "type": "Table",
              "inputs": {
                "from": "@body('Select_Table_Phase')",
                "format": "HTML"
              }
            },
            "Compose_Table_Contract": {
              "runAfter": {
                "Create_HTML_table": [
                  "Succeeded"
                ]
              },
              "metadata": {
                "operationMetadataId": "61e08a10-995b-43c3-82b4-5f8ff9397869"
              },
              "type": "Compose",
              "inputs": "<style>\n  table {\n    border: 1px solid #1C6EA4;\n    background-color: #EEEEEE;\n    width: 100%;\n    text-align: left;\n    border-collapse: collapse;\n  }\n  table td, table th {\n    border: 1px solid #AAAAAA;\n    padding: 3px 2px;\n  }\n  table tbody td {\n    font-size: 13px;\n  }\n  table thead {\n    background: #1C6EA4;\n    border-bottom: 2px solid #444444;\n  }\n  table thead th {\n    font-size: 15px;\n    font-weight: bold;\n    color: #FFFFFF;\n    border-left: 2px solid #D0E4F5;\n  }\n  table thead th:first-child {\n    border-left: none;\n  }\n  .lbltotalprice{\n  color: #ff0000;\n   font-size: 15px;\n  }\n  .totalprice{\n  background: #1C6EA4;\n    border: 2px solid #444444;\n   font-size: 13px;\n  }\n  </style>\n<h2 style=\"text-align: center;\">HỢP ĐỒNG</h2>\n<table>\n  <tr>\n    <td>Số hợp đồng: @{outputs('Get_item_Contract')?['body/Title']}</td>\n    <td>Mô tả thiết bị, dịch vụ:@{outputs('Get_item_Contract')?['body/MoTaTBDV']}</td>\n  </tr>\n<tr>\n    <td>Mã vụ việc: @{outputs('Get_item_Contract')?['body/MaVuViec']}</td>\n    <td>Mã hợp đồng: @{outputs('Get_item_Contract')?['body/MaHopDong']}</td>\n  </tr>\n<tr>\n    <td>Kỹ thuật: @{outputs('Get_item_Contract')?['body/KyThuat/Email']}</td>\n    <td>Phòng kỹ thuật: @{outputs('Get_item_Contract')?['body/PhongKyThuat/Value']}</td>\n  </tr>\n<tr>\n    <td>Khách hàng: @{outputs('Get_item_Contract')?['body/KhachHang/Value']}</td>\n    <td>Sản phẩm dịch vụ: @{outputs('Get_item_Contract')?['body/SanPhamDichVu/Value']}</td>\n  </tr>\n  <tr>\n    <td>Ngày bắt đầu dịch vụ: @{if(and(not(equals(outputs('Get_item_Contract')?['body/NgayBatDauDichVu'], null)), not(empty(outputs('Get_item_Contract')?['body/NgayBatDauDichVu']))), formatDateTime(outputs('Get_item_Contract')?['body/NgayBatDauDichVu'], 'dd/MM/yyyy'), null)}</td>\n    <td>Ngày kết thúc dịch vụ: @{if(and(not(equals(outputs('Get_item_Contract')?['body/NgayKetThucDichVu'], null)), not(empty(outputs('Get_item_Contract')?['body/NgayKetThucDichVu']))), formatDateTime(outputs('Get_item_Contract')?['body/NgayKetThucDichVu'], 'dd/MM/yyyy'), null)}</td>\n  </tr>\n  \n</table>"
            },
            "Apply_to_each_2": {
              "foreach": "@outputs('Get_item_Contract')?['body/GroupMailPhase']",
              "actions": {
                "Send_an_email_(V2)": {
                  "runAfter": {},
                  "metadata": {
                    "operationMetadataId": "734e788f-bea1-4304-b8e5-124604913a0c"
                  },
                  "type": "OpenApiConnection",
                  "inputs": {
                    "host": {
                      "connectionName": "shared_office365",
                      "operationId": "SendEmailV2",
                      "apiId": "/providers/Microsoft.PowerApps/apis/shared_office365"
                    },
                    "parameters": {
                      "emailMessage/To": "@items('Apply_to_each_2')?['Email']",
                      "emailMessage/Subject": "HỢP ĐỒNG SỐ @{toUpper(outputs('Get_item_Contract')?['body/Title'])} CHƯA XUẤT HÓA ĐƠN THEO LỊCH THANH TOÁN",
                      "emailMessage/Body": "<p><strong>Kính gởi các anh/chị,<br>\n</strong>Hợp đồng số<strong> </strong><strong>@{outputs('Get_item_Contract')?['body/Title']}</strong><strong></strong> vẫn chưa được xuất hóa đơn theo lịch thanh toán.<br>\n<br>\n<strong>Chi tiết hợp đồng:<br>\n</strong>@{outputs('Compose_Table_Contract')}<strong><br>\nLịch thanh toán:<br>\n<br>\n</strong>@{body('Create_HTML_table')}<br>\nMọi chi tiết thắc mắc cần hỗ trợ, Anh/Chị vui lòng liên hệ:<br>\nEmail: @{outputs('Get_item_Contract')?['body/NguoiTao/Email']}<br>\nTrân trọng!</p>",
                      "emailMessage/Importance": "Normal"
                    },
                    "authentication": "@parameters('$authentication')"
                  }
                }
              },
              "runAfter": {
                "Compose_Table_Contract": [
                  "Succeeded"
                ]
              },
              "metadata": {
                "operationMetadataId": "195d42ed-48bf-4af6-aeb9-c6e356abc5b9"
              },
              "type": "Foreach"
            }
          },
          "runAfter": {
            "Select": [
              "Succeeded"
            ]
          },
          "metadata": {
            "operationMetadataId": "a5cff54d-1289-4096-9f75-058235719a26"
          },
          "type": "Foreach"
        }
      }
    },
    "templateName": ""
  },
  "schemaVersion": "1.0.0.0"
}