{
  "properties": {
    "connectionReferences": {
      "shared_sharepointonline_1": {
        "runtimeSource": "embedded",
        "connection": {
          "connectionReferenceLogicalName": "contract_sharedsharepointonline_5ddc3"
        },
        "api": {
          "name": "shared_sharepointonline"
        }
      },
      "shared_onedriveforbusiness_1": {
        "runtimeSource": "embedded",
        "connection": {
          "connectionReferenceLogicalName": "contract_sharedonedriveforbusiness_1b6a8"
        },
        "api": {
          "name": "shared_onedriveforbusiness"
        }
      },
      "shared_excelonlinebusiness": {
        "runtimeSource": "embedded",
        "connection": {
          "connectionReferenceLogicalName": "contract_sharedexcelonlinebusiness_18295"
        },
        "api": {
          "name": "shared_excelonlinebusiness"
        }
      },
      "shared_office365_1": {
        "runtimeSource": "embedded",
        "connection": {
          "connectionReferenceLogicalName": "contract_sharedoffice365_69327"
        },
        "api": {
          "name": "shared_office365"
        }
      }
    },
    "definition": {
      "$schema": "https://schema.management.azure.com/providers/Microsoft.Logic/schemas/2016-06-01/workflowdefinition.json#",
      "contentVersion": "1.0.0.0",
      "parameters": {
        "$connections": {
          "defaultValue": {},
          "type": "Object"
        },
        "$authentication": {
          "defaultValue": {},
          "type": "SecureObject"
        },
        "Nhân sự phòng kinh doanh (new_shared_sharepointonline_08d1d43781b149d48f526f5fbc3c709a)": {
          "defaultValue": "e2c7b799-dd55-4aef-88d5-09d1d135ce74",
          "type": "String",
          "metadata": {
            "schemaName": "new_shared_sharepointonline_08d1d43781b149d48f526f5fbc3c709a"
          }
        },
        "Site Contract Development - https://hptvn.sharepoint.com/teams/mppdev/contract (contract_shared_sharepointonline_ba8a92bb5f984c4a9e12b8ebbe150b7e)": {
          "defaultValue": "https://hptvn.sharepoint.com/teams/mppdev/contract",
          "type": "String",
          "metadata": {
            "schemaName": "contract_shared_sharepointonline_ba8a92bb5f984c4a9e12b8ebbe150b7e"
          }
        },
        "List Data Contract (contract_shared_sharepointonline_af7e0287396a4264bf84ac3bb4d1bb35)": {
          "defaultValue": "3f1d5884-1363-4877-a3a6-87eea2435b5e",
          "type": "String",
          "metadata": {
            "schemaName": "contract_shared_sharepointonline_af7e0287396a4264bf84ac3bb4d1bb35"
          }
        },
        "List Data Lịch thanh toán (new_shared_sharepointonline_5f4b15a58b9046d4b7f82734d3274b93)": {
          "defaultValue": "091f36f1-bf80-4e87-bba9-d457bdc2f66f",
          "type": "String",
          "metadata": {
            "schemaName": "new_shared_sharepointonline_5f4b15a58b9046d4b7f82734d3274b93"
          }
        }
      },
      "triggers": {
        "Recurrence": {
          "recurrence": {
            "frequency": "Month",
            "interval": 1,
            "startTime": "2025-04-05T03:00:00Z"
          },
          "metadata": {
            "operationMetadataId": "d9d15d3a-c29f-4d17-a2c8-7193f106619c"
          },
          "type": "Recurrence"
        }
      },
      "actions": {
        "Compose_Date_From_ThucTe": {
          "runAfter": {
            "Initialize_variable_Tong_GTTT": [
              "Succeeded"
            ]
          },
          "metadata": {
            "operationMetadataId": "13679577-ce7c-464a-957e-7f8942e28a3d"
          },
          "type": "Compose",
          "inputs": "@formatDateTime(startOfMonth(addToTime(utcNow(), -1, 'Month')), 'yyyy-MM-dd')"
        },
        "Compose_Date_To_ThucTe": {
          "runAfter": {
            "Compose_Date_From_ThucTe": [
              "Succeeded"
            ]
          },
          "metadata": {
            "operationMetadataId": "db9e7a4c-9e3f-4aa1-841a-e64c2ba03548"
          },
          "type": "Compose",
          "inputs": "@formatDateTime(addDays(startOfMonth(addToTime(utcNow(), 0, 'Month')), -1), 'yyyy-MM-dd')\r\n"
        },
        "Get_items:_List_AM": {
          "runAfter": {},
          "metadata": {
            "operationMetadataId": "57eb7913-4781-4c44-8fff-30ea7f2ffc50"
          },
          "type": "OpenApiConnection",
          "inputs": {
            "host": {
              "connectionName": "shared_sharepointonline_1",
              "operationId": "GetItems",
              "apiId": "/providers/Microsoft.PowerApps/apis/shared_sharepointonline"
            },
            "parameters": {
              "dataset": "@parameters('Site Contract Development - https://hptvn.sharepoint.com/teams/mppdev/contract (contract_shared_sharepointonline_ba8a92bb5f984c4a9e12b8ebbe150b7e)')",
              "table": "@parameters('Nhân sự phòng kinh doanh (new_shared_sharepointonline_08d1d43781b149d48f526f5fbc3c709a)')"
            },
            "authentication": "@parameters('$authentication')"
          }
        },
        "Initialize_variable:_Json_DoanhThu_thực_tế": {
          "runAfter": {
            "Get_items:_List_AM": [
              "Succeeded"
            ]
          },
          "metadata": {
            "operationMetadataId": "1dfb492a-2891-4fa2-8988-0d1c83d2f06e"
          },
          "type": "InitializeVariable",
          "inputs": {
            "variables": [
              {
                "name": "varJson",
                "type": "array"
              }
            ]
          }
        },
        "Initialize_variable_Tong_GTTT": {
          "runAfter": {
            "Initialize_variable:_Json_DoanhThu_thực_tế": [
              "Succeeded"
            ]
          },
          "metadata": {
            "operationMetadataId": "85b34362-2890-41b5-a626-25cd092f945d"
          },
          "type": "InitializeVariable",
          "inputs": {
            "variables": [
              {
                "name": "tongGiaTriThucTe",
                "type": "float",
                "value": 0
              }
            ]
          }
        },
        "Scope": {
          "actions": {
            "Get_items_Lịch_thanh_toán_thực_tế": {
              "runAfter": {},
              "metadata": {
                "operationMetadataId": "36e46fd9-bd3a-46f7-9c66-e6ade8daf1b5"
              },
              "type": "OpenApiConnection",
              "inputs": {
                "host": {
                  "connectionName": "shared_sharepointonline_1",
                  "operationId": "GetItems",
                  "apiId": "/providers/Microsoft.PowerApps/apis/shared_sharepointonline"
                },
                "parameters": {
                  "dataset": "@parameters('Site Contract Development - https://hptvn.sharepoint.com/teams/mppdev/contract (contract_shared_sharepointonline_ba8a92bb5f984c4a9e12b8ebbe150b7e)')",
                  "table": "@parameters('List Data Lịch thanh toán (new_shared_sharepointonline_5f4b15a58b9046d4b7f82734d3274b93)')",
                  "$filter": "NgayDuKienXHD ge '@{outputs('Compose_Date_From_ThucTe')}' and NgayDuKienXHD le '@{outputs('Compose_Date_To_ThucTe')}' and TinhTrang eq 'Đã xuất hóa đơn'"
                },
                "authentication": "@parameters('$authentication')"
              }
            },
            "Select_Json_Lịch_thanh_toán_thực_tế": {
              "runAfter": {
                "Get_items_Lịch_thanh_toán_thực_tế": [
                  "Succeeded"
                ]
              },
              "metadata": {
                "operationMetadataId": "63ed03e5-521a-45c2-b588-c72bd0eafa20"
              },
              "type": "Select",
              "inputs": {
                "from": "@outputs('Get_items_Lịch_thanh_toán_thực_tế')?['body/value']",
                "select": {
                  "IDHopDong": "@item()?['IDHopDong']"
                }
              }
            },
            "Apply_to_each:_AM": {
              "foreach": "@outputs('Get_items:_List_AM')?['body/value']",
              "actions": {
                "Condition": {
                  "actions": {},
                  "runAfter": {
                    "Apply_to_each_IDHopDong_Union_Thực_tế": [
                      "Succeeded"
                    ]
                  },
                  "else": {
                    "actions": {
                      "Get_file_content": {
                        "runAfter": {},
                        "metadata": {
                          "%252fShared%2bDocuments%252fTemplateRp.xlsx": "/Shared Documents/TemplateRp.xlsx",
                          "operationMetadataId": "c86a36d5-82ac-4c6f-b2d9-326fcef52ad8"
                        },
                        "type": "OpenApiConnection",
                        "inputs": {
                          "host": {
                            "connectionName": "shared_sharepointonline_1",
                            "operationId": "GetFileContent",
                            "apiId": "/providers/Microsoft.PowerApps/apis/shared_sharepointonline"
                          },
                          "parameters": {
                            "dataset": "@parameters('Site Contract Development - https://hptvn.sharepoint.com/teams/mppdev/contract (contract_shared_sharepointonline_ba8a92bb5f984c4a9e12b8ebbe150b7e)')",
                            "id": "%252fShared%2bDocuments%252fTemplateRp.xlsx",
                            "inferContentType": true
                          },
                          "authentication": "@parameters('$authentication')"
                        }
                      },
                      "Create_file": {
                        "runAfter": {
                          "Compose_Table_html_Json_thucte": [
                            "Succeeded"
                          ]
                        },
                        "metadata": {
                          "operationMetadataId": "54626911-4bd9-4023-9ea0-63c44905ba58"
                        },
                        "type": "OpenApiConnection",
                        "inputs": {
                          "host": {
                            "connectionName": "shared_onedriveforbusiness_1",
                            "operationId": "CreateFile",
                            "apiId": "/providers/Microsoft.PowerApps/apis/shared_onedriveforbusiness"
                          },
                          "parameters": {
                            "folderPath": "/Apps/QLHD/File báo cáo doanh thu",
                            "name": "Doanh thu đã xuất trong 1 tháng_@{utcNow()}.xlsx",
                            "body": "@body('Get_file_content')"
                          },
                          "authentication": "@parameters('$authentication')"
                        },
                        "runtimeConfiguration": {
                          "contentTransfer": {
                            "transferMode": "Chunked"
                          }
                        }
                      },
                      "Create_share_link": {
                        "runAfter": {
                          "Create_file": [
                            "Succeeded"
                          ]
                        },
                        "metadata": {
                          "operationMetadataId": "f24a10bf-0d3d-45ad-ae25-ea15a412da9a"
                        },
                        "type": "OpenApiConnection",
                        "inputs": {
                          "host": {
                            "connectionName": "shared_onedriveforbusiness_1",
                            "operationId": "CreateShareLinkV2",
                            "apiId": "/providers/Microsoft.PowerApps/apis/shared_onedriveforbusiness"
                          },
                          "parameters": {
                            "id": "@outputs('Create_file')?['body/Id']",
                            "type": "Edit",
                            "scope": "Organization"
                          },
                          "authentication": "@parameters('$authentication')"
                        }
                      },
                      "Get_file_metadata": {
                        "runAfter": {
                          "Create_share_link": [
                            "Succeeded"
                          ]
                        },
                        "metadata": {
                          "operationMetadataId": "0e093335-075d-4208-b2b0-62522ab46c70"
                        },
                        "type": "OpenApiConnection",
                        "inputs": {
                          "host": {
                            "connectionName": "shared_onedriveforbusiness_1",
                            "operationId": "GetFileMetadata",
                            "apiId": "/providers/Microsoft.PowerApps/apis/shared_onedriveforbusiness"
                          },
                          "parameters": {
                            "id": "@outputs('Create_file')?['body/Id']"
                          },
                          "authentication": "@parameters('$authentication')"
                        }
                      },
                      "Run_script": {
                        "runAfter": {
                          "Get_file_metadata": [
                            "Succeeded"
                          ]
                        },
                        "metadata": {
                          "operationMetadataId": "b87dcfce-31f1-4a93-aa46-7662fbb2f466",
                          "tableId": null
                        },
                        "type": "OpenApiConnection",
                        "inputs": {
                          "host": {
                            "connectionName": "shared_excelonlinebusiness",
                            "operationId": "RunScriptProd",
                            "apiId": "/providers/Microsoft.PowerApps/apis/shared_excelonlinebusiness"
                          },
                          "parameters": {
                            "source": "me",
                            "drive": "b!g3ybvyErU0G2dYxVQpSiosLgp1UaVrRIsEGpowxHJzQbUT3pKyGmTaEd23FrL7Rl",
                            "file": "@outputs('Get_file_metadata')?['body/Id']",
                            "scriptId": "ms-officescript%3A%2F%2Fonedrive_business_itemlink%2F01HNXHWOYR5TJEJRES5NA33JIWKRGWPTMX",
                            "ScriptParameters/strJSON": "@outputs('Compose_JsonDataThucte')"
                          },
                          "authentication": "@parameters('$authentication')"
                        }
                      },
                      "Compose_JsonDataThucte": {
                        "runAfter": {
                          "Get_file_content": [
                            "Succeeded"
                          ]
                        },
                        "metadata": {
                          "operationMetadataId": "c45de47d-e111-433e-88b2-c4eb7ec84b61"
                        },
                        "type": "Compose",
                        "inputs": "@variables('varJson')"
                      },
                      "Select_JsonThucTe": {
                        "runAfter": {
                          "Compose_JsonDataThucte": [
                            "Succeeded"
                          ]
                        },
                        "metadata": {
                          "operationMetadataId": "3442c02b-fa33-40db-98f8-82445b3f1b07"
                        },
                        "type": "Select",
                        "inputs": {
                          "from": "@variables('varJson')",
                          "select": "@concat(\r\n  '<tr>',\r\n    '<td>', item()?['STT'], '</td>',\r\n    '<td>', item()?['Sản phẩm dịch vụ'], '</td>',\r\n    '<td>', if(empty(item()?['Ngày bắt đầu']), '', item()?['Ngày bắt đầu']), '</td>',\r\n    '<td>', if(empty(item()?['Ngày kết thúc']), '', item()?['Ngày kết thúc']), '</td>',\r\n    '<td>', item()?['Số hợp đồng'], '</td>',\r\n    '<td>', item()?['Tên khách hàng'], '</td>',\r\n    '<td>', if(empty(item()?['Mô tả thiết bị, dịch vụ']), '', item()?['Mô tả thiết bị, dịch vụ']), '</td>',\r\n    '<td>', item()?['Tên AM'], '</td>',\r\n    '<td>', formatNumber(item()?['Giá tiền'], '#,##0'), '</td>',\r\n  '</tr>'\r\n)"
                        }
                      },
                      "Compose_Table_html_Json_thucte": {
                        "runAfter": {
                          "Select_JsonThucTe": [
                            "Succeeded"
                          ]
                        },
                        "metadata": {
                          "operationMetadataId": "2af7f2f4-a9a4-4ace-9f27-5cba457c1743"
                        },
                        "type": "Compose",
                        "inputs": "<table border=\"1\" cellpadding=\"5\" cellspacing=\"0\" style=\"border-collapse:collapse; font-family:Arial; font-size:14px;\">\n  <thead style=\"background-color:#0070C0; color:#ffffff; font-weight:bold;\">\n    <tr>\n      <td>STT</td>\n      <td>Sản phẩm dịch vụ</td>\n      <td>Ngày bắt đầu</td>\n      <td>Ngày kết thúc</td>\n      <td>Số hợp đồng</td>\n      <td>Tên khách hàng</td>\n      <td>Mô tả thiết bị, dịch vụ</td>\n      <td>Tên AM</td>\n      <td>Giá tiền</td>\n    </tr>\n  </thead>\n  <tbody>\n    @{join(body('Select_JsonThucTe'), '')}\n  </tbody>\n</table>\n"
                      },
                      "Send_an_email_(V2)": {
                        "runAfter": {
                          "Get_file_content_2": [
                            "Succeeded"
                          ]
                        },
                        "metadata": {
                          "operationMetadataId": "303356d8-d2e3-486a-94b1-67700bfd9f1e"
                        },
                        "type": "OpenApiConnection",
                        "inputs": {
                          "host": {
                            "connectionName": "shared_office365_1",
                            "operationId": "SendEmailV2",
                            "apiId": "/providers/Microsoft.PowerApps/apis/shared_office365"
                          },
                          "parameters": {
                            "emailMessage/To": "@items('Apply_to_each:_AM')?['PersonPKD/Email']",
                            "emailMessage/Subject": "DOANH THU ĐÃ XUẤT TRONG THÁNG @{formatDateTime(startOfMonth(addToTime(utcNow(), -1, 'Month')), 'MM')}",
                            "emailMessage/Body": "<p><strong>Dear </strong><strong>@{items('Apply_to_each:_AM')?['PersonPKD/DisplayName']}</strong><strong></strong>,<br>\nDưới đây là bảng thống kê doanh thu đã xuất trong tháng @{formatDateTime(startOfMonth(addToTime(utcNow(), -1, 'Month')), 'MM/yyyy')}<br>\n@{outputs('Compose_Table_html_Json_thucte')}<br>\n<strong>Trân trọng!</strong></p>",
                            "emailMessage/Attachments": [
                              {
                                "Name": "@outputs('Create_file')?['body/Name']",
                                "ContentBytes": "@body('Get_file_content_2')"
                              }
                            ],
                            "emailMessage/Importance": "Normal"
                          },
                          "authentication": "@parameters('$authentication')"
                        }
                      },
                      "Get_file_content_2": {
                        "runAfter": {
                          "Run_script": [
                            "Succeeded"
                          ]
                        },
                        "metadata": {
                          "operationMetadataId": "9ffa3792-5556-41eb-8979-ef1330d511d3"
                        },
                        "type": "OpenApiConnection",
                        "inputs": {
                          "host": {
                            "connectionName": "shared_onedriveforbusiness_1",
                            "operationId": "GetFileContent",
                            "apiId": "/providers/Microsoft.PowerApps/apis/shared_onedriveforbusiness"
                          },
                          "parameters": {
                            "id": "@outputs('Get_file_metadata')?['body/Id']",
                            "inferContentType": true
                          },
                          "authentication": "@parameters('$authentication')"
                        }
                      }
                    }
                  },
                  "expression": {
                    "equals": [
                      "@length(variables('varJson'))",
                      0
                    ]
                  },
                  "metadata": {
                    "operationMetadataId": "eb016989-9077-44f5-9e2a-b59701a3f65a"
                  },
                  "type": "If"
                },
                "Set_variable_Set_null_JsonThucTe": {
                  "runAfter": {},
                  "metadata": {
                    "operationMetadataId": "f937fb98-9642-4ff3-b350-0204e7ad95f7"
                  },
                  "type": "SetVariable",
                  "inputs": {
                    "name": "varJson",
                    "value": "@null"
                  }
                },
                "Apply_to_each_IDHopDong_Union_Thực_tế": {
                  "foreach": "@union(body('Select_Json_Lịch_thanh_toán_thực_tế'), body('Select_Json_Lịch_thanh_toán_thực_tế'))\n",
                  "actions": {
                    "Get_items:_List_Hợp_đồng_ThucTe": {
                      "runAfter": {},
                      "metadata": {
                        "operationMetadataId": "56e56660-47ee-450f-a985-b0f9b3edf4e0"
                      },
                      "type": "OpenApiConnection",
                      "inputs": {
                        "host": {
                          "connectionName": "shared_sharepointonline_1",
                          "operationId": "GetItems",
                          "apiId": "/providers/Microsoft.PowerApps/apis/shared_sharepointonline"
                        },
                        "parameters": {
                          "dataset": "@parameters('Site Contract Development - https://hptvn.sharepoint.com/teams/mppdev/contract (contract_shared_sharepointonline_ba8a92bb5f984c4a9e12b8ebbe150b7e)')",
                          "table": "@parameters('List Data Contract (contract_shared_sharepointonline_af7e0287396a4264bf84ac3bb4d1bb35)')",
                          "$filter": "TenAM/EMail  eq '@{items('Apply_to_each:_AM')?['PersonPKD/Email']}' and ID eq @{items('Apply_to_each_IDHopDong_Union_Thực_tế')?['IDHopDong']}"
                        },
                        "authentication": "@parameters('$authentication')"
                      }
                    },
                    "Apply_to_each_Get_Lịch_thanh_toán_sum_GTTT": {
                      "foreach": "@outputs('Get_items:_List_Hợp_đồng_ThucTe')?['body/value']",
                      "actions": {
                        "Get_items_List_Lịch_thanh_toán_thucte": {
                          "runAfter": {},
                          "metadata": {
                            "operationMetadataId": "be1ab8f6-24f9-4ab3-9d15-9b3487501960"
                          },
                          "type": "OpenApiConnection",
                          "inputs": {
                            "host": {
                              "connectionName": "shared_sharepointonline_1",
                              "operationId": "GetItems",
                              "apiId": "/providers/Microsoft.PowerApps/apis/shared_sharepointonline"
                            },
                            "parameters": {
                              "dataset": "@parameters('Site Contract Development - https://hptvn.sharepoint.com/teams/mppdev/contract (contract_shared_sharepointonline_ba8a92bb5f984c4a9e12b8ebbe150b7e)')",
                              "table": "@parameters('List Data Lịch thanh toán (new_shared_sharepointonline_5f4b15a58b9046d4b7f82734d3274b93)')",
                              "$filter": "NgayDuKienXHD ge '@{outputs('Compose_Date_From_ThucTe')}' and NgayDuKienXHD le '@{outputs('Compose_Date_To_ThucTe')}' and TinhTrang eq 'Đã xuất hóa đơn' and IDHopDong eq @{items('Apply_to_each_Get_Lịch_thanh_toán_sum_GTTT')?['ID']}"
                            },
                            "authentication": "@parameters('$authentication')"
                          }
                        },
                        "Append_to_array_variable_:_varJsonThucTe": {
                          "runAfter": {
                            "Apply_to_each_Sum_GTTT": [
                              "Succeeded"
                            ]
                          },
                          "metadata": {
                            "operationMetadataId": "5a7bbe10-15d8-4b26-b92c-a4b938774209"
                          },
                          "type": "AppendToArrayVariable",
                          "inputs": {
                            "name": "varJson",
                            "value": {
                              "STT": "@items('Apply_to_each_Get_Lịch_thanh_toán_sum_GTTT')?['MaCode']",
                              "Sản phẩm dịch vụ": "@items('Apply_to_each_Get_Lịch_thanh_toán_sum_GTTT')?['SanPhamDichVu/Value']",
                              "Ngày bắt đầu": "@if(and(not(equals(items('Apply_to_each_Get_Lịch_thanh_toán_sum_GTTT')?['NgayBatDauDichVu'], null)), not(empty(items('Apply_to_each_Get_Lịch_thanh_toán_sum_GTTT')?['NgayBatDauDichVu']))), formatDateTime(items('Apply_to_each_Get_Lịch_thanh_toán_sum_GTTT')?['NgayBatDauDichVu'], 'dd/MM/yyyy'), null)",
                              "Ngày kết thúc": "@if(and(not(equals(items('Apply_to_each_Get_Lịch_thanh_toán_sum_GTTT')?['NgayKetThucDichVu'], null)), not(empty(items('Apply_to_each_Get_Lịch_thanh_toán_sum_GTTT')?['NgayKetThucDichVu']))), formatDateTime(items('Apply_to_each_Get_Lịch_thanh_toán_sum_GTTT')?['NgayKetThucDichVu'], 'dd/MM/yyyy'), null)",
                              "Số hợp đồng": "@items('Apply_to_each_Get_Lịch_thanh_toán_sum_GTTT')?['Title']",
                              "Tên khách hàng": "@items('Apply_to_each_Get_Lịch_thanh_toán_sum_GTTT')?['KhachHang/Value']",
                              "Mô tả thiết bị, dịch vụ": "@items('Apply_to_each_Get_Lịch_thanh_toán_sum_GTTT')?['MoTaTBDV']",
                              "Tên AM": "@items('Apply_to_each_Get_Lịch_thanh_toán_sum_GTTT')?['TenAM/Email']",
                              "Giá tiền": "@variables('tongGiaTriThucTe')"
                            }
                          }
                        },
                        "Apply_to_each_Sum_GTTT": {
                          "foreach": "@outputs('Get_items_List_Lịch_thanh_toán_thucte')?['body/value']",
                          "actions": {
                            "Increment_variable_Tong_GTTT": {
                              "runAfter": {},
                              "metadata": {
                                "operationMetadataId": "dbe3afab-e571-494f-a251-d8f87e6a569b"
                              },
                              "type": "IncrementVariable",
                              "inputs": {
                                "name": "tongGiaTriThucTe",
                                "value": "@float(items('Apply_to_each_Sum_GTTT')?['GiaTriThucTe'])"
                              }
                            }
                          },
                          "runAfter": {
                            "Set_variable_TongGTTT": [
                              "Succeeded"
                            ]
                          },
                          "metadata": {
                            "operationMetadataId": "572f6385-972b-4e60-adab-7f9dbeff864f"
                          },
                          "type": "Foreach"
                        },
                        "Set_variable_TongGTTT": {
                          "runAfter": {
                            "Get_items_List_Lịch_thanh_toán_thucte": [
                              "Succeeded"
                            ]
                          },
                          "metadata": {
                            "operationMetadataId": "5a3236d7-f289-4e2f-be84-cd14aded8ed1"
                          },
                          "type": "SetVariable",
                          "inputs": {
                            "name": "tongGiaTriThucTe",
                            "value": 0
                          }
                        }
                      },
                      "runAfter": {
                        "Get_items:_List_Hợp_đồng_ThucTe": [
                          "Succeeded"
                        ]
                      },
                      "metadata": {
                        "operationMetadataId": "96f068fb-31df-450a-bbf0-5d1432e51b80"
                      },
                      "type": "Foreach"
                    }
                  },
                  "runAfter": {
                    "Set_variable_Set_null_JsonThucTe": [
                      "Succeeded"
                    ]
                  },
                  "metadata": {
                    "operationMetadataId": "113a4d35-e966-44a4-a5a7-f7daff595d73"
                  },
                  "type": "Foreach"
                }
              },
              "runAfter": {
                "Select_Json_Lịch_thanh_toán_thực_tế": [
                  "Succeeded"
                ]
              },
              "metadata": {
                "operationMetadataId": "60393d6c-59aa-40db-8b23-07a2780b6298"
              },
              "type": "Foreach"
            }
          },
          "runAfter": {
            "Compose_Date_To_ThucTe": [
              "Succeeded"
            ]
          },
          "metadata": {
            "operationMetadataId": "afede91e-3965-4849-ae67-fdc270929977"
          },
          "type": "Scope"
        }
      }
    },
    "templateName": ""
  },
  "schemaVersion": "1.0.0.0"
}