{
  "properties": {
    "connectionReferences": {
      "shared_sharepointonline": {
        "runtimeSource": "embedded",
        "connection": {
          "connectionReferenceLogicalName": "contract_sharedsharepointonline_5ddc3"
        },
        "api": {
          "name": "shared_sharepointonline"
        }
      },
      "shared_office365_1": {
        "runtimeSource": "embedded",
        "connection": {
          "connectionReferenceLogicalName": "contract_sharedoffice365_69327"
        },
        "api": {
          "name": "shared_office365"
        }
      }
    },
    "definition": {
      "$schema": "https://schema.management.azure.com/providers/Microsoft.Logic/schemas/2016-06-01/workflowdefinition.json#",
      "contentVersion": "1.0.0.0",
      "parameters": {
        "$connections": {
          "defaultValue": {},
          "type": "Object"
        },
        "$authentication": {
          "defaultValue": {},
          "type": "SecureObject"
        },
        "Site Contract Development - https://hptvn.sharepoint.com/teams/mppdev/contract (contract_shared_sharepointonline_ba8a92bb5f984c4a9e12b8ebbe150b7e)": {
          "defaultValue": "https://hptvn.sharepoint.com/teams/mppdev/contract",
          "type": "String",
          "metadata": {
            "schemaName": "contract_shared_sharepointonline_ba8a92bb5f984c4a9e12b8ebbe150b7e"
          }
        },
        "List Data Contract (contract_shared_sharepointonline_af7e0287396a4264bf84ac3bb4d1bb35)": {
          "defaultValue": "3f1d5884-1363-4877-a3a6-87eea2435b5e",
          "type": "String",
          "metadata": {
            "schemaName": "contract_shared_sharepointonline_af7e0287396a4264bf84ac3bb4d1bb35"
          }
        },
        "List Data Lịch thanh toán (new_shared_sharepointonline_5f4b15a58b9046d4b7f82734d3274b93)": {
          "defaultValue": "091f36f1-bf80-4e87-bba9-d457bdc2f66f",
          "type": "String",
          "metadata": {
            "schemaName": "new_shared_sharepointonline_5f4b15a58b9046d4b7f82734d3274b93"
          }
        },
        "List Data Documents (contract_shared_sharepointonline_a0dc94e2ad6542be8fb134fa58eb0eae)": {
          "defaultValue": "5f1132fe-be60-4f32-9d33-81c51f220af0",
          "type": "String",
          "metadata": {
            "schemaName": "contract_shared_sharepointonline_a0dc94e2ad6542be8fb134fa58eb0eae"
          }
        }
      },
      "triggers": {
        "manual": {
          "metadata": {
            "operationMetadataId": "023cfa75-31b9-4e7a-8d32-3fdfe4ef2282"
          },
          "type": "Request",
          "kind": "PowerAppV2",
          "inputs": {
            "schema": {
              "type": "object",
              "properties": {
                "text": {
                  "title": "Input",
                  "type": "string",
                  "x-ms-dynamically-added": true,
                  "description": "Please enter your input",
                  "x-ms-content-hint": "TEXT"
                },
                "number": {
                  "title": "Number",
                  "type": "number",
                  "x-ms-dynamically-added": true,
                  "description": "Please enter a number",
                  "x-ms-content-hint": "NUMBER"
                },
                "boolean": {
                  "title": "Yes/No",
                  "type": "boolean",
                  "x-ms-dynamically-added": true,
                  "description": "Please select yes or no",
                  "x-ms-content-hint": "BOOLEAN"
                }
              },
              "required": [
                "text",
                "number",
                "boolean"
              ]
            }
          }
        }
      },
      "actions": {
        "Initialize_variable": {
          "runAfter": {
            "Compose_template_send_mail": [
              "Succeeded"
            ]
          },
          "metadata": {
            "operationMetadataId": "4097b99b-cacd-4efb-a2f3-d08b64bd2569"
          },
          "type": "InitializeVariable",
          "inputs": {
            "variables": [
              {
                "name": "AttachmentsArray",
                "type": "array"
              }
            ]
          }
        },
        "Get_item_Contract": {
          "runAfter": {},
          "metadata": {
            "operationMetadataId": "6e7eee08-9a85-440e-971a-33c072246df0"
          },
          "type": "OpenApiConnection",
          "inputs": {
            "host": {
              "connectionName": "shared_sharepointonline",
              "operationId": "GetItem",
              "apiId": "/providers/Microsoft.PowerApps/apis/shared_sharepointonline"
            },
            "parameters": {
              "dataset": "@parameters('Site Contract Development - https://hptvn.sharepoint.com/teams/mppdev/contract (contract_shared_sharepointonline_ba8a92bb5f984c4a9e12b8ebbe150b7e)')",
              "table": "@parameters('List Data Contract (contract_shared_sharepointonline_af7e0287396a4264bf84ac3bb4d1bb35)')",
              "id": "@triggerBody()['number']"
            },
            "authentication": "@parameters('$authentication')"
          }
        },
        "Compose_template_send_mail": {
          "runAfter": {
            "Create_HTML_table": [
              "Succeeded"
            ]
          },
          "metadata": {
            "operationMetadataId": "f1424b23-811c-4036-b4a5-72748352cf0f"
          },
          "type": "Compose",
          "inputs": "<style>\n  table {\n    border: 1px solid #1C6EA4;\n    background-color: #EEEEEE;\n    width: 100%;\n    text-align: left;\n    border-collapse: collapse;\n  }\n  table td, table th {\n    border: 1px solid #AAAAAA;\n    padding: 3px 2px;\n  }\n  table tbody td {\n    font-size: 13px;\n  }\n  table thead {\n    background: #1C6EA4;\n    border-bottom: 2px solid #444444;\n  }\n  table thead th {\n    font-size: 15px;\n    font-weight: bold;\n    color: #FFFFFF;\n    border-left: 2px solid #D0E4F5;\n  }\n  table thead th:first-child {\n    border-left: none;\n  }\n  .lbltotalprice{\n  color: #ff0000;\n   font-size: 15px;\n  }\n  .totalprice{\n  background: #1C6EA4;\n    border: 2px solid #444444;\n   font-size: 13px;\n  }\n  </style>\n<h2 style=\"text-align: center;\">HỢP ĐỒNG</h2>\n<table>\n  <tr>\n    <td>Số hợp đồng: @{outputs('Get_item_Contract')?['body/Title']}</td>\n    <td>Mô tả thiết bị, dịch vụ: @{outputs('Get_item_Contract')?['body/MoTaTBDV']}</td>\n  </tr>\n<tr>\n    <td>Mã vụ việc: @{outputs('Get_item_Contract')?['body/MaVuViec']}</td>\n    <td>Mã hợp đồng: @{outputs('Get_item_Contract')?['body/MaHopDong']}</td>\n  </tr>\n<tr>\n    <td>Giá trị hợp đồng(chưa VAT): @{formatNumber(outputs('Get_item_Contract')?['body/GiaTriHDChuaVAT'], '###,###,###')}</td>\n    <td>Giá trị hợp đồng(có VAT):@{formatNumber(outputs('Get_item_Contract')?['body/GiaTriHDCoVAT'], '###,###,###')} </td>\n  </tr>\n<tr>\n    <td>Kỹ thuật: @{outputs('Get_item_Contract')?['body/KyThuat/Email']}</td>\n    <td>Phòng kỹ thuật: @{outputs('Get_item_Contract')?['body/PhongKyThuat/Value']}</td>\n  </tr>\n<tr>\n    <td>Khách hàng: @{outputs('Get_item_Contract')?['body/KhachHang/Value']}</td>\n    <td>Sản phẩm dịch vụ: @{outputs('Get_item_Contract')?['body/SanPhamDichVu/Value']}</td>\n  </tr>\n  <tr>\n    <td>Ngày bắt đầu dịch vụ: @{if(\n    and(\n        not(equals(outputs('Get_item_Contract')?['body/NgayBatDauDichVu'], null)),\n        not(empty(outputs('Get_item_Contract')?['body/NgayBatDauDichVu']))\n    ),\n    formatDateTime(outputs('Get_item_Contract')?['body/NgayBatDauDichVu'],'dd/MM/yyyy'),\n    null\n)}</td>\n    <td>Ngày kết thúc dịch vụ: @{if(\n    and(\n        not(equals(outputs('Get_item_Contract')?['body/NgayKetThucDichVu'], null)),\n        not(empty(outputs('Get_item_Contract')?['body/NgayKetThucDichVu']))\n    ),\n    formatDateTime(outputs('Get_item_Contract')?['body/NgayKetThucDichVu'],'dd/MM/yyyy'),\n    null\n)}</td>\n  </tr>\n<tr>\n    <td colspan=\"2\">Ghi chú: @{outputs('Get_item_Contract')?['body/GhiChu']}</td>\n  </tr>\n \n</table>"
        },
        "Condition_2": {
          "actions": {
            "Get_files_(properties_only)": {
              "runAfter": {},
              "metadata": {
                "operationMetadataId": "d543eed5-d92c-4f5b-beb2-a220709fc9f2"
              },
              "type": "OpenApiConnection",
              "inputs": {
                "host": {
                  "connectionName": "shared_sharepointonline",
                  "operationId": "GetFileItems",
                  "apiId": "/providers/Microsoft.PowerApps/apis/shared_sharepointonline"
                },
                "parameters": {
                  "dataset": "@parameters('Site Contract Development - https://hptvn.sharepoint.com/teams/mppdev/contract (contract_shared_sharepointonline_ba8a92bb5f984c4a9e12b8ebbe150b7e)')",
                  "table": "@parameters('List Data Documents (contract_shared_sharepointonline_a0dc94e2ad6542be8fb134fa58eb0eae)')",
                  "folderPath": "/Shared Documents/HopDong/@{triggerBody()['number']}/"
                },
                "authentication": "@parameters('$authentication')"
              },
              "runtimeConfiguration": {
                "paginationPolicy": {
                  "minimumItemCount": 5000
                }
              }
            },
            "Apply_to_each": {
              "foreach": "@outputs('Get_files_(properties_only)')?['body/value']",
              "actions": {
                "Append_to_array_variable": {
                  "runAfter": {
                    "Compose_Determine_ContentType": [
                      "Succeeded"
                    ]
                  },
                  "metadata": {
                    "operationMetadataId": "517d928c-e599-43d8-8b69-28fa6419b729"
                  },
                  "type": "AppendToArrayVariable",
                  "inputs": {
                    "name": "AttachmentsArray",
                    "value": {
                      "Name": "@outputs('Get_file_properties')?['body/{FileNameWithExtension}']",
                      "ContentBytes": "@body('Get_file_content')",
                      "@{if(equals(outputs('Compose_File_Extension'), 'htm'), 'ContentType', '' )}": "@{if(equals(outputs('Compose_File_Extension'), 'htm'), outputs('Compose_Determine_ContentType'), '')}"
                    }
                  }
                },
                "Get_file_properties": {
                  "runAfter": {},
                  "metadata": {
                    "operationMetadataId": "23caad24-271e-4eae-877f-89741b3b6af8"
                  },
                  "type": "OpenApiConnection",
                  "inputs": {
                    "host": {
                      "connectionName": "shared_sharepointonline",
                      "operationId": "GetFileItem",
                      "apiId": "/providers/Microsoft.PowerApps/apis/shared_sharepointonline"
                    },
                    "parameters": {
                      "dataset": "@parameters('Site Contract Development - https://hptvn.sharepoint.com/teams/mppdev/contract (contract_shared_sharepointonline_ba8a92bb5f984c4a9e12b8ebbe150b7e)')",
                      "table": "@parameters('List Data Documents (contract_shared_sharepointonline_a0dc94e2ad6542be8fb134fa58eb0eae)')",
                      "id": "@items('Apply_to_each')?['ID']"
                    },
                    "authentication": "@parameters('$authentication')"
                  }
                },
                "Get_file_content": {
                  "runAfter": {
                    "Get_file_properties": [
                      "Succeeded"
                    ]
                  },
                  "metadata": {
                    "operationMetadataId": "4c402fcd-25ed-4c33-bc88-4dbdd691774b"
                  },
                  "type": "OpenApiConnection",
                  "inputs": {
                    "host": {
                      "connectionName": "shared_sharepointonline",
                      "operationId": "GetFileContent",
                      "apiId": "/providers/Microsoft.PowerApps/apis/shared_sharepointonline"
                    },
                    "parameters": {
                      "dataset": "@parameters('Site Contract Development - https://hptvn.sharepoint.com/teams/mppdev/contract (contract_shared_sharepointonline_ba8a92bb5f984c4a9e12b8ebbe150b7e)')",
                      "id": "@items('Apply_to_each')?['{Identifier}']",
                      "inferContentType": true
                    },
                    "authentication": "@parameters('$authentication')"
                  }
                },
                "Compose_Determine_ContentType": {
                  "runAfter": {
                    "Compose_File_Extension": [
                      "Succeeded"
                    ]
                  },
                  "metadata": {
                    "operationMetadataId": "c1ad6cdc-bd0e-4feb-84d6-11601782576a"
                  },
                  "type": "Compose",
                  "inputs": "@if(equals(outputs('Compose_File_Extension'), 'htm'), 'text/html',\r\nif(equals(outputs('Compose_File_Extension'), 'pdf'), 'application/pdf',\r\nif(equals(outputs('Compose_File_Extension'), 'docx'), 'application/vnd.openxmlformats-officedocument.wordprocessingml.document',\r\nif(equals(outputs('Compose_File_Extension'), 'xlsx'), 'application/vnd.openxmlformats-officedocument.spreadsheetml.sheet',\r\nif(equals(outputs('Compose_File_Extension'), 'png'), 'image/png',\r\nif(equals(outputs('Compose_File_Extension'), 'jpg'), 'image/jpeg',\r\nif(equals(outputs('Compose_File_Extension'), 'txt'), 'text/plain','application/octet-stream')))))))"
                },
                "Compose_File_Extension": {
                  "runAfter": {
                    "Compose": [
                      "Succeeded"
                    ]
                  },
                  "metadata": {
                    "operationMetadataId": "56cb32c3-4def-46bf-9c85-6c645c21bdf6"
                  },
                  "type": "Compose",
                  "inputs": "@split(outputs('Get_file_properties')?['body/{FileNameWithExtension}'], '.')[1]"
                },
                "Compose": {
                  "runAfter": {
                    "Get_file_content": [
                      "Succeeded"
                    ]
                  },
                  "metadata": {
                    "operationMetadataId": "c1ad6cdc-bd0e-4feb-84d6-11601782576a"
                  },
                  "type": "Compose",
                  "inputs": "@outputs('Get_file_properties')?['body/{FileNameWithExtension}']"
                }
              },
              "runAfter": {
                "Get_files_(properties_only)": [
                  "Succeeded"
                ]
              },
              "metadata": {
                "operationMetadataId": "bb9b0c4d-cbe2-44dd-9bd3-4b4650d84652"
              },
              "type": "Foreach"
            },
            "Condition_3": {
              "actions": {
                "Send_an_email_(V2)": {
                  "runAfter": {},
                  "metadata": {
                    "operationMetadataId": "16854a3f-dfa4-4715-a453-98452c52dbaf"
                  },
                  "type": "OpenApiConnection",
                  "inputs": {
                    "host": {
                      "connectionName": "shared_office365_1",
                      "operationId": "SendEmailV2",
                      "apiId": "/providers/Microsoft.PowerApps/apis/shared_office365"
                    },
                    "parameters": {
                      "emailMessage/To": "@triggerBody()['text']",
                      "emailMessage/Subject": "THÔNG BÁO KÝ KẾT HỢP ĐỒNG SỐ @{toUpper(outputs('Get_item_Contract')?['body/Title'])} KÝ NGÀY @{formatDateTime(outputs('Get_item_Contract')?['body/NgayKyHD'],'dd/MM/yyyy')}",
                      "emailMessage/Body": "<p><strong>Kính gửi Anh/Chị,</strong><br>\n<br>\nHợp đồng số @{outputs('Get_item_Contract')?['body/Title']} được ký kết vào ngày @{formatDateTime(outputs('Get_item_Contract')?['body/NgayKyHD'],'dd/MM/yyyy')} được tạo bởi &nbsp;@{outputs('Get_item_Contract')?['body/NguoiTao/DisplayName']}. Đây là thông tin chi tiết:<br>\n<br>\n@{outputs('Compose_template_send_mail')}<br>\n<br>\nMọi chi tiết thắc mắc cần hỗ trợ, Anh/Chị vui lòng liên hệ:<br>\nEmail: HPTservice@hpt.vn<br>\nTrân trọng!</p>",
                      "emailMessage/Attachments": "@variables('AttachmentsArray')",
                      "emailMessage/Importance": "Normal"
                    },
                    "authentication": "@parameters('$authentication')"
                  }
                }
              },
              "runAfter": {
                "Apply_to_each": [
                  "Succeeded"
                ]
              },
              "else": {
                "actions": {
                  "Send_an_email_(V2)_4": {
                    "runAfter": {},
                    "metadata": {
                      "operationMetadataId": "1cd1ee3c-677f-41ec-99f4-3c40451f1354"
                    },
                    "type": "OpenApiConnection",
                    "inputs": {
                      "host": {
                        "connectionName": "shared_office365_1",
                        "operationId": "SendEmailV2",
                        "apiId": "/providers/Microsoft.PowerApps/apis/shared_office365"
                      },
                      "parameters": {
                        "emailMessage/To": "@triggerBody()['text']",
                        "emailMessage/Subject": "THÔNG BÁO KÝ KẾT HỢP ĐỒNG SỐ @{toUpper(outputs('Get_item_Contract')?['body/Title'])} KÝ NGÀY @{formatDateTime(outputs('Get_item_Contract')?['body/NgayKyHD'],'dd/MM/yyyy')}",
                        "emailMessage/Body": "<p><strong>Kính gửi Anh/Chị,</strong><br>\n<br>\nHợp đồng số @{outputs('Get_item_Contract')?['body/Title']} được ký kết vào ngày @{formatDateTime(outputs('Get_item_Contract')?['body/NgayKyHD'],'dd/MM/yyyy')} được tạo bởi &nbsp;@{outputs('Get_item_Contract')?['body/NguoiTao/DisplayName']}. Đây là thông tin chi tiết:<br>\n<br>\n@{outputs('Compose_template_send_mail')}<br>\n<strong>Lịch thanh toán:</strong><br>\n<br>\n@{body('Create_HTML_table')}<br>\n<br>\nMọi chi tiết thắc mắc cần hỗ trợ, Anh/Chị vui lòng liên hệ:<br>\nEmail: HPTservice@hpt.vn<br>\nTrân trọng!</p>",
                        "emailMessage/Attachments": "@variables('AttachmentsArray')",
                        "emailMessage/Importance": "Normal"
                      },
                      "authentication": "@parameters('$authentication')"
                    }
                  }
                }
              },
              "expression": {
                "equals": [
                  "@body('Select')",
                  "@null"
                ]
              },
              "metadata": {
                "operationMetadataId": "5a81afa0-6e89-4348-ba7c-b8ff6d44c182"
              },
              "type": "If"
            }
          },
          "runAfter": {
            "Initialize_variable": [
              "Succeeded"
            ]
          },
          "else": {
            "actions": {
              "Condition": {
                "actions": {
                  "Send_an_email_(V2)_2": {
                    "runAfter": {},
                    "metadata": {
                      "operationMetadataId": "16854a3f-dfa4-4715-a453-98452c52dbaf"
                    },
                    "type": "OpenApiConnection",
                    "inputs": {
                      "host": {
                        "connectionName": "shared_office365_1",
                        "operationId": "SendEmailV2",
                        "apiId": "/providers/Microsoft.PowerApps/apis/shared_office365"
                      },
                      "parameters": {
                        "emailMessage/To": "@triggerBody()['text']",
                        "emailMessage/Subject": "THÔNG BÁO KÝ KẾT HỢP ĐỒNG SỐ @{toUpper(outputs('Get_item_Contract')?['body/Title'])} KÝ NGÀY @{formatDateTime(outputs('Get_item_Contract')?['body/NgayKyHD'],'dd/MM/yyyy')}",
                        "emailMessage/Body": "<p><strong>Kính gửi Anh/Chị,</strong><br>\n<br>\nHợp đồng số @{outputs('Get_item_Contract')?['body/Title']} được ký kết vào ngày @{formatDateTime(outputs('Get_item_Contract')?['body/NgayKyHD'],'dd/MM/yyyy')} được tạo bởi &nbsp;@{outputs('Get_item_Contract')?['body/NguoiTao/DisplayName']}. Đây là thông tin chi tiết:<br>\n<br>\n@{outputs('Compose_template_send_mail')}<br>\n<br>\nMọi chi tiết thắc mắc cần hỗ trợ, Anh/Chị vui lòng liên hệ:<br>\nEmail: HPTservice@hpt.vn<br>\nTrân trọng!</p>",
                        "emailMessage/Importance": "Normal"
                      },
                      "authentication": "@parameters('$authentication')"
                    }
                  }
                },
                "runAfter": {},
                "else": {
                  "actions": {
                    "Send_an_email_(V2)_3": {
                      "runAfter": {},
                      "metadata": {
                        "operationMetadataId": "37e32e54-f1b5-4d07-bfb9-246be93b7cbe"
                      },
                      "type": "OpenApiConnection",
                      "inputs": {
                        "host": {
                          "connectionName": "shared_office365_1",
                          "operationId": "SendEmailV2",
                          "apiId": "/providers/Microsoft.PowerApps/apis/shared_office365"
                        },
                        "parameters": {
                          "emailMessage/To": "@triggerBody()['text']",
                          "emailMessage/Subject": "THÔNG BÁO KÝ KẾT HỢP ĐỒNG SỐ @{toUpper(outputs('Get_item_Contract')?['body/Title'])} KÝ NGÀY @{formatDateTime(outputs('Get_item_Contract')?['body/NgayKyHD'],'dd/MM/yyyy')}",
                          "emailMessage/Body": "<p><strong>Kính gửi Anh/Chị,</strong><br>\n<br>\nHợp đồng số @{outputs('Get_item_Contract')?['body/Title']} được ký kết vào ngày @{formatDateTime(outputs('Get_item_Contract')?['body/NgayKyHD'],'dd/MM/yyyy')} được tạo bởi &nbsp;@{outputs('Get_item_Contract')?['body/NguoiTao/DisplayName']}. Đây là thông tin chi tiết:<br>\n<br>\n@{outputs('Compose_template_send_mail')}<br>\n<strong>Lịch thanh toán:<br>\n<br>\n</strong><strong>@{body('Create_HTML_table')}</strong><strong></strong><br>\n<br>\nMọi chi tiết thắc mắc cần hỗ trợ, Anh/Chị vui lòng liên hệ:<br>\nEmail: HPTservice@hpt.vn<br>\nTrân trọng!</p>",
                          "emailMessage/Importance": "Normal"
                        },
                        "authentication": "@parameters('$authentication')"
                      }
                    }
                  }
                },
                "expression": {
                  "equals": [
                    "@body('Select')",
                    "@null"
                  ]
                },
                "metadata": {
                  "operationMetadataId": "4fbe1e23-8056-4b68-ad70-8e35c0ada87c"
                },
                "type": "If"
              }
            }
          },
          "expression": {
            "equals": [
              "@triggerBody()['boolean']",
              true
            ]
          },
          "metadata": {
            "operationMetadataId": "3984874d-603e-4e0f-9c28-904f41b83932"
          },
          "type": "If"
        },
        "Get_items_:_to_list_lịch_thanh_toán": {
          "runAfter": {
            "Get_item_Contract": [
              "Succeeded"
            ]
          },
          "metadata": {
            "operationMetadataId": "bc8725a8-bb3e-4cfc-a031-2d453ac3504d"
          },
          "type": "OpenApiConnection",
          "inputs": {
            "host": {
              "connectionName": "shared_sharepointonline",
              "operationId": "GetItems",
              "apiId": "/providers/Microsoft.PowerApps/apis/shared_sharepointonline"
            },
            "parameters": {
              "dataset": "@parameters('Site Contract Development - https://hptvn.sharepoint.com/teams/mppdev/contract (contract_shared_sharepointonline_ba8a92bb5f984c4a9e12b8ebbe150b7e)')",
              "table": "@parameters('List Data Lịch thanh toán (new_shared_sharepointonline_5f4b15a58b9046d4b7f82734d3274b93)')",
              "$filter": "IDHopDong eq @{triggerBody()['number']}",
              "$orderby": "ID desc, NgayDuKienXHD asc"
            },
            "authentication": "@parameters('$authentication')"
          },
          "runtimeConfiguration": {
            "paginationPolicy": {
              "minimumItemCount": 5000
            }
          }
        },
        "Select": {
          "runAfter": {
            "Get_items_:_to_list_lịch_thanh_toán": [
              "Succeeded"
            ]
          },
          "metadata": {
            "operationMetadataId": "baaa8b10-413b-4477-8caf-6a40906e398c"
          },
          "type": "Select",
          "inputs": {
            "from": "@outputs('Get_items_:_to_list_lịch_thanh_toán')?['body/value']",
            "select": {
              "Nội dung thanh toán": "@item()?['Title']",
              "Số hóa đơn": "@item()?['SoHoaDon']",
              "Giá trị dự kiến": "@if(and(not(equals(item()?['GiaTriDuKien'], null)), not(empty(string(item()?['GiaTriDuKien'])))), formatNumber(item()?['GiaTriDuKien'], 'N0', 'en-US'), null)",
              "Giá trị thực tế": "@if(and(not(equals(item()?['GiaTriThucTe'], null)), not(empty(string(item()?['GiaTriThucTe'])))), formatNumber(item()?['GiaTriThucTe'], 'N0', 'en-US'), null)",
              "Ngày dự kiến XHĐ": "@if(and(not(equals(item()?['NgayDuKienXHD'], null)), not(empty(item()?['NgayDuKienXHD']))), formatDateTime(item()?['NgayDuKienXHD'],'dd/MM/yyyy'), null)",
              "Ngày thực tế XHD": "@if(and(not(equals(item()?['NgayThucTeXH_x0110_'], null)), not(empty(item()?['NgayThucTeXH_x0110_']))), formatDateTime(item()?['NgayThucTeXH_x0110_'],'dd/MM/yyyy'), null)",
              "Tình trạng": "@item()?['TinhTrang/Value']"
            }
          }
        },
        "Create_HTML_table": {
          "runAfter": {
            "Select": [
              "Succeeded"
            ]
          },
          "metadata": {
            "operationMetadataId": "c28e293c-c678-4549-a5be-084407abf6c7"
          },
          "type": "Table",
          "inputs": {
            "from": "@body('Select')",
            "format": "HTML"
          }
        }
      }
    },
    "templateName": ""
  },
  "schemaVersion": "1.0.0.0"
}