{
  "properties": {
    "connectionReferences": {
      "shared_sharepointonline_1": {
        "runtimeSource": "embedded",
        "connection": {
          "connectionReferenceLogicalName": "contract_sharedsharepointonline_5ddc3"
        },
        "api": {
          "name": "shared_sharepointonline"
        }
      },
      "shared_office365_1": {
        "runtimeSource": "embedded",
        "connection": {
          "connectionReferenceLogicalName": "contract_sharedoffice365_69327"
        },
        "api": {
          "name": "shared_office365"
        }
      }
    },
    "definition": {
      "$schema": "https://schema.management.azure.com/providers/Microsoft.Logic/schemas/2016-06-01/workflowdefinition.json#",
      "contentVersion": "1.0.0.0",
      "parameters": {
        "$connections": {
          "defaultValue": {},
          "type": "Object"
        },
        "$authentication": {
          "defaultValue": {},
          "type": "SecureObject"
        },
        "Site Contract Development - https://hptvn.sharepoint.com/teams/mppdev/contract (contract_shared_sharepointonline_ba8a92bb5f984c4a9e12b8ebbe150b7e)": {
          "defaultValue": "https://hptvn.sharepoint.com/teams/mppdev/contract",
          "type": "String",
          "metadata": {
            "schemaName": "contract_shared_sharepointonline_ba8a92bb5f984c4a9e12b8ebbe150b7e"
          }
        },
        "List Data Contract (contract_shared_sharepointonline_af7e0287396a4264bf84ac3bb4d1bb35)": {
          "defaultValue": "3f1d5884-1363-4877-a3a6-87eea2435b5e",
          "type": "String",
          "metadata": {
            "schemaName": "contract_shared_sharepointonline_af7e0287396a4264bf84ac3bb4d1bb35"
          }
        },
        "List Data Lịch thanh toán (new_shared_sharepointonline_5f4b15a58b9046d4b7f82734d3274b93)": {
          "defaultValue": "091f36f1-bf80-4e87-bba9-d457bdc2f66f",
          "type": "String",
          "metadata": {
            "schemaName": "new_shared_sharepointonline_5f4b15a58b9046d4b7f82734d3274b93"
          }
        }
      },
      "triggers": {
        "Recurrence": {
          "recurrence": {
            "frequency": "Day",
            "interval": 1,
            "timeZone": "SE Asia Standard Time",
            "startTime": "2024-03-11T03:00:00Z"
          },
          "metadata": {
            "operationMetadataId": "e91207f6-53c5-448f-8eac-1f850e5e24f3"
          },
          "type": "Recurrence"
        }
      },
      "actions": {
        "Get_items_Phase": {
          "runAfter": {},
          "metadata": {
            "operationMetadataId": "2a4c770c-3e8f-4e3f-90bc-2a71fb744fb7"
          },
          "type": "OpenApiConnection",
          "inputs": {
            "host": {
              "connectionName": "shared_sharepointonline_1",
              "operationId": "GetItems",
              "apiId": "/providers/Microsoft.PowerApps/apis/shared_sharepointonline"
            },
            "parameters": {
              "dataset": "@parameters('Site Contract Development - https://hptvn.sharepoint.com/teams/mppdev/contract (contract_shared_sharepointonline_ba8a92bb5f984c4a9e12b8ebbe150b7e)')",
              "table": "@parameters('List Data Lịch thanh toán (new_shared_sharepointonline_5f4b15a58b9046d4b7f82734d3274b93)')",
              "$filter": "NgayDuKienXHD ge '@{formatDateTime(utcNow(),'yyyy-MM-dd')}' and NgayDuKienXHD le '@{addDays(utcNow(),10,'yyyy-MM-dd')}' and TinhTrang eq 'Chưa xuất hóa đơn'",
              "$orderby": "NgayDuKienXHD asc, ItemCount desc"
            },
            "authentication": "@parameters('$authentication')"
          },
          "runtimeConfiguration": {
            "paginationPolicy": {
              "minimumItemCount": 5000
            }
          }
        },
        "Initialize_Array": {
          "runAfter": {
            "Compose_2": [
              "Succeeded"
            ]
          },
          "metadata": {
            "operationMetadataId": "046be1ab-46e7-49b1-b219-73efcc429900"
          },
          "type": "InitializeVariable",
          "inputs": {
            "variables": [
              {
                "name": "varArray",
                "type": "array"
              }
            ]
          }
        },
        "Initialize_ID": {
          "runAfter": {
            "Initialize_Array": [
              "Succeeded"
            ]
          },
          "metadata": {
            "operationMetadataId": "2aca2f27-0fc3-401a-b4b2-93208f94004b"
          },
          "type": "InitializeVariable",
          "inputs": {
            "variables": [
              {
                "name": "varID",
                "type": "string",
                "value": "0"
              }
            ]
          }
        },
        "Apply_to_each": {
          "foreach": "@outputs('Get_items_Phase')?['body/value']",
          "actions": {
            "Append_to_array_variable": {
              "runAfter": {},
              "metadata": {
                "operationMetadataId": "66d0c53f-3faf-41d0-80fd-0dffb0a03ebb"
              },
              "type": "AppendToArrayVariable",
              "inputs": {
                "name": "varArray",
                "value": "@int(items('Apply_to_each')['IDHopDong'])"
              }
            },
            "Set_variable": {
              "runAfter": {
                "Append_to_array_variable": [
                  "Succeeded"
                ]
              },
              "metadata": {
                "operationMetadataId": "bca1814f-7ba2-4fbc-a382-405446fd1a4d"
              },
              "type": "SetVariable",
              "inputs": {
                "name": "varID",
                "value": "@{concat(variables('varArray'))}"
              }
            }
          },
          "runAfter": {
            "Initialize_ID": [
              "Succeeded"
            ]
          },
          "metadata": {
            "operationMetadataId": "2bf34bf8-e750-44a4-a722-bf1315b17c69"
          },
          "type": "Foreach"
        },
        "Set_variable_2": {
          "runAfter": {
            "Apply_to_each": [
              "Succeeded"
            ]
          },
          "metadata": {
            "operationMetadataId": "3b46381c-916c-41e7-9a71-bf06286be3fb"
          },
          "type": "SetVariable",
          "inputs": {
            "name": "varID",
            "value": "@{union(variables('varArray'),variables('varArray'))}"
          }
        },
        "Apply_to_each_2": {
          "foreach": "@union(variables('varArray'),variables('varArray'))",
          "actions": {
            "Get_item": {
              "runAfter": {},
              "metadata": {
                "operationMetadataId": "e0026f17-0f05-4c43-b5e6-dbdd4181147e"
              },
              "type": "OpenApiConnection",
              "inputs": {
                "host": {
                  "connectionName": "shared_sharepointonline_1",
                  "operationId": "GetItem",
                  "apiId": "/providers/Microsoft.PowerApps/apis/shared_sharepointonline"
                },
                "parameters": {
                  "dataset": "@parameters('Site Contract Development - https://hptvn.sharepoint.com/teams/mppdev/contract (contract_shared_sharepointonline_ba8a92bb5f984c4a9e12b8ebbe150b7e)')",
                  "table": "@parameters('List Data Contract (contract_shared_sharepointonline_af7e0287396a4264bf84ac3bb4d1bb35)')",
                  "id": "@items('Apply_to_each_2')"
                },
                "authentication": "@parameters('$authentication')"
              }
            },
            "Get_items": {
              "runAfter": {
                "Get_item": [
                  "Succeeded"
                ]
              },
              "metadata": {
                "operationMetadataId": "04628350-ad78-429c-9334-14bc8ab3926d"
              },
              "type": "OpenApiConnection",
              "inputs": {
                "host": {
                  "connectionName": "shared_sharepointonline_1",
                  "operationId": "GetItems",
                  "apiId": "/providers/Microsoft.PowerApps/apis/shared_sharepointonline"
                },
                "parameters": {
                  "dataset": "@parameters('Site Contract Development - https://hptvn.sharepoint.com/teams/mppdev/contract (contract_shared_sharepointonline_ba8a92bb5f984c4a9e12b8ebbe150b7e)')",
                  "table": "@parameters('List Data Lịch thanh toán (new_shared_sharepointonline_5f4b15a58b9046d4b7f82734d3274b93)')",
                  "$filter": "IDHopDong eq '@{outputs('Get_item')?['body/ID']}' and NgayDuKienXHD ge '@{formatDateTime(utcNow(),'yyyy-MM-dd')}' and NgayDuKienXHD le '@{addDays(utcNow(),10,'yyyy-MM-dd')}' and TinhTrang eq 'Chưa xuất hóa đơn'",
                  "$orderby": "NgayDuKienXHD asc, ItemCount desc"
                },
                "authentication": "@parameters('$authentication')"
              },
              "runtimeConfiguration": {
                "paginationPolicy": {
                  "minimumItemCount": 5000
                }
              }
            },
            "Apply_to_each_4": {
              "foreach": "@outputs('Get_items')?['body/value']",
              "actions": {
                "Condition_Set_3Day": {
                  "actions": {
                    "Scope": {
                      "actions": {
                        "Send_an_email_(V2)": {
                          "runAfter": {
                            "Compose_3": [
                              "Succeeded"
                            ]
                          },
                          "metadata": {
                            "operationMetadataId": "04ce9666-89cb-44a4-813a-6f6ad69192e0"
                          },
                          "type": "OpenApiConnection",
                          "inputs": {
                            "host": {
                              "connectionName": "shared_office365_1",
                              "operationId": "SendEmailV2",
                              "apiId": "/providers/Microsoft.PowerApps/apis/shared_office365"
                            },
                            "parameters": {
                              "emailMessage/To": "@outputs('Get_item')?['body/NguoiTao/Email']",
                              "emailMessage/Subject": "HỢP ĐỒNG SỐ @{outputs('Get_item')?['body/Title']}  SẮP ĐẾN HẠN XUẤT HÓA ĐƠN",
                              "emailMessage/Body": "<p><strong>Kính gửi Anh/Chị,</strong><br>\n<br>\nHợp đồng số <strong></strong><strong>@{outputs('Get_item')?['body/Title']}</strong><strong></strong> được tạo bởi <strong></strong><strong>@{outputs('Get_item')?['body/NguoiTao/DisplayName']}</strong><strong></strong> sắp đến hạn xuất hóa đơn. Dưới đây là thông tin chi tiết :<br>\n@{outputs('Compose')}<br>\n<strong>Lịch thanh toán:<br>\n</strong><br>\n@{outputs('Compose_3')}<br>\n<strong>Mọi chi tiết thắc mắc cần hỗ trợ, Anh/Chị vui lòng liên hệ:</strong><br>\n- Email: @{outputs('Get_item')?['body/NguoiTao/Email']}<br>\nTrân trọng!</p>",
                              "emailMessage/Importance": "Normal"
                            },
                            "authentication": "@parameters('$authentication')"
                          }
                        },
                        "Apply_to_each_3": {
                          "foreach": "@outputs('Get_item')?['body/GroupMailPhase']",
                          "actions": {
                            "Send_an_email_(V2)_2": {
                              "runAfter": {},
                              "metadata": {
                                "operationMetadataId": "04ce9666-89cb-44a4-813a-6f6ad69192e0"
                              },
                              "type": "OpenApiConnection",
                              "inputs": {
                                "host": {
                                  "connectionName": "shared_office365_1",
                                  "operationId": "SendEmailV2",
                                  "apiId": "/providers/Microsoft.PowerApps/apis/shared_office365"
                                },
                                "parameters": {
                                  "emailMessage/To": "@items('Apply_to_each_3')?['Email']",
                                  "emailMessage/Subject": "HỢP ĐỒNG SỐ @{outputs('Get_item')?['body/Title']}  SẮP ĐẾN HẠN XUẤT HÓA ĐƠN",
                                  "emailMessage/Body": "<p><strong>Kính gửi Anh/Chị,</strong><br>\n<br>\nHợp đồng số <strong>@{outputs('Get_item')?['body/Title']}</strong><strong></strong> được tạo bởi <strong></strong><strong>@{outputs('Get_item')?['body/NguoiTao/DisplayName']}</strong><strong></strong> sắp đến hạn xuất hóa đơn. Dưới đây là thông tin chi tiết:<br>\n@{outputs('Compose')}<br>\n<strong>Lịch thanh toán:<br>\n</strong><br>\n@{outputs('Compose_3')}<br>\n<strong>Mọi chi tiết thắc mắc cần hỗ trợ, Anh/Chị vui lòng liên hệ:</strong><br>\n- Email: @{outputs('Get_item')?['body/NguoiTao/Email']}<br>\nTrân trọng!</p>",
                                  "emailMessage/Importance": "Normal"
                                },
                                "authentication": "@parameters('$authentication')"
                              }
                            }
                          },
                          "runAfter": {
                            "Send_an_email_(V2)": [
                              "Succeeded"
                            ]
                          },
                          "metadata": {
                            "operationMetadataId": "9d47d2d7-e34c-43d7-b1e3-5f3faac5e37d"
                          },
                          "type": "Foreach"
                        },
                        "Compose_3": {
                          "runAfter": {},
                          "metadata": {
                            "operationMetadataId": "4d1a02bd-ea1f-4df7-8611-d5a8f2e9321d"
                          },
                          "type": "Compose",
                          "inputs": "<style>\n        body {\n            font-family: Arial, sans-serif;\n            margin: 20px;\n        }\n        table {\n            width: 100%;\n            border-collapse: collapse;\n            margin-bottom: 20px;\n        }\n        th, td {\n            border: 1px solid #ddd;\n            padding: 8px;\n            text-align: left;\n        }\n        th {\n            background-color: #1C6EA4;\n        }\n        tr:nth-child(even) {\n            background-color: #f9f9f9;\n        }\n        tr:hover {\n            background-color: #f1f1f1;\n        }\n    </style>\n<table>\n        <thead>\n            <tr>\n               <th>Nội dung thanh toán</th>\n<th>Số hóa đơn</th>\n<th>Giá trị dự kiến</th>\n<th>Giá trị thực tế</th>\n<th>Ngày dự kiến XHĐ</th>\n<th>Ngày thực tế XHĐ</th>\n<th>Tình trạng</th>\n            </tr>\n        </thead>\n        <tbody>\n            <tr>\n<td>@{items('Apply_to_each_4')?['Title']}</td>\n               <td>@{items('Apply_to_each_4')?['SoHoaDon']}</td>\n        <td>@{if(\r\n    and(\r\n        not(equals(formatNumber(coalesce(items('Apply_to_each_4')?['GiaTriDuKien'], 0), 'N0', 'en-US'), null)),\r\n        not(empty(formatNumber(coalesce(items('Apply_to_each_4')?['GiaTriDuKien'], 0), 'N0', 'en-US')))\r\n    ),\r\n    formatNumber(coalesce(items('Apply_to_each_4')?['GiaTriDuKien'], 0), 'N0', 'en-US'),\r\n    null\r\n)}</td>\n               <td>@{if(\r\n    and(\r\n        not(equals(formatNumber(coalesce(items('Apply_to_each_4')?['GiaTriThucTe'], 0), 'N0', 'en-US'), null)),\r\n        not(empty(formatNumber(coalesce(items('Apply_to_each_4')?['GiaTriThucTe'], 0), 'N0', 'en-US')))\r\n    ),\r\n    formatNumber(coalesce(items('Apply_to_each_4')?['GiaTriThucTe'], 0), 'N0', 'en-US'),\r\n    null\r\n)}</td> \n<td>@{if(\r\n    and(\r\n        not(equals(items('Apply_to_each_4')?['NgayDuKienXHD'], null)),\r\n        not(empty(items('Apply_to_each_4')?['NgayDuKienXHD']))\r\n    ),\r\n    formatDateTime(items('Apply_to_each_4')?['NgayDuKienXHD'],'dd/MM/yyyy'),\r\n    null\r\n)}</td>\n               <td>@{if(\r\n    and(\r\n        not(equals(items('Apply_to_each_4')?['NgayThucTeXH_x0110_'], null)),\r\n        not(empty(items('Apply_to_each_4')?['NgayThucTeXH_x0110_']))\r\n    ),\r\n    formatDateTime(items('Apply_to_each_4')?['NgayThucTeXH_x0110_'],'dd/MM/yyyy'),\r\n    null\r\n)}</td> \n                <td>@{items('Apply_to_each_4')?['TinhTrang/Value']}</td>\n            </tr>\n        </tbody>\n    </table>"
                        }
                      },
                      "runAfter": {},
                      "metadata": {
                        "operationMetadataId": "e514a2c2-a253-4c12-9803-1a9677504bbb"
                      },
                      "type": "Scope"
                    }
                  },
                  "runAfter": {},
                  "expression": {
                    "equals": [
                      "@mod(div(sub(ticks(formatDateTime(items('Apply_to_each_4')?['NgayDuKienXHD'],'yyyy-MM-dd')),ticks(formatDateTime(utcNow(),'yyyy-MM-dd'))), 864000000000),3)",
                      0
                    ]
                  },
                  "metadata": {
                    "operationMetadataId": "8ff874a8-dee5-424f-8769-cb4d7bfda141"
                  },
                  "type": "If"
                }
              },
              "runAfter": {
                "Compose": [
                  "Succeeded"
                ]
              },
              "metadata": {
                "operationMetadataId": "fb740ba3-4eb8-4fdb-8d88-7b0c1447ff5d"
              },
              "type": "Foreach"
            },
            "Compose": {
              "runAfter": {
                "Get_items": [
                  "Succeeded"
                ]
              },
              "metadata": {
                "operationMetadataId": "84984987-3e99-4a49-bfe0-baddbba7a9ca"
              },
              "type": "Compose",
              "inputs": "<style>\n  table {\n    border: 1px solid #1C6EA4;\n    background-color: #EEEEEE;\n    width: 100%;\n    text-align: left;\n    border-collapse: collapse;\n  }\n  table td, table th {\n    border: 1px solid #AAAAAA;\n    padding: 3px 2px;\n  }\n  table tbody td {\n    font-size: 13px;\n  }\n  table thead {\n    background: #1C6EA4;\n    border-bottom: 2px solid #444444;\n  }\n  table thead th {\n    font-size: 15px;\n    font-weight: bold;\n    color: #FFFFFF;\n    border-left: 2px solid #D0E4F5;\n  }\n  table thead th:first-child {\n    border-left: none;\n  }\n  .lbltotalprice{\n  color: #ff0000;\n   font-size: 15px;\n  }\n  .totalprice{\n  background: #1C6EA4;\n    border: 2px solid #444444;\n   font-size: 13px;\n  }\n  </style>\n<h2 style=\"text-align: center;\"></h2>\n<table>\n  <tr>\n    <td>Số hợp đồng: @{outputs('Get_item')?['body/Title']}</td>\n    <td>Mô tả chi tiết: @{outputs('Get_item')?['body/MoTaChiTiet']}</td>\n  </tr>\n<tr>\n    <td>Mã vụ việc: @{outputs('Get_item')?['body/MaVuViec']}</td>\n    <td>Mã hợp đồng: @{outputs('Get_item')?['body/MaHopDong']}</td>\n  </tr>\n<tr>\n    <td>Kỹ thuật: @{outputs('Get_item')?['body/KyThuat/Email']}</td>\n    <td>Phòng kỹ thuật: @{outputs('Get_item')?['body/PhongKyThuat/Value']}</td>\n  </tr>\n<tr>\n    <td>Khách hàng: @{outputs('Get_item')?['body/KhachHang/Value']}</td>\n    <td>Sản phẩm dịch vụ: @{outputs('Get_item')?['body/SanPhamDichVu/Value']}</td>\n  </tr>\n  <tr>\n    <td>Ngày ký hợp đồng: @{if(\r\n  and(\r\n      not(equals(outputs('Get_item')?['body/NgayKyHD'], null)),\r\n      not(empty(outputs('Get_item')?['body/NgayKyHD']))\r\n  ),\r\n  formatDateTime(outputs('Get_item')?['body/NgayKyHD'],'dd/MM/yyyy'),\r\n  null\r\n)}</td>\n    <td>Ngày kết thúc dịch vụ: @{if(\r\n  and(\r\n      not(equals(outputs('Get_item')?['body/NgayKetThucDichVu'], null)),\r\n      not(empty(outputs('Get_item')?['body/NgayKetThucDichVu']))\r\n  ),\r\n  formatDateTime(outputs('Get_item')?['body/NgayKetThucDichVu'],'dd/MM/yyyy'),\r\n  null\r\n)}</td>\n  </tr>\n\n</table>"
            }
          },
          "runAfter": {
            "Set_variable_2": [
              "Succeeded"
            ]
          },
          "metadata": {
            "operationMetadataId": "cdcd1e5a-8b91-46b9-a5f8-f83dc95d2583"
          },
          "type": "Foreach"
        },
        "Compose_2": {
          "runAfter": {
            "Get_items_Phase": [
              "Succeeded"
            ]
          },
          "metadata": {
            "operationMetadataId": "ea45367f-6d0d-4d64-904e-615b26b6a5d5"
          },
          "type": "Compose",
          "inputs": "@length(outputs('Get_items_Phase')?['body/value'])"
        }
      }
    },
    "templateName": ""
  },
  "schemaVersion": "1.0.0.0"
}