{
  "properties": {
    "connectionReferences": {
      "shared_sharepointonline": {
        "runtimeSource": "embedded",
        "connection": {
          "connectionReferenceLogicalName": "contract_sharedsharepointonline_5ddc3"
        },
        "api": {
          "name": "shared_sharepointonline"
        }
      },
      "shared_office365_1": {
        "runtimeSource": "embedded",
        "connection": {
          "connectionReferenceLogicalName": "contract_sharedoffice365_69327"
        },
        "api": {
          "name": "shared_office365"
        }
      }
    },
    "definition": {
      "$schema": "https://schema.management.azure.com/providers/Microsoft.Logic/schemas/2016-06-01/workflowdefinition.json#",
      "contentVersion": "1.0.0.0",
      "parameters": {
        "$connections": {
          "defaultValue": {},
          "type": "Object"
        },
        "$authentication": {
          "defaultValue": {},
          "type": "SecureObject"
        },
        "Site Contract Development - https://hptvn.sharepoint.com/teams/mppdev/contract (contract_shared_sharepointonline_ba8a92bb5f984c4a9e12b8ebbe150b7e)": {
          "defaultValue": "https://hptvn.sharepoint.com/teams/mppdev/contract",
          "type": "String",
          "metadata": {
            "schemaName": "contract_shared_sharepointonline_ba8a92bb5f984c4a9e12b8ebbe150b7e"
          }
        },
        "List Data Contract (contract_shared_sharepointonline_af7e0287396a4264bf84ac3bb4d1bb35)": {
          "defaultValue": "3f1d5884-1363-4877-a3a6-87eea2435b5e",
          "type": "String",
          "metadata": {
            "schemaName": "contract_shared_sharepointonline_af7e0287396a4264bf84ac3bb4d1bb35"
          }
        }
      },
      "triggers": {
        "Recurrence": {
          "recurrence": {
            "frequency": "Day",
            "interval": 1,
            "timeZone": "SE Asia Standard Time",
            "startTime": "2024-03-11T03:00:00Z"
          },
          "metadata": {
            "operationMetadataId": "e91207f6-53c5-448f-8eac-1f850e5e24f3"
          },
          "type": "Recurrence"
        }
      },
      "actions": {
        "Get_items_Contract": {
          "runAfter": {},
          "metadata": {
            "operationMetadataId": "2a4c770c-3e8f-4e3f-90bc-2a71fb744fb7"
          },
          "type": "OpenApiConnection",
          "inputs": {
            "host": {
              "connectionName": "shared_sharepointonline",
              "operationId": "GetItems",
              "apiId": "/providers/Microsoft.PowerApps/apis/shared_sharepointonline"
            },
            "parameters": {
              "dataset": "@parameters('Site Contract Development - https://hptvn.sharepoint.com/teams/mppdev/contract (contract_shared_sharepointonline_ba8a92bb5f984c4a9e12b8ebbe150b7e)')",
              "table": "@parameters('List Data Contract (contract_shared_sharepointonline_af7e0287396a4264bf84ac3bb4d1bb35)')",
              "$filter": "NgayKetThucDichVu ge '@{utcNow()}'",
              "$orderby": "ID desc"
            },
            "authentication": "@parameters('$authentication')"
          },
          "runtimeConfiguration": {
            "paginationPolicy": {
              "minimumItemCount": 5000
            }
          }
        },
        "Apply_to_each": {
          "foreach": "@outputs('Get_items_Contract')?['body/value']",
          "actions": {
            "Condition": {
              "actions": {
                "Compose_2": {
                  "runAfter": {},
                  "metadata": {
                    "operationMetadataId": "fac778ad-51bb-439e-b536-e8b7d4579ac9"
                  },
                  "type": "Compose",
                  "inputs": "<style>\n  table {\n    border: 1px solid #1C6EA4;\n    background-color: #EEEEEE;\n    width: 100%;\n    text-align: left;\n    border-collapse: collapse;\n  }\n  table td, table th {\n    border: 1px solid #AAAAAA;\n    padding: 3px 2px;\n  }\n  table tbody td {\n    font-size: 13px;\n  }\n  table thead {\n    background: #1C6EA4;\n    border-bottom: 2px solid #444444;\n  }\n  table thead th {\n    font-size: 15px;\n    font-weight: bold;\n    color: #FFFFFF;\n    border-left: 2px solid #D0E4F5;\n  }\n  table thead th:first-child {\n    border-left: none;\n  }\n  .lbltotalprice{\n  color: #ff0000;\n   font-size: 15px;\n  }\n  .totalprice{\n  background: #1C6EA4;\n    border: 2px solid #444444;\n   font-size: 13px;\n  }\n  </style>\n<h2 style=\"text-align: center;\">HỢP ĐỒNG</h2>\n<table>\n  <tr>\n    <td>Số hợp đồng: @{items('Apply_to_each')?['Title']}</td>\n    <td>Mô tả thiết bị, dịch vụ: @{items('Apply_to_each')?['MoTaTBDV']}</td>\n  </tr>\n<tr>\n    <td>Mã vụ việc: @{items('Apply_to_each')?['MaVuViec']}</td>\n    <td>Mã hợp đồng: @{items('Apply_to_each')?['MaHopDong']}</td>\n  </tr>\n<tr>\n    <td>Kỹ thuật: @{items('Apply_to_each')?['KyThuat/DisplayName']}</td>\n    <td>Phòng kỹ thuật: @{items('Apply_to_each')?['PhongKyThuat/Value']}</td>\n  </tr>\n<tr>\n    <td>Khách hàng: @{items('Apply_to_each')?['KhachHang/Value']}</td>\n    <td>Sản phẩm dịch vụ: @{items('Apply_to_each')?['SanPhamDichVu/Value']}</td>\n  </tr>\n  <tr>\n    <td>Ngày ký hợp đồng: @{if(\n  and(\n      not(equals(items('Apply_to_each')?['NgayKyHD'], null)),\n      not(empty(items('Apply_to_each')?['NgayKyHD']))\n  ),\n  formatDateTime(items('Apply_to_each')?['NgayKyHD'],'dd/MM/yyyy'),\n  null\n)}</td>\n    <td>Ngày tái ký hợp đồng: @{if(\n  and(\n      not(equals(items('Apply_to_each')?['NgayTaiKyHD'], null)),\n      not(empty(items('Apply_to_each')?['NgayTaiKyHD']))\n  ),\n  formatDateTime(items('Apply_to_each')?['NgayTaiKyHD'],'dd/MM/yyyy'),\n  null\n)}</td>\n  </tr>\n \n</table>"
                },
                "Apply_to_each_3": {
                  "foreach": "@items('Apply_to_each')",
                  "actions": {
                    "Send_an_email_(V2)_2": {
                      "runAfter": {},
                      "metadata": {
                        "operationMetadataId": "e1ab744a-e6c6-45d4-b346-e581a9ef0217"
                      },
                      "type": "OpenApiConnection",
                      "inputs": {
                        "host": {
                          "connectionName": "shared_office365_1",
                          "operationId": "SendEmailV2",
                          "apiId": "/providers/Microsoft.PowerApps/apis/shared_office365"
                        },
                        "parameters": {
                          "emailMessage/To": "@item()?['Email']",
                          "emailMessage/Subject": "HỢP ĐỒNG SỐ @{toUpper( items('Apply_to_each')?['Title'])}  SẮP ĐẾN HẠN BẢO TRÌ",
                          "emailMessage/Body": "<p><strong>Kính gửi Anh/Chị,</strong><br>\n<br>\nHợp đồng số <strong></strong><strong>@{items('Apply_to_each')?['Title']}</strong><strong></strong> được tạo bởi <strong></strong><strong>@{items('Apply_to_each')?['NguoiTao/DisplayName']}</strong><strong></strong> sắp đến hạn bảo trì. Dưới đây là thông tin chi tiết:<br>\n<br>\n@{outputs('Compose_2')}<br>\n<br>\nMọi chi tiết thắc mắc cần hỗ trợ, Anh/Chị vui lòng liên hệ:<br>\n- Email: @{items('Apply_to_each')?['NguoiTao/Email']}<br>\nTrân trọng!</p>",
                          "emailMessage/Importance": "Normal"
                        },
                        "authentication": "@parameters('$authentication')"
                      }
                    }
                  },
                  "runAfter": {
                    "Compose_2": [
                      "Succeeded"
                    ]
                  },
                  "metadata": {
                    "operationMetadataId": "f34256ab-756b-40c3-9a57-c2e26c0b7ef6"
                  },
                  "type": "Foreach"
                }
              },
              "runAfter": {},
              "expression": {
                "equals": [
                  "@if(empty(items('Apply_to_each')?['NgayBatDauDichVu']), '', formatDateTime(addToTime(coalesce(items('Apply_to_each')?['NgayBatDauDichVu'], '2024-01-01T00:00:00Z'), 3, 'Month'), 'MM-dd-yyyy'))",
                  "@formatDateTime(utcNow(),'MM-dd-yyyy')"
                ]
              },
              "metadata": {
                "operationMetadataId": "47883b6c-8376-4ae3-9709-5dee5ac6c9ff"
              },
              "type": "If"
            }
          },
          "runAfter": {
            "Get_items_Contract": [
              "Succeeded"
            ]
          },
          "metadata": {
            "operationMetadataId": "89e4ea4a-2d0d-47b9-b842-83812246e3f6"
          },
          "type": "Foreach"
        }
      }
    },
    "templateName": ""
  },
  "schemaVersion": "1.0.0.0"
}