{
  "properties": {
    "connectionReferences": {
      "shared_sharepointonline_1": {
        "runtimeSource": "embedded",
        "connection": {
          "connectionReferenceLogicalName": "contract_sharedsharepointonline_5ddc3"
        },
        "api": {
          "name": "shared_sharepointonline"
        }
      },
      "shared_microsoftforms": {
        "runtimeSource": "embedded",
        "connection": {
          "connectionReferenceLogicalName": "contract_sharedmicrosoftforms_8f64d"
        },
        "api": {
          "name": "shared_microsoftforms"
        }
      }
    },
    "definition": {
      "$schema": "https://schema.management.azure.com/providers/Microsoft.Logic/schemas/2016-06-01/workflowdefinition.json#",
      "contentVersion": "1.0.0.0",
      "parameters": {
        "$connections": {
          "defaultValue": {},
          "type": "Object"
        },
        "$authentication": {
          "defaultValue": {},
          "type": "SecureObject"
        },
        "Site Contract Development - https://hptvn.sharepoint.com/teams/mppdev/contract (contract_shared_sharepointonline_ba8a92bb5f984c4a9e12b8ebbe150b7e)": {
          "defaultValue": "https://hptvn.sharepoint.com/teams/mppdev/contract",
          "type": "String",
          "metadata": {
            "schemaName": "contract_shared_sharepointonline_ba8a92bb5f984c4a9e12b8ebbe150b7e"
          }
        },
        "List Data Khảo sát dịch vụ mua bán/triển khai (contract_shared_sharepointonline_74fa75e1d12c47099ff455aa02350596)": {
          "defaultValue": "eb578c61-3cd9-4421-b301-932c0b622c69",
          "type": "String",
          "metadata": {
            "schemaName": "contract_shared_sharepointonline_74fa75e1d12c47099ff455aa02350596"
          }
        }
      },
      "triggers": {
        "When_a_new_response_is_submitted:_Submitted_form_survey_Buy_Sell_Or_Deploy": {
          "splitOn": "@triggerOutputs()?['body/value']",
          "metadata": {
            "operationMetadataId": "c76c8c40-be29-4722-92bd-27c3f83cea3d"
          },
          "type": "OpenApiConnectionWebhook",
          "inputs": {
            "host": {
              "apiId": "/providers/Microsoft.PowerApps/apis/shared_microsoftforms",
              "connectionName": "shared_microsoftforms",
              "operationId": "CreateFormWebhook"
            },
            "parameters": {
              "form_id": "5Pls4dlB0kqPWNw96fZ_PO6DBE0_X95Lke7Lh6CdgqpUNlpCQUNWV1FOU1JLSVlaNloyNzVYNkxONC4u"
            },
            "authentication": "@parameters('$authentication')"
          }
        }
      },
      "actions": {
        "Create_item:_to_list_khảo_sát_mua_bán_triển_khai": {
          "runAfter": {
            "Get_response_details:_Get_detail_field": [
              "Succeeded"
            ]
          },
          "metadata": {
            "operationMetadataId": "5d854767-d4f8-48ab-8695-2287c3c9edc0"
          },
          "type": "OpenApiConnection",
          "inputs": {
            "host": {
              "apiId": "/providers/Microsoft.PowerApps/apis/shared_sharepointonline",
              "connectionName": "shared_sharepointonline_1",
              "operationId": "PostItem"
            },
            "parameters": {
              "dataset": "@parameters('Site Contract Development - https://hptvn.sharepoint.com/teams/mppdev/contract (contract_shared_sharepointonline_ba8a92bb5f984c4a9e12b8ebbe150b7e)')",
              "table": "@parameters('List Data Khảo sát dịch vụ mua bán/triển khai (contract_shared_sharepointonline_74fa75e1d12c47099ff455aa02350596)')",
              "item/Title": "@outputs('Get_response_details:_Get_detail_field')?['body/r2e0c19003f654c99b0498c7a9f9dc71b']",
              "item/TenCongTy": "@outputs('Get_response_details:_Get_detail_field')?['body/r2655b43c1dc44da696b579b43aeba755']",
              "item/Field1": "@outputs('Get_response_details:_Get_detail_field')?['body/r156a17f96f9047c0aed251ec93276a26']",
              "item/Field2": "@outputs('Get_response_details:_Get_detail_field')?['body/r9a143a4635a8401cace18d29e8a298ff']",
              "item/Field3": "@outputs('Get_response_details:_Get_detail_field')?['body/r4db89dc270714bb8bcd27e6e658c7aab']",
              "item/Field4": "@outputs('Get_response_details:_Get_detail_field')?['body/ra48df68b4e814a85abdca37ae7f996d7']",
              "item/Field5": "@outputs('Get_response_details:_Get_detail_field')?['body/rfc640d7b176041e389216e0feaf6fa1f']",
              "item/Field6": "@outputs('Get_response_details:_Get_detail_field')?['body/r4cd3716d1a794a35b07434aadd6b7dc9']",
              "item/Field7": "<p>@{outputs('Get_response_details:_Get_detail_field')?['body/r1cf50314088448dca5d78c7a3ca41ea8']}</p>"
            },
            "authentication": "@parameters('$authentication')"
          }
        },
        "Get_response_details:_Get_detail_field": {
          "runAfter": {},
          "metadata": {
            "operationMetadataId": "cdef2d97-8f33-4a26-99a5-a3354c1ed874"
          },
          "type": "OpenApiConnection",
          "inputs": {
            "host": {
              "apiId": "/providers/Microsoft.PowerApps/apis/shared_microsoftforms",
              "connectionName": "shared_microsoftforms",
              "operationId": "GetFormResponseById"
            },
            "parameters": {
              "form_id": "5Pls4dlB0kqPWNw96fZ_PO6DBE0_X95Lke7Lh6CdgqpUNlpCQUNWV1FOU1JLSVlaNloyNzVYNkxONC4u",
              "response_id": "@triggerOutputs()?['body/resourceData/responseId']"
            },
            "authentication": "@parameters('$authentication')"
          }
        },
        "Update_item:_to_list_khảo_sát_mua_bán_triển_khai": {
          "runAfter": {
            "Create_item:_to_list_khảo_sát_mua_bán_triển_khai": [
              "Succeeded"
            ]
          },
          "metadata": {
            "operationMetadataId": "049203c8-332f-4b4d-ac56-f2e87b8da7c8"
          },
          "type": "OpenApiConnection",
          "inputs": {
            "host": {
              "apiId": "/providers/Microsoft.PowerApps/apis/shared_sharepointonline",
              "connectionName": "shared_sharepointonline_1",
              "operationId": "PatchItem"
            },
            "parameters": {
              "dataset": "@parameters('Site Contract Development - https://hptvn.sharepoint.com/teams/mppdev/contract (contract_shared_sharepointonline_ba8a92bb5f984c4a9e12b8ebbe150b7e)')",
              "table": "@parameters('List Data Khảo sát dịch vụ mua bán/triển khai (contract_shared_sharepointonline_74fa75e1d12c47099ff455aa02350596)')",
              "id": "@outputs('Create_item:_to_list_khảo_sát_mua_bán_triển_khai')?['body/ID']",
              "item/ItemCount": "@outputs('Create_item:_to_list_khảo_sát_mua_bán_triển_khai')?['body/ID']"
            },
            "authentication": "@parameters('$authentication')"
          }
        }
      }
    },
    "templateName": null
  },
  "schemaVersion": "1.0.0.0"
}