{
  "properties": {
    "connectionReferences": {
      "shared_sharepointonline_1": {
        "runtimeSource": "embedded",
        "connection": {
          "connectionReferenceLogicalName": "contract_sharedsharepointonline_5ddc3"
        },
        "api": {
          "name": "shared_sharepointonline"
        }
      },
      "shared_microsoftforms": {
        "runtimeSource": "embedded",
        "connection": {
          "connectionReferenceLogicalName": "contract_sharedmicrosoftforms_8f64d"
        },
        "api": {
          "name": "shared_microsoftforms"
        }
      }
    },
    "definition": {
      "$schema": "https://schema.management.azure.com/providers/Microsoft.Logic/schemas/2016-06-01/workflowdefinition.json#",
      "contentVersion": "1.0.0.0",
      "parameters": {
        "$connections": {
          "defaultValue": {},
          "type": "Object"
        },
        "$authentication": {
          "defaultValue": {},
          "type": "SecureObject"
        },
        "Site Contract Development - https://hptvn.sharepoint.com/teams/mppdev/contract (contract_shared_sharepointonline_ba8a92bb5f984c4a9e12b8ebbe150b7e)": {
          "defaultValue": "https://hptvn.sharepoint.com/teams/mppdev/contract",
          "type": "String",
          "metadata": {
            "schemaName": "contract_shared_sharepointonline_ba8a92bb5f984c4a9e12b8ebbe150b7e"
          }
        },
        "List Data Khảo sát dịch vụ hỗ trợ kỹ thuật (contract_shared_sharepointonline_beb92437b22441a69961fa65f15d4417)": {
          "defaultValue": "3cc0f850-050d-4f17-ba81-ce39120222c8",
          "type": "String",
          "metadata": {
            "schemaName": "contract_shared_sharepointonline_beb92437b22441a69961fa65f15d4417"
          }
        }
      },
      "triggers": {
        "When_a_new_response_is_submitted:_Submitted_form_survey_ITO": {
          "splitOn": "@triggerOutputs()?['body/value']",
          "metadata": {
            "operationMetadataId": "c76c8c40-be29-4722-92bd-27c3f83cea3d"
          },
          "type": "OpenApiConnectionWebhook",
          "inputs": {
            "host": {
              "apiId": "/providers/Microsoft.PowerApps/apis/shared_microsoftforms",
              "connectionName": "shared_microsoftforms",
              "operationId": "CreateFormWebhook"
            },
            "parameters": {
              "form_id": "5Pls4dlB0kqPWNw96fZ_PO6DBE0_X95Lke7Lh6CdgqpUOUhSWEo3Q09SUlRNNFNIWk8xOTc1WkxMSi4u"
            },
            "authentication": "@parameters('$authentication')"
          }
        }
      },
      "actions": {
        "Create_item:_to_list_khảo_sát_dịch_vụ_hỗ_trợ_kĩ_thuật": {
          "runAfter": {
            "Get_response_details:_Get_detail_field": [
              "Succeeded"
            ]
          },
          "metadata": {
            "operationMetadataId": "5d854767-d4f8-48ab-8695-2287c3c9edc0"
          },
          "type": "OpenApiConnection",
          "inputs": {
            "host": {
              "apiId": "/providers/Microsoft.PowerApps/apis/shared_sharepointonline",
              "connectionName": "shared_sharepointonline_1",
              "operationId": "PostItem"
            },
            "parameters": {
              "dataset": "@parameters('Site Contract Development - https://hptvn.sharepoint.com/teams/mppdev/contract (contract_shared_sharepointonline_ba8a92bb5f984c4a9e12b8ebbe150b7e)')",
              "table": "@parameters('List Data Khảo sát dịch vụ hỗ trợ kỹ thuật (contract_shared_sharepointonline_beb92437b22441a69961fa65f15d4417)')",
              "item/Title": "@outputs('Get_response_details:_Get_detail_field')?['body/rd56be32a86c2450baab99ca67685323d']",
              "item/TenKH": "@outputs('Get_response_details:_Get_detail_field')?['body/r6ded4034c9704b32bf03fbb90ee0f533']",
              "item/Field1": "@outputs('Get_response_details:_Get_detail_field')?['body/r626179a3267c4118896d0f26fb83c63a']",
              "item/Field2": "@outputs('Get_response_details:_Get_detail_field')?['body/r973de13574614413bc448dd234be1c58']",
              "item/Field3": "@outputs('Get_response_details:_Get_detail_field')?['body/rb05fe4b707624327a7265cd9df3e3dc5']",
              "item/Field4": "@outputs('Get_response_details:_Get_detail_field')?['body/r23b3f9bd85404063903a9a64b65e4301']",
              "item/Field5": "@outputs('Get_response_details:_Get_detail_field')?['body/r206a1a71465f4cfdb16c834ebb993df3']",
              "item/Field6": "@outputs('Get_response_details:_Get_detail_field')?['body/r6073cfba93204f5d9327fbe947128947']",
              "item/Field7": "<p>@{outputs('Get_response_details:_Get_detail_field')?['body/r6da3cfe080594914b53be15a75a82939']}</p>",
              "item/Field8": "@outputs('Get_response_details:_Get_detail_field')?['body/rc672c2d48b3840d087296a903e3e4e92']",
              "item/Field9": "@outputs('Get_response_details:_Get_detail_field')?['body/rf20a8264025f451b8e05baa4aa52df47']",
              "item/Field10": "<p>@{outputs('Get_response_details:_Get_detail_field')?['body/r941fdf7dac724a55a344c91ce7b93790']}</p>"
            },
            "authentication": "@parameters('$authentication')"
          }
        },
        "Get_response_details:_Get_detail_field": {
          "runAfter": {},
          "metadata": {
            "operationMetadataId": "cdef2d97-8f33-4a26-99a5-a3354c1ed874"
          },
          "type": "OpenApiConnection",
          "inputs": {
            "host": {
              "apiId": "/providers/Microsoft.PowerApps/apis/shared_microsoftforms",
              "connectionName": "shared_microsoftforms",
              "operationId": "GetFormResponseById"
            },
            "parameters": {
              "form_id": "5Pls4dlB0kqPWNw96fZ_PO6DBE0_X95Lke7Lh6CdgqpUOUhSWEo3Q09SUlRNNFNIWk8xOTc1WkxMSi4u",
              "response_id": "@triggerOutputs()?['body/resourceData/responseId']"
            },
            "authentication": "@parameters('$authentication')"
          }
        },
        "Update_itemto_list_khảo_sát_hỗ_trợ_kĩ_thuật": {
          "runAfter": {
            "Create_item:_to_list_khảo_sát_dịch_vụ_hỗ_trợ_kĩ_thuật": [
              "Succeeded"
            ]
          },
          "metadata": {
            "operationMetadataId": "7aa63c35-76df-428c-8c8a-cb0818bb2b08"
          },
          "type": "OpenApiConnection",
          "inputs": {
            "host": {
              "apiId": "/providers/Microsoft.PowerApps/apis/shared_sharepointonline",
              "connectionName": "shared_sharepointonline_1",
              "operationId": "PatchItem"
            },
            "parameters": {
              "dataset": "@parameters('Site Contract Development - https://hptvn.sharepoint.com/teams/mppdev/contract (contract_shared_sharepointonline_ba8a92bb5f984c4a9e12b8ebbe150b7e)')",
              "table": "@parameters('List Data Khảo sát dịch vụ hỗ trợ kỹ thuật (contract_shared_sharepointonline_beb92437b22441a69961fa65f15d4417)')",
              "id": "@outputs('Create_item:_to_list_khảo_sát_dịch_vụ_hỗ_trợ_kĩ_thuật')?['body/ID']",
              "item/ItemCount": "@outputs('Create_item:_to_list_khảo_sát_dịch_vụ_hỗ_trợ_kĩ_thuật')?['body/ID']"
            },
            "authentication": "@parameters('$authentication')"
          }
        }
      }
    },
    "templateName": null
  },
  "schemaVersion": "1.0.0.0"
}