{
  "properties": {
    "connectionReferences": {
      "shared_sharepointonline_1": {
        "runtimeSource": "embedded",
        "connection": {
          "connectionReferenceLogicalName": "contract_sharedsharepointonline_5ddc3"
        },
        "api": {
          "name": "shared_sharepointonline"
        }
      },
      "shared_office365_1": {
        "runtimeSource": "embedded",
        "connection": {
          "connectionReferenceLogicalName": "contract_sharedoffice365_69327"
        },
        "api": {
          "name": "shared_office365"
        }
      }
    },
    "definition": {
      "$schema": "https://schema.management.azure.com/providers/Microsoft.Logic/schemas/2016-06-01/workflowdefinition.json#",
      "contentVersion": "1.0.0.0",
      "parameters": {
        "$connections": {
          "defaultValue": {},
          "type": "Object"
        },
        "$authentication": {
          "defaultValue": {},
          "type": "SecureObject"
        },
        "Site Contract Development - https://hptvn.sharepoint.com/teams/mppdev/contract (contract_shared_sharepointonline_ba8a92bb5f984c4a9e12b8ebbe150b7e)": {
          "defaultValue": "https://hptvn.sharepoint.com/teams/mppdev/contract",
          "type": "String",
          "metadata": {
            "schemaName": "contract_shared_sharepointonline_ba8a92bb5f984c4a9e12b8ebbe150b7e"
          }
        },
        "List Data Contract (contract_shared_sharepointonline_af7e0287396a4264bf84ac3bb4d1bb35)": {
          "defaultValue": "3f1d5884-1363-4877-a3a6-87eea2435b5e",
          "type": "String",
          "metadata": {
            "schemaName": "contract_shared_sharepointonline_af7e0287396a4264bf84ac3bb4d1bb35"
          }
        },
        "List Data Lịch thanh toán (new_shared_sharepointonline_5f4b15a58b9046d4b7f82734d3274b93)": {
          "defaultValue": "091f36f1-bf80-4e87-bba9-d457bdc2f66f",
          "type": "String",
          "metadata": {
            "schemaName": "new_shared_sharepointonline_5f4b15a58b9046d4b7f82734d3274b93"
          }
        },
        "List Data Khách hàng (new_shared_sharepointonline_af5e4e39ce894fc2bc248a88dd3b6752)": {
          "defaultValue": "559943d5-2268-4cfc-8c3e-325e9c1ed9a8",
          "type": "String",
          "metadata": {
            "schemaName": "new_shared_sharepointonline_af5e4e39ce894fc2bc248a88dd3b6752"
          }
        }
      },
      "triggers": {
        "manual": {
          "metadata": {
            "operationMetadataId": "8b219e26-d3ad-4252-8d79-bd06dd03f4be"
          },
          "type": "Request",
          "kind": "PowerAppV2",
          "inputs": {
            "schema": {
              "type": "object",
              "properties": {
                "number": {
                  "title": "Number",
                  "type": "number",
                  "x-ms-dynamically-added": true,
                  "description": "Please enter a number",
                  "x-ms-content-hint": "NUMBER"
                },
                "text": {
                  "title": "AppID",
                  "type": "string",
                  "x-ms-dynamically-added": true,
                  "description": "Please enter your input",
                  "x-ms-content-hint": "TEXT"
                }
              },
              "required": [
                "number",
                "text"
              ]
            }
          }
        }
      },
      "actions": {
        "Initialize_variable": {
          "runAfter": {
            "Compose_Link": [
              "Succeeded"
            ]
          },
          "metadata": {
            "operationMetadataId": "cc678034-dee9-4739-8c0b-8d493b59506a"
          },
          "type": "InitializeVariable",
          "inputs": {
            "variables": [
              {
                "name": "varID",
                "type": "integer",
                "value": "@triggerBody()['number']"
              }
            ]
          }
        },
        "Get_item_Contract": {
          "runAfter": {
            "Initialize_variable": [
              "Succeeded"
            ]
          },
          "metadata": {
            "operationMetadataId": "105382f2-f001-46b9-acce-aa5934a5fe6c"
          },
          "type": "OpenApiConnection",
          "inputs": {
            "host": {
              "connectionName": "shared_sharepointonline_1",
              "operationId": "GetItem",
              "apiId": "/providers/Microsoft.PowerApps/apis/shared_sharepointonline"
            },
            "parameters": {
              "dataset": "@parameters('Site Contract Development - https://hptvn.sharepoint.com/teams/mppdev/contract (contract_shared_sharepointonline_ba8a92bb5f984c4a9e12b8ebbe150b7e)')",
              "table": "@parameters('List Data Contract (contract_shared_sharepointonline_af7e0287396a4264bf84ac3bb4d1bb35)')",
              "id": "@variables('varID')"
            },
            "authentication": "@parameters('$authentication')"
          }
        },
        "Get_items_Phase": {
          "runAfter": {
            "Get_item_Contract": [
              "Succeeded"
            ]
          },
          "metadata": {
            "operationMetadataId": "92d44fc3-a6e0-42ae-970b-ddccbd6db953"
          },
          "type": "OpenApiConnection",
          "inputs": {
            "host": {
              "connectionName": "shared_sharepointonline_1",
              "operationId": "GetItems",
              "apiId": "/providers/Microsoft.PowerApps/apis/shared_sharepointonline"
            },
            "parameters": {
              "dataset": "@parameters('Site Contract Development - https://hptvn.sharepoint.com/teams/mppdev/contract (contract_shared_sharepointonline_ba8a92bb5f984c4a9e12b8ebbe150b7e)')",
              "table": "@parameters('List Data Lịch thanh toán (new_shared_sharepointonline_5f4b15a58b9046d4b7f82734d3274b93)')",
              "$filter": "IDHopDong eq '@{variables('varID')}'",
              "$orderby": "NgayDuKienXHD asc, ItemCount desc"
            },
            "authentication": "@parameters('$authentication')"
          },
          "runtimeConfiguration": {
            "paginationPolicy": {
              "minimumItemCount": 5000
            }
          }
        },
        "Select_2": {
          "runAfter": {
            "Get_item:_Get_item_on_list_Khách_hàng": [
              "Succeeded"
            ]
          },
          "metadata": {
            "operationMetadataId": "459259d1-ca2b-4927-9677-c2d5d5b4cce8"
          },
          "type": "Select",
          "inputs": {
            "from": "@outputs('Get_items_Phase')?['body/value']",
            "select": {
              "Nội dung thanh toán": "@item()?['Title']",
              "Số hóa đơn": "@item()?['SoHoaDon']",
              "Tình trạng": "@item()?['TinhTrang/Value']",
              "Giá trị dự kiến": "@item()?['GiaTriDuKien']",
              "Ngày thực tế XHD": "@if(\r\n    and(\r\n        not(equals(item()?['NgayThucTeXH_x0110_'], null)),\r\n        not(empty(item()?['NgayThucTeXH_x0110_']))\r\n    ),\r\n    formatDateTime(item()?['NgayThucTeXH_x0110_'],'dd/MM/yyyy'),\r\n    null\r\n)",
              "Ngày thực tế thanh toán": "@if(\r\n    and(\r\n        not(equals(item()?['NgayThucTeTT'], null)),\r\n        not(empty(item()?['NgayThucTeTT']))\r\n    ),\r\n    formatDateTime(item()?['NgayThucTeTT'],'dd/MM/yyyy'),\r\n    null\r\n)"
            }
          }
        },
        "Create_HTML_table": {
          "runAfter": {
            "Select_2": [
              "Succeeded"
            ]
          },
          "metadata": {
            "operationMetadataId": "1a8e7050-998d-4a39-bc9b-e83459f34b0b"
          },
          "type": "Table",
          "inputs": {
            "from": "@body('Select_2')",
            "format": "HTML"
          }
        },
        "Compose_Link": {
          "runAfter": {},
          "metadata": {
            "operationMetadataId": "d83e3b1f-4140-42e2-a542-cc0cdddce494"
          },
          "type": "Compose",
          "inputs": "<a href=\"@{concat('https://apps.powerapps.com/play/e/', workflow()['tags']['environmentName'], '/a/', triggerBody()['text'])}\">tại đây</a>"
        },
        "Send_an_email_nguoitao": {
          "runAfter": {
            "Compose_sale,kt": [
              "Succeeded"
            ]
          },
          "metadata": {
            "operationMetadataId": "164a8596-fd47-4739-8b6b-b4b8aab726e0"
          },
          "type": "OpenApiConnection",
          "inputs": {
            "host": {
              "connectionName": "shared_office365_1",
              "operationId": "SendEmailV2",
              "apiId": "/providers/Microsoft.PowerApps/apis/shared_office365"
            },
            "parameters": {
              "emailMessage/To": "@{outputs('Get_item_Contract')?['body/NguoiTao/Email']};@{outputs('Get_item_Contract')?['body/TenAM/Email']};@{outputs('Get_item_Contract')?['body/KyThuat/Email']};",
              "emailMessage/Subject": "THÔNG BÁO KÝ KẾT HỢP ĐỒNG SỐ @{toUpper(outputs('Get_item_Contract')?['body/Title'])} KÝ NGÀY @{formatDateTime(outputs('Get_item_Contract')?['body/NgayKyHD'],'dd/MM/yyyy')}",
              "emailMessage/Body": "<p><strong>Kính gởi các anh/chị</strong>,<br>\nHợp đồng số <strong></strong><strong>@{outputs('Get_item_Contract')?['body/Title']}</strong><strong></strong> được ký kết vào ngày @{formatDateTime(outputs('Get_item_Contract')?['body/NgayKyHD'], 'dd/MM/yyyy')} vừa được tạo bởi &nbsp;<strong></strong><strong>@{outputs('Get_item_Contract')?['body/NguoiTao/DisplayName']}</strong><strong>. </strong>Đây là thông tin chi tiết:<br>\n<br>\n@{outputs('Compose_sale,kt')}<br>\n<br>\nMọi chi tiết thắc mắc cần hỗ trợ, Anh/Chị vui lòng liên hệ:<br>\nEmail: Hptservice@hpt.vn<br>\nTrân trọng!</p>",
              "emailMessage/Importance": "Normal"
            },
            "authentication": "@parameters('$authentication')"
          }
        },
        "Get_item:_Get_item_on_list_Khách_hàng": {
          "runAfter": {
            "Get_items_Phase": [
              "Succeeded"
            ]
          },
          "metadata": {
            "operationMetadataId": "20c980a8-72ec-40a5-8574-ba35cb6bee2e"
          },
          "type": "OpenApiConnection",
          "inputs": {
            "host": {
              "connectionName": "shared_sharepointonline_1",
              "operationId": "GetItem",
              "apiId": "/providers/Microsoft.PowerApps/apis/shared_sharepointonline"
            },
            "parameters": {
              "dataset": "@parameters('Site Contract Development - https://hptvn.sharepoint.com/teams/mppdev/contract (contract_shared_sharepointonline_ba8a92bb5f984c4a9e12b8ebbe150b7e)')",
              "table": "@parameters('List Data Khách hàng (new_shared_sharepointonline_af5e4e39ce894fc2bc248a88dd3b6752)')",
              "id": "@outputs('Get_item_Contract')?['body/KhachHang/Id']"
            },
            "authentication": "@parameters('$authentication')"
          }
        },
        "Compose_To_KH": {
          "runAfter": {
            "Create_HTML_table": [
              "Succeeded"
            ]
          },
          "metadata": {
            "operationMetadataId": "03b2a2bb-ee56-44ad-85bb-29ea9e6e0213"
          },
          "type": "Compose",
          "inputs": "<style>\n  table {\n    border: 1px solid #1C6EA4;\n    background-color: #EEEEEE;\n    width: 100%;\n    text-align: left;\n    border-collapse: collapse;\n  }\n  table td, table th {\n    border: 1px solid #AAAAAA;\n    padding: 3px 2px;\n  }\n  table tbody td {\n    font-size: 13px;\n  }\n  table thead {\n    background: #1C6EA4;\n    border-bottom: 2px solid #444444;\n  }\n  table thead th {\n    font-size: 15px;\n    font-weight: bold;\n    color: #FFFFFF;\n    border-left: 2px solid #D0E4F5;\n  }\n  table thead th:first-child {\n    border-left: none;\n  }\n  .lbltotalprice{\n  color: #ff0000;\n   font-size: 15px;\n  }\n  .totalprice{\n  background: #1C6EA4;\n    border: 2px solid #444444;\n   font-size: 13px;\n  }\n  </style>\n\n<table>\n  <tr>\n    <td colspan=\"2\">Số hợp đồng: @{outputs('Get_item_Contract')?['body/Title']}</td>\n    \n  </tr>\n<tr>\n<td colspan=\"2\">Ngày ký hợp đồng: @{if(and(not(equals(outputs('Get_item_Contract')?['body/NgayKyHD'], null)), not(empty(outputs('Get_item_Contract')?['body/NgayKyHD']))), formatDateTime(outputs('Get_item_Contract')?['body/NgayKyHD'], 'dd/MM/yyyy'), null)}</td>\n    \n  </tr>\n<tr>\n    <td colspan=\"2\">Giá trị hợp đồng (chưa VAT): @{formatNumber(outputs('Get_item_Contract')?['body/GiaTriHDChuaVAT'], '###,###,###')}</td>\n\n  </tr>\n<tr>\n    <td>Mô tả thiết bị, dịch vụ: @{outputs('Get_item_Contract')?['body/MoTaTBDV']}</td>\n\n  </tr>\n  <tr>\n    <td colspan=\"2\">Ngày bắt đầu dịch vụ: @{if(and(not(equals(outputs('Get_item_Contract')?['body/NgayBatDauDichVu'], null)), not(empty(outputs('Get_item_Contract')?['body/NgayBatDauDichVu']))), formatDateTime(outputs('Get_item_Contract')?['body/NgayBatDauDichVu'], 'dd/MM/yyyy'), null)}</td>\n\n  </tr>\n<tr>\n    <td colspan=\"2\">Ngày kết thúc dịch vụ: @{if(and(not(equals(outputs('Get_item_Contract')?['body/NgayKetThucDichVu'], null)), not(empty(outputs('Get_item_Contract')?['body/NgayKetThucDichVu']))), formatDateTime(outputs('Get_item_Contract')?['body/NgayKetThucDichVu'], 'dd/MM/yyyy'), null)}</td>\n\n  </tr>\n    \n  </tr>\n</table>"
        },
        "Condition_check_mail_khách_hàng_null": {
          "actions": {
            "Terminate": {
              "runAfter": {},
              "metadata": {
                "operationMetadataId": "6470c8bc-d136-4e52-a005-88c0db9ffb0b"
              },
              "type": "Terminate",
              "inputs": {
                "runStatus": "Succeeded"
              }
            }
          },
          "runAfter": {
            "Send_an_email_nguoitao": [
              "Succeeded"
            ]
          },
          "else": {
            "actions": {
              "Send_an_email_To_KH": {
                "runAfter": {},
                "metadata": {
                  "operationMetadataId": "164a8596-fd47-4739-8b6b-b4b8aab726e0"
                },
                "type": "OpenApiConnection",
                "inputs": {
                  "host": {
                    "connectionName": "shared_office365_1",
                    "operationId": "SendEmailV2",
                    "apiId": "/providers/Microsoft.PowerApps/apis/shared_office365"
                  },
                  "parameters": {
                    "emailMessage/To": "@outputs('Get_item:_Get_item_on_list_Khách_hàng')?['body/EmailNguoiLienHe']",
                    "emailMessage/Subject": "Đây là email gởi tự động từ hệ thống, Quý khách hàng vui lòng không phản hồi (reply) email này",
                    "emailMessage/Body": "<p><strong>Kính gởi : </strong>Ông/Bà @{outputs('Get_item:_Get_item_on_list_Khách_hàng')?['body/TenNguoiLienHe']}<strong> </strong>Công ty <strong></strong><strong>@{outputs('Get_item:_Get_item_on_list_Khách_hàng')?['body/Title']}</strong><strong></strong><br>\n<br>\nCông ty Cổ Phần Dịch Vụ Công Nghệ Tin Học HPT chân thành cảm ơn Quý khách hàng đã tin tưởng sử dụng dịch vụ của chúng tôi theo thông tin như sau:<br>\n<br>\n@{outputs('Compose_To_KH')}<br>\n<br>\nNếu trong quá trình sử dụng sản phẩm/dịch vụ, Quý Khách gặp bất kỳ vấn đề nào, xin vui lòng liên hệ với chúng tôi theo thông tin chi tiết như sau:<br>\n<br>\n<strong>· Hotline: </strong>18006686 (nhấn phím <strong>6231 </strong>hoặc <strong>6232</strong>)<br>\n<strong>· Email: </strong>services@hpt.vn<br>\n<strong>· Địa chỉ :</strong> 37 Nguyễn Trường Tộ, Phường 12, Quận 4, Tp. HCM</p>",
                    "emailMessage/Importance": "Normal"
                  },
                  "authentication": "@parameters('$authentication')"
                }
              }
            }
          },
          "expression": {
            "equals": [
              "@outputs('Get_item:_Get_item_on_list_Khách_hàng')?['body/EmailNguoiLienHe']",
              "@null"
            ]
          },
          "metadata": {
            "operationMetadataId": "7dbbd986-2bb4-4556-b1de-d1dcb15277eb"
          },
          "type": "If"
        },
        "Compose_sale,kt": {
          "runAfter": {
            "Compose_To_KH": [
              "Succeeded"
            ]
          },
          "metadata": {
            "operationMetadataId": "61e08a10-995b-43c3-82b4-5f8ff9397869"
          },
          "type": "Compose",
          "inputs": "<style>\n  table {\n    border: 1px solid #1C6EA4;\n    background-color: #EEEEEE;\n    width: 100%;\n    text-align: left;\n    border-collapse: collapse;\n  }\n  table td, table th {\n    border: 1px solid #AAAAAA;\n    padding: 3px 2px;\n  }\n  table tbody td {\n    font-size: 13px;\n  }\n  table thead {\n    background: #1C6EA4;\n    border-bottom: 2px solid #444444;\n  }\n  table thead th {\n    font-size: 15px;\n    font-weight: bold;\n    color: #FFFFFF;\n    border-left: 2px solid #D0E4F5;\n  }\n  table thead th:first-child {\n    border-left: none;\n  }\n  .lbltotalprice{\n  color: #ff0000;\n   font-size: 15px;\n  }\n  .totalprice{\n  background: #1C6EA4;\n    border: 2px solid #444444;\n   font-size: 13px;\n  }\n  </style>\n<h2 style=\"text-align: center;\">HỢP ĐỒNG</h2>\n<table>\n  <tr>\n    <td>Số hợp đồng: @{outputs('Get_item_Contract')?['body/Title']}</td>\n    <td>Mô tả thiết bị, dịch vụ:@{outputs('Get_item_Contract')?['body/MoTaTBDV']}</td>\n  </tr>\n<tr>\n    <td>Mã vụ việc: @{outputs('Get_item_Contract')?['body/MaVuViec']}</td>\n    <td>Mã hợp đồng: @{outputs('Get_item_Contract')?['body/MaHopDong']}</td>\n  </tr>\n<tr>\n    <td>Kỹ thuật: @{outputs('Get_item_Contract')?['body/KyThuat/Email']}</td>\n    <td>Phòng kỹ thuật: @{outputs('Get_item_Contract')?['body/PhongKyThuat/Value']}</td>\n  </tr>\n<tr>\n    <td>Khách hàng: @{outputs('Get_item_Contract')?['body/KhachHang/Value']}</td>\n    <td>Sản phẩm dịch vụ: @{outputs('Get_item_Contract')?['body/SanPhamDichVu/Value']}</td>\n  </tr>\n  <tr>\n    <td>Ngày bắt đầu dịch vụ: @{if(and(not(equals(outputs('Get_item_Contract')?['body/NgayBatDauDichVu'], null)), not(empty(outputs('Get_item_Contract')?['body/NgayBatDauDichVu']))), formatDateTime(outputs('Get_item_Contract')?['body/NgayBatDauDichVu'], 'dd/MM/yyyy'), null)}</td>\n    <td>Ngày kết thúc dịch vụ: @{if(and(not(equals(outputs('Get_item_Contract')?['body/NgayKetThucDichVu'], null)), not(empty(outputs('Get_item_Contract')?['body/NgayKetThucDichVu']))), formatDateTime(outputs('Get_item_Contract')?['body/NgayKetThucDichVu'], 'dd/MM/yyyy'), null)}</td>\n  </tr>\n<tr>\n    <td style=\"color:red\" colspan=\"2\">\n  <strong>Lưu ý: @{outputs('Get_item_Contract')?['body/Luuy']}</strong><br>\n  Nếu có thắc mắc phần lưu ý trên, vui lòng liên hệ như sau: <br>\n  Email: hptservice@hpt.vn<br>\n  Trân trọng!<br>\n</td>\n\n  </tr>\n  \n</table>"
        }
      }
    },
    "templateName": ""
  },
  "schemaVersion": "1.0.0.0"
}