{
  "properties": {
    "connectionReferences": {
      "shared_sharepointonline_1": {
        "runtimeSource": "embedded",
        "connection": {
          "connectionReferenceLogicalName": "contract_sharedsharepointonline_5ddc3"
        },
        "api": {
          "name": "shared_sharepointonline"
        }
      },
      "shared_office365_1": {
        "runtimeSource": "embedded",
        "connection": {
          "connectionReferenceLogicalName": "contract_sharedoffice365_69327"
        },
        "api": {
          "name": "shared_office365"
        }
      },
      "shared_sharepointonline": {
        "runtimeSource": "embedded",
        "connection": {
          "connectionReferenceLogicalName": "new_sharedsharepointonline_6f8ac"
        },
        "api": {
          "name": "shared_sharepointonline"
        }
      }
    },
    "definition": {
      "$schema": "https://schema.management.azure.com/providers/Microsoft.Logic/schemas/2016-06-01/workflowdefinition.json#",
      "contentVersion": "1.0.0.0",
      "parameters": {
        "$connections": {
          "defaultValue": {},
          "type": "Object"
        },
        "$authentication": {
          "defaultValue": {},
          "type": "SecureObject"
        },
        "Site Contract Development - https://hptvn.sharepoint.com/teams/mppdev/contract (contract_shared_sharepointonline_ba8a92bb5f984c4a9e12b8ebbe150b7e)": {
          "defaultValue": "https://hptvn.sharepoint.com/teams/mppdev/contract",
          "type": "String",
          "metadata": {
            "schemaName": "contract_shared_sharepointonline_ba8a92bb5f984c4a9e12b8ebbe150b7e"
          }
        },
        "List Data Contract (contract_shared_sharepointonline_af7e0287396a4264bf84ac3bb4d1bb35)": {
          "defaultValue": "3f1d5884-1363-4877-a3a6-87eea2435b5e",
          "type": "String",
          "metadata": {
            "schemaName": "contract_shared_sharepointonline_af7e0287396a4264bf84ac3bb4d1bb35"
          }
        },
        "List Data Khách hàng (new_shared_sharepointonline_af5e4e39ce894fc2bc248a88dd3b6752)": {
          "defaultValue": "559943d5-2268-4cfc-8c3e-325e9c1ed9a8",
          "type": "String",
          "metadata": {
            "schemaName": "new_shared_sharepointonline_af5e4e39ce894fc2bc248a88dd3b6752"
          }
        },
        "List Data Hợp đồng người liên hệ (contract_shared_sharepointonline_47020e0dd0e34c28b0dc090f1789bb93)": {
          "defaultValue": "37b7911a-6c68-495d-8700-84fde3e5d386",
          "type": "String",
          "metadata": {
            "schemaName": "contract_shared_sharepointonline_47020e0dd0e34c28b0dc090f1789bb93"
          }
        }
      },
      "triggers": {
        "Recurrence:_Run_at_6AM_every_day": {
          "recurrence": {
            "frequency": "Day",
            "interval": 1,
            "timeZone": "SE Asia Standard Time",
            "startTime": "2024-11-27T23:00:00Z",
            "schedule": {
              "hours": [
                "6"
              ],
              "minutes": [
                0
              ]
            }
          },
          "metadata": {
            "operationMetadataId": "630728e6-67fe-4b46-99bb-52fe6d3bc081"
          },
          "type": "Recurrence"
        }
      },
      "actions": {
        "Get_items:_Contract_with_NgayGuiMailKH_eq_current_day": {
          "runAfter": {},
          "metadata": {
            "operationMetadataId": "e62119e7-a4ba-4bbe-926b-e6723edf5e38"
          },
          "type": "OpenApiConnection",
          "inputs": {
            "host": {
              "connectionName": "shared_sharepointonline_1",
              "operationId": "GetItems",
              "apiId": "/providers/Microsoft.PowerApps/apis/shared_sharepointonline"
            },
            "parameters": {
              "dataset": "@parameters('Site Contract Development - https://hptvn.sharepoint.com/teams/mppdev/contract (contract_shared_sharepointonline_ba8a92bb5f984c4a9e12b8ebbe150b7e)')",
              "table": "@parameters('List Data Contract (contract_shared_sharepointonline_af7e0287396a4264bf84ac3bb4d1bb35)')",
              "$filter": "NgayGuiMailKH eq '@{formatDateTime(convertTimeZone(utcNow(), 'UTC', 'SE Asia Standard Time'), 'MM/dd/yyyy')}'",
              "$orderby": "ID desc"
            },
            "authentication": "@parameters('$authentication')"
          },
          "runtimeConfiguration": {
            "paginationPolicy": {
              "minimumItemCount": 5000
            }
          }
        },
        "Apply_to_each": {
          "foreach": "@outputs('Get_items:_Contract_with_NgayGuiMailKH_eq_current_day')?['body/value']",
          "actions": {
            "Condition": {
              "actions": {
                "Compose": {
                  "runAfter": {},
                  "metadata": {
                    "operationMetadataId": "45ec19d3-9766-45d9-a08f-fb463733681d"
                  },
                  "type": "Compose",
                  "inputs": "@items('Apply_to_each')?['KhachHang/Id']"
                },
                "Get_item:_Get_item_on_list_Khách_hàng": {
                  "runAfter": {
                    "Compose": [
                      "Succeeded"
                    ]
                  },
                  "metadata": {
                    "operationMetadataId": "969599db-d136-4026-9e19-40dd9d590f8a"
                  },
                  "type": "OpenApiConnection",
                  "inputs": {
                    "host": {
                      "connectionName": "shared_sharepointonline_1",
                      "operationId": "GetItem",
                      "apiId": "/providers/Microsoft.PowerApps/apis/shared_sharepointonline"
                    },
                    "parameters": {
                      "dataset": "@parameters('Site Contract Development - https://hptvn.sharepoint.com/teams/mppdev/contract (contract_shared_sharepointonline_ba8a92bb5f984c4a9e12b8ebbe150b7e)')",
                      "table": "@parameters('List Data Khách hàng (new_shared_sharepointonline_af5e4e39ce894fc2bc248a88dd3b6752)')",
                      "id": "@items('Apply_to_each')?['KhachHang/Id']"
                    },
                    "authentication": "@parameters('$authentication')"
                  }
                },
                "Condition_check_mail_null": {
                  "actions": {},
                  "runAfter": {
                    "Get_item:_Get_item_on_list_Khách_hàng": [
                      "Succeeded"
                    ]
                  },
                  "else": {
                    "actions": {
                      "Switch:_Get_Loại_khảo_sát": {
                        "runAfter": {},
                        "cases": {
                          "Case:_Dịch_vụ_mua_bán/triển_khai": {
                            "case": "Dịch vụ mua bán/triển khai",
                            "actions": {
                              "Send_an_email_(V2):_Dịch_vụ_mua_bán_hoặc_triển_khai": {
                                "runAfter": {},
                                "metadata": {
                                  "operationMetadataId": "2d3152f4-fb60-46de-9b3a-9c8f7d22d1ca"
                                },
                                "type": "OpenApiConnection",
                                "inputs": {
                                  "host": {
                                    "connectionName": "shared_office365_1",
                                    "operationId": "SendEmailV2",
                                    "apiId": "/providers/Microsoft.PowerApps/apis/shared_office365"
                                  },
                                  "parameters": {
                                    "emailMessage/To": "@outputs('Get_item:_Get_item_on_list_Khách_hàng')?['body/EmailNguoiLienHe']",
                                    "emailMessage/Subject": "EMAIL THỰC HIỆN KHẢO SÁT Ý KIẾN KHÁCH HÀNG",
                                    "emailMessage/Body": "<p><strong>Kính gửi</strong>: Ông/Bà <strong></strong><strong>@{outputs('Get_item:_Get_item_on_list_Khách_hàng')?['body/TenNguoiLienHe']}</strong><strong> </strong>Công ty <strong>@{outputs('Get_item:_Get_item_on_list_Khách_hàng')?['body/Title']}</strong><strong></strong><br>\n<br>\nCông ty Cổ Phần Dịch Vụ Công Nghệ Tin Học HPT chân thành cảm ơn Quý khách hàng đã tin tưởng sử dụng dịch vụ của chúng tôi theo hợp đồng số @{items('Apply_to_each')?['Title']} ký ngày @{formatDateTime(items('Apply_to_each')?['NgayKyHD'],'dd/MM/yyyy')}<br>\n<br>\nNhằm nâng cao chất lượng dịch vụ, công ty HPT rất mong Quý khách hàng dành chút thời gian để đóng góp ý kiến thông qua “<strong>Phiếu Khảo Sát Ý Kiến Khách Hàng</strong>” trên đường dẫn https://forms.office.com/r/wYF7NSdm4a<br>\n<br>\nXin chân thành cảm ơn Quý khách hàng đã, đang và tiếp tục ủng hộ, hợp tác với công ty HPT. Chúng tôi rất mong nhận được ý kiến đóng góp của Quý khách hàng để dịch vụ chúng tôi phục vụ tốt nhất.</p>",
                                    "emailMessage/Importance": "Normal"
                                  },
                                  "authentication": "@parameters('$authentication')"
                                }
                              }
                            }
                          },
                          "Case_2:_Dịch_vụ_bảo_trì": {
                            "case": "Dịch vụ bảo trì",
                            "actions": {
                              "Send_an_email_(V2):_Dịch_vụ_bảo_trì": {
                                "runAfter": {},
                                "metadata": {
                                  "operationMetadataId": "9dff04d5-373e-4898-832e-c599822a6ea5"
                                },
                                "type": "OpenApiConnection",
                                "inputs": {
                                  "host": {
                                    "connectionName": "shared_office365_1",
                                    "operationId": "SendEmailV2",
                                    "apiId": "/providers/Microsoft.PowerApps/apis/shared_office365"
                                  },
                                  "parameters": {
                                    "emailMessage/To": "@outputs('Get_item:_Get_item_on_list_Khách_hàng')?['body/EmailNguoiLienHe']",
                                    "emailMessage/Subject": "EMAIL THỰC HIỆN KHẢO SÁT Ý KIẾN KHÁCH HÀNG",
                                    "emailMessage/Body": "<p><strong>Kính gửi: </strong>Ông/Bà<strong> </strong><strong>@{outputs('Get_item:_Get_item_on_list_Khách_hàng')?['body/TenNguoiLienHe']}</strong><strong> </strong>Công ty <strong>@{outputs('Get_item:_Get_item_on_list_Khách_hàng')?['body/Title']}</strong><strong></strong><br>\n<br>\n<br>\nCông ty Cổ Phần Dịch Vụ Công Nghệ Tin Học HPT chân thành cảm ơn Quý khách hàng đã tin tưởng sử dụng dịch vụ của chúng tôi theo hợp đồng số @{items('Apply_to_each')?['Title']} ký ngày @{formatDateTime(items('Apply_to_each')?['NgayKyHD'],'dd/MM/yyyy')}<br>\n<br>\nNhằm nâng cao chất lượng dịch vụ, công ty HPT rất mong Quý khách hàng dành chút thời gian để đóng góp ý kiến thông qua “<strong>Phiếu Khảo Sát Ý Kiến Khách Hàng</strong>” trên đường dẫn https://forms.office.com/r/cYW1br1RMJ<br>\n<br>\nXin chân thành cảm ơn Quý khách hàng đã, đang và tiếp tục ủng hộ, hợp tác với công ty HPT. Chúng tôi rất mong nhận được ý kiến đóng góp của Quý khách hàng để dịch vụ chúng tôi phục vụ tốt nhất.</p>",
                                    "emailMessage/Importance": "Normal"
                                  },
                                  "authentication": "@parameters('$authentication')"
                                }
                              }
                            }
                          },
                          "Case_3:_Dịch_vụ_hỗ_trợ_kỹ_thuật": {
                            "case": "Dịch vụ hỗ trợ kỹ thuật",
                            "actions": {
                              "Send_an_email_(V2):_Dịch_vụ_hỗ_trợ_kỹ_thuật": {
                                "runAfter": {},
                                "metadata": {
                                  "operationMetadataId": "c111c33b-93db-40af-b1c1-62fd3d75549a"
                                },
                                "type": "OpenApiConnection",
                                "inputs": {
                                  "host": {
                                    "connectionName": "shared_office365_1",
                                    "operationId": "SendEmailV2",
                                    "apiId": "/providers/Microsoft.PowerApps/apis/shared_office365"
                                  },
                                  "parameters": {
                                    "emailMessage/To": "@outputs('Get_item:_Get_item_on_list_Khách_hàng')?['body/EmailNguoiLienHe']",
                                    "emailMessage/Subject": "EMAIL THỰC HIỆN KHẢO SÁT Ý KIẾN KHÁCH HÀNG",
                                    "emailMessage/Body": "<p><strong>Kính gửi:</strong> Ông/Bà<strong> </strong><strong>@{outputs('Get_item:_Get_item_on_list_Khách_hàng')?['body/TenNguoiLienHe']}</strong><strong> </strong>Công ty <strong>@{outputs('Get_item:_Get_item_on_list_Khách_hàng')?['body/Title']}</strong><strong></strong><br>\n<br>\n<br>\nCông ty Cổ Phần Dịch Vụ Công Nghệ Tin Học HPT chân thành cảm ơn Quý khách hàng đã tin tưởng sử dụng dịch vụ của chúng tôi theo hợp đồng số @{items('Apply_to_each')?['Title']} ký ngày @{formatDateTime(items('Apply_to_each')?['NgayKyHD'],'dd/MM/yyyy')}<br>\n<br>\nNhằm nâng cao chất lượng dịch vụ, công ty HPT rất mong Quý khách hàng dành chút thời gian để đóng góp ý kiến thông qua “<strong>Phiếu Khảo Sát Ý Kiến Khách Hàng</strong>” trên đường dẫn https://forms.office.com/r/vGp40qXdTu<br>\n<br>\nXin chân thành cảm ơn Quý khách hàng đã, đang và tiếp tục ủng hộ, hợp tác với công ty HPT. Chúng tôi rất mong nhận được ý kiến đóng góp của Quý khách hàng để dịch vụ chúng tôi phục vụ tốt nhất.</p>",
                                    "emailMessage/Importance": "Normal"
                                  },
                                  "authentication": "@parameters('$authentication')"
                                }
                              }
                            }
                          }
                        },
                        "default": {
                          "actions": {}
                        },
                        "expression": "@items('Apply_to_each')?['LoaiKhaoSat/Value']",
                        "metadata": {
                          "operationMetadataId": "822c75ac-419b-4b18-9251-46714c2d3255"
                        },
                        "type": "Switch"
                      }
                    }
                  },
                  "expression": {
                    "equals": [
                      "@outputs('Get_item:_Get_item_on_list_Khách_hàng')?['body/EmailNguoiLienHe']",
                      "@null"
                    ]
                  },
                  "metadata": {
                    "operationMetadataId": "c718ac2f-cc14-4b79-adc6-9d15e3e9c6f8"
                  },
                  "type": "If"
                }
              },
              "runAfter": {},
              "else": {
                "actions": {
                  "Get_items_:_on_list_người_liên_hệ": {
                    "runAfter": {},
                    "metadata": {
                      "operationMetadataId": "df35aaac-306c-4e12-9122-6379bd32a7bc"
                    },
                    "type": "OpenApiConnection",
                    "inputs": {
                      "host": {
                        "connectionName": "shared_sharepointonline",
                        "operationId": "GetItems",
                        "apiId": "/providers/Microsoft.PowerApps/apis/shared_sharepointonline"
                      },
                      "parameters": {
                        "dataset": "@parameters('Site Contract Development - https://hptvn.sharepoint.com/teams/mppdev/contract (contract_shared_sharepointonline_ba8a92bb5f984c4a9e12b8ebbe150b7e)')",
                        "table": "@parameters('List Data Hợp đồng người liên hệ (contract_shared_sharepointonline_47020e0dd0e34c28b0dc090f1789bb93)')",
                        "$filter": "IDHopDong eq @{items('Apply_to_each')?['ID']}"
                      },
                      "authentication": "@parameters('$authentication')"
                    }
                  },
                  "Apply_to_each_2": {
                    "foreach": "@outputs('Get_items_:_on_list_người_liên_hệ')?['body/value']",
                    "actions": {
                      "Switch:_Get_Loại_khảo_sát_2": {
                        "runAfter": {},
                        "cases": {
                          "Case:_Dịch_vụ_mua_bán/triển_khai": {
                            "case": "Dịch vụ mua bán/triển khai",
                            "actions": {
                              "Send_an_email_(V2):_Dịch_vụ_mua_bán_hoặc_triển_khai_2": {
                                "runAfter": {},
                                "metadata": {
                                  "operationMetadataId": "2d3152f4-fb60-46de-9b3a-9c8f7d22d1ca"
                                },
                                "type": "OpenApiConnection",
                                "inputs": {
                                  "host": {
                                    "connectionName": "shared_office365_1",
                                    "operationId": "SendEmailV2",
                                    "apiId": "/providers/Microsoft.PowerApps/apis/shared_office365"
                                  },
                                  "parameters": {
                                    "emailMessage/To": "@items('Apply_to_each_2')?['EmailNguoiLIenHe']",
                                    "emailMessage/Subject": "EMAIL THỰC HIỆN KHẢO SÁT Ý KIẾN KHÁCH HÀNG",
                                    "emailMessage/Body": "<p>Kính gửi: Công ty@{items('Apply_to_each_2')?['Title']}<br>\n<br>\nCông ty Cổ Phần Dịch Vụ Công Nghệ Tin Học HPT chân thành cảm ơn Quý khách hàng đã tin tưởng sử dụng dịch vụ của chúng tôi theo hợp đồng số @{items('Apply_to_each')?['Title']} ký ngày @{formatDateTime(items('Apply_to_each')?['NgayKyHD'], 'dd/MM/yyyy')}<br>\n<br>\nNhằm nâng cao chất lượng dịch vụ, công ty HPT rất mong Quý khách hàng dành chút thời gian để đóng góp ý kiến thông qua “<strong>Phiếu Khảo Sát Ý Kiến Khách Hàng</strong>” trên đường dẫn https://forms.office.com/r/wYF7NSdm4a<br>\n<br>\nXin chân thành cảm ơn Quý khách hàng đã, đang và tiếp tục ủng hộ, hợp tác với công ty HPT. Chúng tôi rất mong nhận được ý kiến đóng góp của Quý khách hàng để dịch vụ chúng tôi phục vụ tốt nhất.</p>",
                                    "emailMessage/Importance": "Normal"
                                  },
                                  "authentication": "@parameters('$authentication')"
                                }
                              }
                            }
                          },
                          "Case_2:_Dịch_vụ_bảo_trì": {
                            "case": "Dịch vụ bảo trì",
                            "actions": {
                              "Send_an_email_(V2):_Dịch_vụ_bảo_trì_2": {
                                "runAfter": {},
                                "metadata": {
                                  "operationMetadataId": "9dff04d5-373e-4898-832e-c599822a6ea5"
                                },
                                "type": "OpenApiConnection",
                                "inputs": {
                                  "host": {
                                    "connectionName": "shared_office365_1",
                                    "operationId": "SendEmailV2",
                                    "apiId": "/providers/Microsoft.PowerApps/apis/shared_office365"
                                  },
                                  "parameters": {
                                    "emailMessage/To": "@items('Apply_to_each_2')?['EmailNguoiLIenHe']",
                                    "emailMessage/Subject": "EMAIL THỰC HIỆN KHẢO SÁT Ý KIẾN KHÁCH HÀNG",
                                    "emailMessage/Body": "<p>Kính gửi: Công ty@{items('Apply_to_each_2')?['Title']}<br>\n<br>\nCông ty Cổ Phần Dịch Vụ Công Nghệ Tin Học HPT chân thành cảm ơn Quý khách hàng đã tin tưởng sử dụng dịch vụ của chúng tôi theo hợp đồng số @{items('Apply_to_each')?['Title']} ký ngày @{formatDateTime(items('Apply_to_each')?['NgayKyHD'], 'dd/MM/yyyy')}<br>\n<br>\nNhằm nâng cao chất lượng dịch vụ, công ty HPT rất mong Quý khách hàng dành chút thời gian để đóng góp ý kiến thông qua “<strong>Phiếu Khảo Sát Ý Kiến Khách Hàng</strong>” trên đường dẫn https://forms.office.com/r/cYW1br1RMJ<br>\n<br>\nXin chân thành cảm ơn Quý khách hàng đã, đang và tiếp tục ủng hộ, hợp tác với công ty HPT. Chúng tôi rất mong nhận được ý kiến đóng góp của Quý khách hàng để dịch vụ chúng tôi phục vụ tốt nhất.</p>",
                                    "emailMessage/Importance": "Normal"
                                  },
                                  "authentication": "@parameters('$authentication')"
                                }
                              }
                            }
                          },
                          "Case_3:_Dịch_vụ_hỗ_trợ_kỹ_thuật": {
                            "case": "Dịch vụ hỗ trợ kỹ thuật",
                            "actions": {
                              "Send_an_email_(V2):_Dịch_vụ_hỗ_trợ_kỹ_thuật_2": {
                                "runAfter": {},
                                "metadata": {
                                  "operationMetadataId": "c111c33b-93db-40af-b1c1-62fd3d75549a"
                                },
                                "type": "OpenApiConnection",
                                "inputs": {
                                  "host": {
                                    "connectionName": "shared_office365_1",
                                    "operationId": "SendEmailV2",
                                    "apiId": "/providers/Microsoft.PowerApps/apis/shared_office365"
                                  },
                                  "parameters": {
                                    "emailMessage/To": "@items('Apply_to_each_2')?['EmailNguoiLIenHe']",
                                    "emailMessage/Subject": "EMAIL THỰC HIỆN KHẢO SÁT Ý KIẾN KHÁCH HÀNG",
                                    "emailMessage/Body": "<p>Kính gửi: Công ty@{items('Apply_to_each_2')?['Title']}<br>\n<br>\nCông ty Cổ Phần Dịch Vụ Công Nghệ Tin Học HPT chân thành cảm ơn Quý khách hàng đã tin tưởng sử dụng dịch vụ của chúng tôi theo hợp đồng số @{items('Apply_to_each')?['Title']} ký ngày @{formatDateTime(items('Apply_to_each')?['NgayKyHD'], 'dd/MM/yyyy')}<br>\n<br>\nNhằm nâng cao chất lượng dịch vụ, công ty HPT rất mong Quý khách hàng dành chút thời gian để đóng góp ý kiến thông qua “<strong>Phiếu Khảo Sát Ý Kiến Khách Hàng</strong>” trên đường dẫn https://forms.office.com/r/vGp40qXdTu<br>\n<br>\nXin chân thành cảm ơn Quý khách hàng đã, đang và tiếp tục ủng hộ, hợp tác với công ty HPT. Chúng tôi rất mong nhận được ý kiến đóng góp của Quý khách hàng để dịch vụ chúng tôi phục vụ tốt nhất.</p>",
                                    "emailMessage/Importance": "Normal"
                                  },
                                  "authentication": "@parameters('$authentication')"
                                }
                              }
                            }
                          }
                        },
                        "default": {
                          "actions": {}
                        },
                        "expression": "@items('Apply_to_each')?['LoaiKhaoSat/Value']",
                        "metadata": {
                          "operationMetadataId": "822c75ac-419b-4b18-9251-46714c2d3255"
                        },
                        "type": "Switch"
                      }
                    },
                    "runAfter": {
                      "Get_items_:_on_list_người_liên_hệ": [
                        "Succeeded"
                      ]
                    },
                    "metadata": {
                      "operationMetadataId": "053ec56d-e5a6-4524-af2c-c68fc77b8449"
                    },
                    "type": "Foreach"
                  }
                }
              },
              "expression": {
                "equals": [
                  "@items('Apply_to_each')?['NguoiGuiKhaoSat/Value']",
                  "Khách hàng"
                ]
              },
              "metadata": {
                "operationMetadataId": "db10dfd0-5f92-4095-a6db-8e1b559022e4"
              },
              "type": "If"
            }
          },
          "runAfter": {
            "Get_items:_Contract_with_NgayGuiMailKH_eq_current_day": [
              "Succeeded"
            ]
          },
          "metadata": {
            "operationMetadataId": "0172621f-3ba7-4bbc-a445-e918d275b3bf"
          },
          "type": "Foreach"
        }
      }
    },
    "templateName": ""
  },
  "schemaVersion": "1.0.0.0"
}