{
  "properties": {
    "connectionReferences": {
      "shared_sharepointonline_1": {
        "runtimeSource": "embedded",
        "connection": {
          "connectionReferenceLogicalName": "contract_sharedsharepointonline_5ddc3"
        },
        "api": {
          "name": "shared_sharepointonline"
        }
      }
    },
    "definition": {
      "$schema": "https://schema.management.azure.com/providers/Microsoft.Logic/schemas/2016-06-01/workflowdefinition.json#",
      "contentVersion": "1.0.0.0",
      "parameters": {
        "$connections": {
          "defaultValue": {},
          "type": "Object"
        },
        "$authentication": {
          "defaultValue": {},
          "type": "SecureObject"
        },
        "List Data Documents (contract_shared_sharepointonline_a0dc94e2ad6542be8fb134fa58eb0eae)": {
          "defaultValue": "5f1132fe-be60-4f32-9d33-81c51f220af0",
          "type": "String",
          "metadata": {
            "schemaName": "contract_shared_sharepointonline_a0dc94e2ad6542be8fb134fa58eb0eae"
          }
        },
        "Site Contract Development - https://hptvn.sharepoint.com/teams/mppdev/contract (contract_shared_sharepointonline_ba8a92bb5f984c4a9e12b8ebbe150b7e)": {
          "defaultValue": "https://hptvn.sharepoint.com/teams/mppdev/contract",
          "type": "String",
          "metadata": {
            "schemaName": "contract_shared_sharepointonline_ba8a92bb5f984c4a9e12b8ebbe150b7e"
          }
        }
      },
      "triggers": {
        "manual": {
          "metadata": {
            "operationMetadataId": "44687092-9d9f-4537-b34c-7fa60b43ed2a"
          },
          "type": "Request",
          "kind": "PowerAppV2",
          "inputs": {
            "schema": {
              "type": "object",
              "properties": {
                "number": {
                  "title": "ID",
                  "type": "number",
                  "x-ms-dynamically-added": true,
                  "description": "Please enter a number",
                  "x-ms-content-hint": "NUMBER"
                },
                "boolean": {
                  "title": "Boolan",
                  "type": "boolean",
                  "x-ms-dynamically-added": true,
                  "description": "Please select yes or no",
                  "x-ms-content-hint": "BOOLEAN"
                },
                "file": {
                  "title": "File Content",
                  "type": "object",
                  "x-ms-dynamically-added": true,
                  "description": "Please select file or image",
                  "x-ms-content-hint": "FILE",
                  "properties": {
                    "name": {
                      "type": "string"
                    },
                    "contentBytes": {
                      "type": "string",
                      "format": "byte"
                    }
                  }
                }
              },
              "required": [
                "number",
                "boolean",
                "file"
              ]
            }
          }
        }
      },
      "actions": {
        "Condition": {
          "actions": {
            "Create_new_folder": {
              "runAfter": {},
              "metadata": {
                "operationMetadataId": "4f028c8f-d5de-4465-ab15-c3fb925bcbc7"
              },
              "type": "OpenApiConnection",
              "inputs": {
                "host": {
                  "connectionName": "shared_sharepointonline_1",
                  "operationId": "CreateNewFolder",
                  "apiId": "/providers/Microsoft.PowerApps/apis/shared_sharepointonline"
                },
                "parameters": {
                  "dataset": "@parameters('Site Contract Development - https://hptvn.sharepoint.com/teams/mppdev/contract (contract_shared_sharepointonline_ba8a92bb5f984c4a9e12b8ebbe150b7e)')",
                  "table": "@parameters('List Data Documents (contract_shared_sharepointonline_a0dc94e2ad6542be8fb134fa58eb0eae)')",
                  "parameters/path": "/ChungTuLienQuanHopDong/@{triggerBody()['number']}"
                },
                "authentication": "@parameters('$authentication')"
              }
            },
            "Create_file": {
              "runAfter": {
                "Create_new_folder": [
                  "Succeeded"
                ]
              },
              "metadata": {
                "operationMetadataId": "7e9604e1-7a02-488d-90f4-90d3ee52ac6e"
              },
              "type": "OpenApiConnection",
              "inputs": {
                "host": {
                  "connectionName": "shared_sharepointonline_1",
                  "operationId": "CreateFile",
                  "apiId": "/providers/Microsoft.PowerApps/apis/shared_sharepointonline"
                },
                "parameters": {
                  "dataset": "@parameters('Site Contract Development - https://hptvn.sharepoint.com/teams/mppdev/contract (contract_shared_sharepointonline_ba8a92bb5f984c4a9e12b8ebbe150b7e)')",
                  "folderPath": "/@{outputs('Create_new_folder')?['body/{FullPath}']}",
                  "name": "@triggerBody()['file']['name']",
                  "body": "@triggerBody()['file']['contentBytes']"
                },
                "authentication": "@parameters('$authentication')"
              },
              "runtimeConfiguration": {
                "contentTransfer": {
                  "transferMode": "Chunked"
                }
              }
            },
            "Respond_to_a_Power_App_or_flow": {
              "runAfter": {
                "Create_file": [
                  "Succeeded"
                ]
              },
              "metadata": {
                "operationMetadataId": "72ef8f35-a591-41a8-a854-8b71ecce4753"
              },
              "type": "Response",
              "kind": "PowerApp",
              "inputs": {
                "statusCode": 200,
                "body": {},
                "schema": {
                  "type": "object",
                  "properties": {}
                }
              }
            }
          },
          "runAfter": {},
          "else": {
            "actions": {
              "Create_file_2": {
                "runAfter": {},
                "metadata": {
                  "operationMetadataId": "01e1e4f1-53ba-438a-8a0f-b634e610f380"
                },
                "type": "OpenApiConnection",
                "inputs": {
                  "host": {
                    "connectionName": "shared_sharepointonline_1",
                    "operationId": "CreateFile",
                    "apiId": "/providers/Microsoft.PowerApps/apis/shared_sharepointonline"
                  },
                  "parameters": {
                    "dataset": "@parameters('Site Contract Development - https://hptvn.sharepoint.com/teams/mppdev/contract (contract_shared_sharepointonline_ba8a92bb5f984c4a9e12b8ebbe150b7e)')",
                    "folderPath": "/Shared Documents/ChungTuLienQuanHopDong/@{triggerBody()['number']}",
                    "name": "@triggerBody()['file']['name']",
                    "body": "@triggerBody()['file']['contentBytes']"
                  },
                  "authentication": "@parameters('$authentication')"
                },
                "runtimeConfiguration": {
                  "contentTransfer": {
                    "transferMode": "Chunked"
                  }
                }
              },
              "Respond_to_a_Power_App_or_flow_2": {
                "runAfter": {
                  "Create_file_2": [
                    "Succeeded"
                  ]
                },
                "metadata": {
                  "operationMetadataId": "e618cad1-ef7c-4ad2-ac3b-3bfd9c049399"
                },
                "type": "Response",
                "kind": "PowerApp",
                "inputs": {
                  "statusCode": 200,
                  "body": {},
                  "schema": {
                    "type": "object",
                    "properties": {}
                  }
                }
              }
            }
          },
          "expression": {
            "equals": [
              "@triggerBody()['boolean']",
              true
            ]
          },
          "metadata": {
            "operationMetadataId": "186d705d-2b77-45d9-bf3e-2075253097eb"
          },
          "type": "If"
        }
      }
    },
    "templateName": ""
  },
  "schemaVersion": "1.0.0.0"
}