{
  "properties": {
    "connectionReferences": {
      "shared_sharepointonline_1": {
        "runtimeSource": "embedded",
        "connection": {
          "connectionReferenceLogicalName": "contract_sharedsharepointonline_5ddc3"
        },
        "api": {
          "name": "shared_sharepointonline"
        }
      },
      "shared_office365_1": {
        "runtimeSource": "embedded",
        "connection": {
          "connectionReferenceLogicalName": "contract_sharedoffice365_69327"
        },
        "api": {
          "name": "shared_office365"
        }
      }
    },
    "definition": {
      "$schema": "https://schema.management.azure.com/providers/Microsoft.Logic/schemas/2016-06-01/workflowdefinition.json#",
      "contentVersion": "1.0.0.0",
      "parameters": {
        "$connections": {
          "defaultValue": {},
          "type": "Object"
        },
        "$authentication": {
          "defaultValue": {},
          "type": "SecureObject"
        },
        "Site Contract Development - https://hptvn.sharepoint.com/teams/mppdev/contract (contract_shared_sharepointonline_ba8a92bb5f984c4a9e12b8ebbe150b7e)": {
          "defaultValue": "https://hptvn.sharepoint.com/teams/mppdev/contract",
          "type": "String",
          "metadata": {
            "schemaName": "contract_shared_sharepointonline_ba8a92bb5f984c4a9e12b8ebbe150b7e"
          }
        },
        "List Data Contract (contract_shared_sharepointonline_af7e0287396a4264bf84ac3bb4d1bb35)": {
          "defaultValue": "3f1d5884-1363-4877-a3a6-87eea2435b5e",
          "type": "String",
          "metadata": {
            "schemaName": "contract_shared_sharepointonline_af7e0287396a4264bf84ac3bb4d1bb35"
          }
        },
        "List Data Lịch thanh toán (new_shared_sharepointonline_5f4b15a58b9046d4b7f82734d3274b93)": {
          "defaultValue": "091f36f1-bf80-4e87-bba9-d457bdc2f66f",
          "type": "String",
          "metadata": {
            "schemaName": "new_shared_sharepointonline_5f4b15a58b9046d4b7f82734d3274b93"
          }
        }
      },
      "triggers": {
        "manual": {
          "metadata": {
            "operationMetadataId": "8b219e26-d3ad-4252-8d79-bd06dd03f4be"
          },
          "type": "Request",
          "kind": "PowerAppV2",
          "inputs": {
            "schema": {
              "type": "object",
              "properties": {
                "number": {
                  "title": "Number",
                  "type": "number",
                  "x-ms-dynamically-added": true,
                  "description": "Please enter a number",
                  "x-ms-content-hint": "NUMBER"
                },
                "text": {
                  "title": "AppID",
                  "type": "string",
                  "x-ms-dynamically-added": true,
                  "description": "Please enter your input",
                  "x-ms-content-hint": "TEXT"
                }
              },
              "required": [
                "number",
                "text"
              ]
            }
          }
        }
      },
      "actions": {
        "Initialize_variable": {
          "runAfter": {
            "Compose_Link": [
              "Succeeded"
            ]
          },
          "metadata": {
            "operationMetadataId": "cc678034-dee9-4739-8c0b-8d493b59506a"
          },
          "type": "InitializeVariable",
          "inputs": {
            "variables": [
              {
                "name": "varID",
                "type": "integer",
                "value": "@triggerBody()['number']"
              }
            ]
          }
        },
        "Get_item_Contract": {
          "runAfter": {
            "Initialize_variable": [
              "Succeeded"
            ]
          },
          "metadata": {
            "operationMetadataId": "105382f2-f001-46b9-acce-aa5934a5fe6c"
          },
          "type": "OpenApiConnection",
          "inputs": {
            "host": {
              "connectionName": "shared_sharepointonline_1",
              "operationId": "GetItem",
              "apiId": "/providers/Microsoft.PowerApps/apis/shared_sharepointonline"
            },
            "parameters": {
              "dataset": "@parameters('Site Contract Development - https://hptvn.sharepoint.com/teams/mppdev/contract (contract_shared_sharepointonline_ba8a92bb5f984c4a9e12b8ebbe150b7e)')",
              "table": "@parameters('List Data Contract (contract_shared_sharepointonline_af7e0287396a4264bf84ac3bb4d1bb35)')",
              "id": "@variables('varID')"
            },
            "authentication": "@parameters('$authentication')"
          }
        },
        "Get_items_Phase": {
          "runAfter": {
            "Get_item_Contract": [
              "Succeeded"
            ]
          },
          "metadata": {
            "operationMetadataId": "92d44fc3-a6e0-42ae-970b-ddccbd6db953"
          },
          "type": "OpenApiConnection",
          "inputs": {
            "host": {
              "connectionName": "shared_sharepointonline_1",
              "operationId": "GetItems",
              "apiId": "/providers/Microsoft.PowerApps/apis/shared_sharepointonline"
            },
            "parameters": {
              "dataset": "@parameters('Site Contract Development - https://hptvn.sharepoint.com/teams/mppdev/contract (contract_shared_sharepointonline_ba8a92bb5f984c4a9e12b8ebbe150b7e)')",
              "table": "@parameters('List Data Lịch thanh toán (new_shared_sharepointonline_5f4b15a58b9046d4b7f82734d3274b93)')",
              "$filter": "IDHopDong eq '@{variables('varID')}'",
              "$orderby": "ID desc"
            },
            "authentication": "@parameters('$authentication')"
          },
          "runtimeConfiguration": {
            "paginationPolicy": {
              "minimumItemCount": 5000
            }
          }
        },
        "Condition": {
          "actions": {
            "Send_an_email_(V2)": {
              "runAfter": {},
              "metadata": {
                "operationMetadataId": "164a8596-fd47-4739-8b6b-b4b8aab726e0"
              },
              "type": "OpenApiConnection",
              "inputs": {
                "host": {
                  "connectionName": "shared_office365_1",
                  "operationId": "SendEmailV2",
                  "apiId": "/providers/Microsoft.PowerApps/apis/shared_office365"
                },
                "parameters": {
                  "emailMessage/To": "@{outputs('Get_item_Contract')?['body/TenAM/Email']};@{outputs('Get_item_Contract')?['body/KyThuat/Email']};@{outputs('Get_item_Contract')?['body/NguoiTao/Email']}",
                  "emailMessage/Subject": "HỢP ĐỒNG CÓ SỐ HỢP ĐỒNG @{toUpper(outputs('Get_item_Contract')?['body/Title'])} VỪA ĐƯỢC CHỈNH SỬA BỞI @{toUpper(outputs('Get_item_Contract')?['body/NguoiTao/DisplayName'])}",
                  "emailMessage/Body": "<p><strong>Kính gửi Anh/Chị,</strong><br>\n<br>\nHợp đồng có số hợp đồng <strong></strong><strong>@{outputs('Get_item_Contract')?['body/Title']}</strong><strong> </strong>vừa<strong> </strong>được chỉnh sửa bởi @{outputs('Get_item_Contract')?['body/NguoiSua/DisplayName']}. <br>\nDưới đây là thông tin hợp đồng:<br>\n<br>\n@{outputs('Compose_2')}<br>\n<br>\nMọi chi tiết thắc mắc cần hỗ trợ, Anh/Chị vui lòng liên hệ:<br>\nEmail: @{outputs('Get_item_Contract')?['body/NguoiTao/Email']}<br>\nTrân trọng!</p>",
                  "emailMessage/Importance": "Normal"
                },
                "authentication": "@parameters('$authentication')"
              }
            }
          },
          "runAfter": {
            "Compose_2": [
              "Succeeded"
            ]
          },
          "else": {
            "actions": {
              "Send_an_email_(V2)_2": {
                "runAfter": {},
                "metadata": {
                  "operationMetadataId": "8356e081-d90e-48f1-88ba-e569313a815d"
                },
                "type": "OpenApiConnection",
                "inputs": {
                  "host": {
                    "connectionName": "shared_office365_1",
                    "operationId": "SendEmailV2",
                    "apiId": "/providers/Microsoft.PowerApps/apis/shared_office365"
                  },
                  "parameters": {
                    "emailMessage/To": "@{outputs('Get_item_Contract')?['body/TenAM/Email']};@{outputs('Get_item_Contract')?['body/KyThuat/Email']};@{outputs('Get_item_Contract')?['body/NguoiTao/Email']}",
                    "emailMessage/Subject": "HỢP ĐỒNG CÓ SỐ HỢP ĐỒNG @{toUpper(outputs('Get_item_Contract')?['body/Title'])} VỪA ĐƯỢC CHỈNH SỬA BỞI @{toUpper(outputs('Get_item_Contract')?['body/NguoiTao/DisplayName'])}",
                    "emailMessage/Body": "<p><strong>Kính gửi Anh/Chị,</strong><br>\n<br>\nHợp đồng có số hợp đồng <strong></strong><strong>@{outputs('Get_item_Contract')?['body/Title']}</strong><strong></strong> vừa được chỉnh sửa bởi @{outputs('Get_item_Contract')?['body/NguoiSua/DisplayName']}. <br>\nDưới đây là thông tin hợp đồng:<br>\n<br>\n@{outputs('Compose_2')}<br>\n<br>\nMọi chi tiết thắc mắc cần hỗ trợ, Anh/Chị vui lòng liên hệ:<br>\nEmail: @{outputs('Get_item_Contract')?['body/NguoiTao/Email']}<br>\nTrân trọng!</p>",
                    "emailMessage/Importance": "Normal"
                  },
                  "authentication": "@parameters('$authentication')"
                }
              }
            }
          },
          "expression": {
            "equals": [
              "@length(outputs('Get_items_Phase')?['body/value'])",
              0
            ]
          },
          "metadata": {
            "operationMetadataId": "ca2dc9d6-3cc1-4943-ba69-34f65476660b"
          },
          "type": "If"
        },
        "Select_2": {
          "runAfter": {
            "Get_items_Phase": [
              "Succeeded"
            ]
          },
          "metadata": {
            "operationMetadataId": "459259d1-ca2b-4927-9677-c2d5d5b4cce8"
          },
          "type": "Select",
          "inputs": {
            "from": "@outputs('Get_items_Phase')?['body/value']",
            "select": {
              "Nội dung thanh toán": "@item()?['Title']",
              "Số hóa đơn": "@item()?['SoHoaDon']",
              "Tình trạng": "@item()?['TinhTrang/Value']",
              "Giá trị dự kiến": "@item()?['GiaTriDuKien']",
              "Ngày thực tế XHD": "@if(\r\n    and(\r\n        not(equals(item()?['NgayThucTeXH_x0110_'], null)),\r\n        not(empty(item()?['NgayThucTeXH_x0110_']))\r\n    ),\r\n    formatDateTime(item()?['NgayThucTeXH_x0110_'],'dd/MM/yyyy'),\r\n    null\r\n)",
              "Ngày thực tế thanh toán": "@if(\r\n    and(\r\n        not(equals(item()?['NgayThucTeTT'], null)),\r\n        not(empty(item()?['NgayThucTeTT']))\r\n    ),\r\n    formatDateTime(item()?['NgayThucTeTT'],'dd/MM/yyyy'),\r\n    null\r\n)"
            }
          }
        },
        "Create_HTML_table": {
          "runAfter": {
            "Select_2": [
              "Succeeded"
            ]
          },
          "metadata": {
            "operationMetadataId": "1a8e7050-998d-4a39-bc9b-e83459f34b0b"
          },
          "type": "Table",
          "inputs": {
            "from": "@body('Select_2')",
            "format": "HTML"
          }
        },
        "Compose_2": {
          "runAfter": {
            "Create_HTML_table": [
              "Succeeded"
            ]
          },
          "metadata": {
            "operationMetadataId": "61e08a10-995b-43c3-82b4-5f8ff9397869"
          },
          "type": "Compose",
          "inputs": "<style>\n  table {\n    border: 1px solid #1C6EA4;\n    background-color: #EEEEEE;\n    width: 100%;\n    text-align: left;\n    border-collapse: collapse;\n  }\n  table td, table th {\n    border: 1px solid #AAAAAA;\n    padding: 3px 2px;\n  }\n  table tbody td {\n    font-size: 13px;\n  }\n  table thead {\n    background: #1C6EA4;\n    border-bottom: 2px solid #444444;\n  }\n  table thead th {\n    font-size: 15px;\n    font-weight: bold;\n    color: #FFFFFF;\n    border-left: 2px solid #D0E4F5;\n  }\n  table thead th:first-child {\n    border-left: none;\n  }\n  .lbltotalprice{\n  color: #ff0000;\n   font-size: 15px;\n  }\n  .totalprice{\n  background: #1C6EA4;\n    border: 2px solid #444444;\n   font-size: 13px;\n  }\n  </style>\n<h2 style=\"text-align: center;\">@{toUpper(outputs('Get_item_Contract')?['body/LoaiHD/Value'])}</h2>\n<table>\n  <tr>\n    <td>Số hợp đồng: @{outputs('Get_item_Contract')?['body/Title']}</td>\n    <td>Mô tả chi tiết: @{outputs('Get_item_Contract')?['body/MoTaChiTiet']}</td>\n  </tr>\n<tr>\n    <td>Mã vụ việc: @{outputs('Get_item_Contract')?['body/MaVuViec']}</td>\n    <td>Mã hợp đồng: @{outputs('Get_item_Contract')?['body/MaHopDong']}</td>\n  </tr>\n<tr>\n    <td>Kỹ thuật: @{outputs('Get_item_Contract')?['body/KyThuat/Email']}</td>\n    <td>Phòng kỹ thuật: @{outputs('Get_item_Contract')?['body/PhongKyThuat/Value']}</td>\n  </tr>\n<tr>\n    <td>Khách hàng: @{outputs('Get_item_Contract')?['body/KhachHang/Value']}</td>\n    <td>Sản phẩm dịch vụ: @{outputs('Get_item_Contract')?['body/SanPhamDichVu/Value']}</td>\n  </tr>\n  <tr>\n    <td>Ngày ký hợp đồng: @{if(\r\n    and(\r\n        not(equals(outputs('Get_item_Contract')?['body/NgayKyHD'], null)),\r\n        not(empty(outputs('Get_item_Contract')?['body/NgayKyHD']))\r\n    ),\r\n    formatDateTime(outputs('Get_item_Contract')?['body/NgayKyHD'],'dd/MM/yyyy'),\r\n    null\r\n)}</td>\n    <td>Ngày tái ký hợp đồng: @{if(\r\n    and(\r\n        not(equals(outputs('Get_item_Contract')?['body/NgayTaiKyHD'], null)),\r\n        not(empty(outputs('Get_item_Contract')?['body/NgayTaiKyHD']))\r\n    ),\r\n    formatDateTime(outputs('Get_item_Contract')?['body/NgayTaiKyHD'],'dd/MM/yyyy'),\r\n    null\r\n)}</td>\n  </tr>\n  <tr>\n    <td>Tình trạng: @{outputs('Get_item_Contract')?['body/TrangThai/Value']}</td>\n    \n  </tr>\n</table>"
        },
        "Compose_Link": {
          "runAfter": {},
          "metadata": {
            "operationMetadataId": "d83e3b1f-4140-42e2-a542-cc0cdddce494"
          },
          "type": "Compose",
          "inputs": "<a href=\"@{concat('https://apps.powerapps.com/play/e/', workflow()['tags']['environmentName'], '/a/', triggerBody()['text'])}\">tại đây</a>"
        }
      }
    },
    "templateName": ""
  },
  "schemaVersion": "1.0.0.0"
}