{
  "properties": {
    "connectionReferences": {
      "shared_sharepointonline": {
        "runtimeSource": "embedded",
        "connection": {
          "connectionReferenceLogicalName": "contract_sharedsharepointonline_5ddc3"
        },
        "api": {
          "name": "shared_sharepointonline"
        }
      },
      "shared_office365": {
        "runtimeSource": "embedded",
        "connection": {
          "connectionReferenceLogicalName": "contract_sharedoffice365_69327"
        },
        "api": {
          "name": "shared_office365"
        }
      },
      "shared_office365_1": {
        "runtimeSource": "embedded",
        "connection": {
          "connectionReferenceLogicalName": "cmp_sharedoffice365_5e5f7"
        },
        "api": {
          "name": "shared_office365"
        }
      }
    },
    "definition": {
      "$schema": "https://schema.management.azure.com/providers/Microsoft.Logic/schemas/2016-06-01/workflowdefinition.json#",
      "contentVersion": "1.0.0.0",
      "parameters": {
        "$connections": {
          "defaultValue": {},
          "type": "Object"
        },
        "$authentication": {
          "defaultValue": {},
          "type": "SecureObject"
        },
        "Site Contract Development - https://hptvn.sharepoint.com/teams/mppdev/contract (contract_shared_sharepointonline_ba8a92bb5f984c4a9e12b8ebbe150b7e)": {
          "defaultValue": "https://hptvn.sharepoint.com/teams/mppdev/contract",
          "type": "String",
          "metadata": {
            "schemaName": "contract_shared_sharepointonline_ba8a92bb5f984c4a9e12b8ebbe150b7e"
          }
        },
        "List Data Contract (contract_shared_sharepointonline_af7e0287396a4264bf84ac3bb4d1bb35)": {
          "defaultValue": "3f1d5884-1363-4877-a3a6-87eea2435b5e",
          "type": "String",
          "metadata": {
            "schemaName": "contract_shared_sharepointonline_af7e0287396a4264bf84ac3bb4d1bb35"
          }
        },
        "List Data HD thông tin hàng hóa (contract_shared_sharepointonline_3ff143a0784e4d5e8f6c99efc1725bea)": {
          "defaultValue": "801031c5-3fec-4dff-88ed-ce0048cbb0ab",
          "type": "String",
          "metadata": {
            "schemaName": "contract_shared_sharepointonline_3ff143a0784e4d5e8f6c99efc1725bea"
          }
        }
      },
      "triggers": {
        "Recurrence": {
          "recurrence": {
            "frequency": "Day",
            "interval": 1,
            "timeZone": "SE Asia Standard Time",
            "startTime": "2024-03-11T03:00:00Z"
          },
          "metadata": {
            "operationMetadataId": "e91207f6-53c5-448f-8eac-1f850e5e24f3"
          },
          "type": "Recurrence"
        }
      },
      "actions": {
        "Get_items_expiration_date_NTP": {
          "runAfter": {},
          "metadata": {
            "operationMetadataId": "2a4c770c-3e8f-4e3f-90bc-2a71fb744fb7"
          },
          "type": "OpenApiConnection",
          "inputs": {
            "host": {
              "connectionName": "shared_sharepointonline",
              "operationId": "GetItems",
              "apiId": "/providers/Microsoft.PowerApps/apis/shared_sharepointonline"
            },
            "parameters": {
              "dataset": "@parameters('Site Contract Development - https://hptvn.sharepoint.com/teams/mppdev/contract (contract_shared_sharepointonline_ba8a92bb5f984c4a9e12b8ebbe150b7e)')",
              "table": "@parameters('List Data HD thông tin hàng hóa (contract_shared_sharepointonline_3ff143a0784e4d5e8f6c99efc1725bea)')",
              "$filter": "ThoiHanBaoHanhNTP ge '@{formatDateTime(utcNow(),'yyyy-MM-dd')}' and ThoiHanBaoHanhNTP le '@{addDays(utcNow(),10,'yyyy-MM-dd')}'",
              "$orderby": "ID desc"
            },
            "authentication": "@parameters('$authentication')"
          },
          "runtimeConfiguration": {
            "paginationPolicy": {
              "minimumItemCount": 5000
            }
          }
        },
        "Initialize_Array": {
          "runAfter": {
            "Get_items_expiration_date_NTP": [
              "Succeeded"
            ]
          },
          "metadata": {
            "operationMetadataId": "046be1ab-46e7-49b1-b219-73efcc429900"
          },
          "type": "InitializeVariable",
          "inputs": {
            "variables": [
              {
                "name": "varArray",
                "type": "array"
              }
            ]
          }
        },
        "Initialize_ID": {
          "runAfter": {
            "Initialize_Array": [
              "Succeeded"
            ]
          },
          "metadata": {
            "operationMetadataId": "2aca2f27-0fc3-401a-b4b2-93208f94004b"
          },
          "type": "InitializeVariable",
          "inputs": {
            "variables": [
              {
                "name": "varID",
                "type": "string",
                "value": "0"
              }
            ]
          }
        },
        "Apply_to_each": {
          "foreach": "@outputs('Get_items_expiration_date_NTP')?['body/value']",
          "actions": {
            "Append_to_array_variable": {
              "runAfter": {},
              "metadata": {
                "operationMetadataId": "66d0c53f-3faf-41d0-80fd-0dffb0a03ebb"
              },
              "type": "AppendToArrayVariable",
              "inputs": {
                "name": "varArray",
                "value": "@int(items('Apply_to_each')['IDHopDong'])"
              }
            },
            "Set_variable": {
              "runAfter": {
                "Append_to_array_variable": [
                  "Succeeded"
                ]
              },
              "metadata": {
                "operationMetadataId": "bca1814f-7ba2-4fbc-a382-405446fd1a4d"
              },
              "type": "SetVariable",
              "inputs": {
                "name": "varID",
                "value": "@{concat(variables('varArray'))}"
              }
            }
          },
          "runAfter": {
            "Initialize_ID": [
              "Succeeded"
            ]
          },
          "metadata": {
            "operationMetadataId": "2bf34bf8-e750-44a4-a722-bf1315b17c69"
          },
          "type": "Foreach"
        },
        "Set_variable_2": {
          "runAfter": {
            "Apply_to_each": [
              "Succeeded"
            ]
          },
          "metadata": {
            "operationMetadataId": "3b46381c-916c-41e7-9a71-bf06286be3fb"
          },
          "type": "SetVariable",
          "inputs": {
            "name": "varID",
            "value": "@{union(variables('varArray'),variables('varArray'))}"
          }
        },
        "Apply_to_each_2": {
          "foreach": "@union(variables('varArray'),variables('varArray'))",
          "actions": {
            "Get_item": {
              "runAfter": {},
              "metadata": {
                "operationMetadataId": "e0026f17-0f05-4c43-b5e6-dbdd4181147e"
              },
              "type": "OpenApiConnection",
              "inputs": {
                "host": {
                  "connectionName": "shared_sharepointonline",
                  "operationId": "GetItem",
                  "apiId": "/providers/Microsoft.PowerApps/apis/shared_sharepointonline"
                },
                "parameters": {
                  "dataset": "@parameters('Site Contract Development - https://hptvn.sharepoint.com/teams/mppdev/contract (contract_shared_sharepointonline_ba8a92bb5f984c4a9e12b8ebbe150b7e)')",
                  "table": "@parameters('List Data Contract (contract_shared_sharepointonline_af7e0287396a4264bf84ac3bb4d1bb35)')",
                  "id": "@items('Apply_to_each_2')"
                },
                "authentication": "@parameters('$authentication')"
              }
            },
            "Get_items": {
              "runAfter": {
                "Get_item": [
                  "Succeeded"
                ]
              },
              "metadata": {
                "operationMetadataId": "04628350-ad78-429c-9334-14bc8ab3926d"
              },
              "type": "OpenApiConnection",
              "inputs": {
                "host": {
                  "connectionName": "shared_sharepointonline",
                  "operationId": "GetItems",
                  "apiId": "/providers/Microsoft.PowerApps/apis/shared_sharepointonline"
                },
                "parameters": {
                  "dataset": "@parameters('Site Contract Development - https://hptvn.sharepoint.com/teams/mppdev/contract (contract_shared_sharepointonline_ba8a92bb5f984c4a9e12b8ebbe150b7e)')",
                  "table": "@parameters('List Data HD thông tin hàng hóa (contract_shared_sharepointonline_3ff143a0784e4d5e8f6c99efc1725bea)')",
                  "$filter": "IDHopDong eq '@{outputs('Get_item')?['body/ID']}' and ThoiHanBaoHanhNTP ge '@{formatDateTime(utcNow(),'yyyy-MM-dd')}' and ThoiHanBaoHanhNTP le '@{addDays(utcNow(),10,'yyyy-MM-dd')}'",
                  "$orderby": "ID desc"
                },
                "authentication": "@parameters('$authentication')"
              },
              "runtimeConfiguration": {
                "paginationPolicy": {
                  "minimumItemCount": 5000
                }
              }
            },
            "Select": {
              "runAfter": {
                "Get_items": [
                  "Succeeded"
                ]
              },
              "metadata": {
                "operationMetadataId": "b6103f7d-abdd-4718-956c-9255086cb1c7"
              },
              "type": "Select",
              "inputs": {
                "from": "@outputs('Get_items')?['body/value']",
                "select": {
                  "Tên thiết bị, dịch vụ": "@item()?['Title']",
                  "Key/Serial number": "@item()?['KeyNumber']",
                  "Hạn bảo hành": "@if(not(empty(item()?['HanBaoHanh'])), formatDateTime(item()?['HanBaoHanh'], 'dd/MM/yyyy'), '')",
                  "Thời hạn bảo hành NTP": "@if(not(empty(item()?['ThoiHanBaoHanhNTP'])), formatDateTime(item()?['ThoiHanBaoHanhNTP'], 'dd/MM/yyyy'), '')",
                  "Thời hạn bảo hành HPT với Khách hàng": "@if(not(empty(item()?['HanBaoHanhHPTKH'])), formatDateTime(item()?['HanBaoHanhHPTKH'], 'dd/MM/yyyy'), '')"
                }
              }
            },
            "Compose_nguoitao": {
              "runAfter": {
                "Create_HTML_table": [
                  "Succeeded"
                ]
              },
              "metadata": {
                "operationMetadataId": "84984987-3e99-4a49-bfe0-baddbba7a9ca"
              },
              "type": "Compose",
              "inputs": "<style>\n  table {\n    border: 1px solid #1C6EA4;\n    background-color: #EEEEEE;\n    width: 100%;\n    text-align: left;\n    border-collapse: collapse;\n  }\n  table td, table th {\n    border: 1px solid #AAAAAA;\n    padding: 3px 2px;\n  }\n  table tbody td {\n    font-size: 13px;\n  }\n  table thead {\n    background: #1C6EA4;\n    border-bottom: 2px solid #444444;\n  }\n  table thead th {\n    font-size: 15px;\n    font-weight: bold;\n    color: #FFFFFF;\n    border-left: 2px solid #D0E4F5;\n  }\n  table thead th:first-child {\n    border-left: none;\n  }\n  .lbltotalprice{\n  color: #ff0000;\n   font-size: 15px;\n  }\n  .totalprice{\n  background: #1C6EA4;\n    border: 2px solid #444444;\n   font-size: 13px;\n  }\n  </style>\n<h2 style=\"text-align: center;\">HỢP ĐỒNG</h2>\n<table>\n  <tr>\n    <td>Số hợp đồng: @{outputs('Get_item')?['body/Title']}</td>\n    <td>Mô tả thiết bị, dịch vụ: @{outputs('Get_item')?['body/MoTaTBDV']}</td>\n  </tr>\n<tr>\n    <td>Mã vụ việc: @{outputs('Get_item')?['body/MaVuViec']}</td>\n    <td>Mã hợp đồng: @{outputs('Get_item')?['body/MaHopDong']}</td>\n  </tr>\n<tr>\n    <td>Kỹ thuật: @{outputs('Get_item')?['body/KyThuat/Email']}</td>\n    <td>Phòng kỹ thuật: @{outputs('Get_item')?['body/PhongKyThuat/Value']}</td>\n  </tr>\n<tr>\n    <td>Khách hàng: @{outputs('Get_item')?['body/KhachHang/Value']}</td>\n    <td>Sản phẩm dịch vụ: @{outputs('Get_item')?['body/SanPhamDichVu/Value']}</td>\n  </tr>\n  <tr>\n    <td>Ngày ký hợp đồng: @{if(\r\n  and(\r\n      not(equals(outputs('Get_item')?['body/NgayKyHD'], null)),\r\n      not(empty(outputs('Get_item')?['body/NgayKyHD']))\r\n  ),\r\n  formatDateTime(outputs('Get_item')?['body/NgayKyHD'],'dd/MM/yyyy'),\r\n  null\r\n)}</td>\n    <td>Ngày kết thúc dịch vụ: @{if(\r\n  and(\r\n      not(equals(outputs('Get_item')?['body/NgayKetThucDichVu'], null)),\r\n      not(empty(outputs('Get_item')?['body/NgayKetThucDichVu']))\r\n  ),\r\n  formatDateTime(outputs('Get_item')?['body/NgayKetThucDichVu'],'dd/MM/yyyy'),\r\n  null\r\n)}</td>\n  </tr>\n\n</table>"
            },
            "Create_HTML_table": {
              "runAfter": {
                "Select": [
                  "Succeeded"
                ]
              },
              "metadata": {
                "operationMetadataId": "bf23e547-e9dc-4909-a09c-4ef23f8dfa78"
              },
              "type": "Table",
              "inputs": {
                "from": "@body('Select')",
                "format": "HTML"
              }
            },
            "Send_an_email_(V2)_Createby": {
              "runAfter": {
                "Condition": [
                  "Succeeded"
                ]
              },
              "metadata": {
                "operationMetadataId": "04ce9666-89cb-44a4-813a-6f6ad69192e0"
              },
              "type": "OpenApiConnection",
              "inputs": {
                "host": {
                  "connectionName": "shared_office365",
                  "operationId": "SendEmailV2",
                  "apiId": "/providers/Microsoft.PowerApps/apis/shared_office365"
                },
                "parameters": {
                  "emailMessage/To": "@outputs('Get_item')?['body/NguoiTao/Email']",
                  "emailMessage/Subject": "HỢP ĐỒNG SỐ @{toUpper(outputs('Get_item')?['body/Title'])} CÓ THÔNG TIN HÀNG HÓA SẮP TỚI HẠN BẢO HÀNH VỚI NHÀ THẦU PHỤ",
                  "emailMessage/Body": "<p><strong>Kính gửi Anh/Chị,</strong><br>\n<br>\nHợp đồng số <strong></strong><strong>@{outputs('Get_item')?['body/Title']}</strong><strong></strong> được tạo bởi <strong></strong><strong>@{outputs('Get_item')?['body/NguoiTao/DisplayName']}</strong><strong></strong> có thông tin hàng hóa sắp tới hạn bảo hành với nhà thầu phụ. Dưới đây là thông tin chi tiết:<br>\n@{outputs('Compose_nguoitao')}<br>\n<strong>THÔNG TIN HÀNG HÓA:<br>\n</strong><br>\n@{body('Create_HTML_table')}<br>\n<strong>Mọi chi tiết thắc mắc cần hỗ trợ, Anh/Chị vui lòng liên hệ:</strong><br>\n- Email: Hptservice@hpt.vn<br>\nTrân trọng!</p>",
                  "emailMessage/Importance": "Normal"
                },
                "authentication": "@parameters('$authentication')"
              }
            },
            "Compose_sale,kt": {
              "runAfter": {
                "Compose_nguoitao": [
                  "Succeeded"
                ]
              },
              "metadata": {
                "operationMetadataId": "84984987-3e99-4a49-bfe0-baddbba7a9ca"
              },
              "type": "Compose",
              "inputs": "<style>\n  table {\n    border: 1px solid #1C6EA4;\n    background-color: #EEEEEE;\n    width: 100%;\n    text-align: left;\n    border-collapse: collapse;\n  }\n  table td, table th {\n    border: 1px solid #AAAAAA;\n    padding: 3px 2px;\n  }\n  table tbody td {\n    font-size: 13px;\n  }\n  table thead {\n    background: #1C6EA4;\n    border-bottom: 2px solid #444444;\n  }\n  table thead th {\n    font-size: 15px;\n    font-weight: bold;\n    color: #FFFFFF;\n    border-left: 2px solid #D0E4F5;\n  }\n  table thead th:first-child {\n    border-left: none;\n  }\n  .lbltotalprice{\n  color: #ff0000;\n   font-size: 15px;\n  }\n  .totalprice{\n  background: #1C6EA4;\n    border: 2px solid #444444;\n   font-size: 13px;\n  }\n  </style>\n<h2 style=\"text-align: center;\">HỢP ĐỒNG</h2>\n<table>\n  <tr>\n    <td>Số hợp đồng: @{outputs('Get_item')?['body/Title']}</td>\n    <td>Mô tả thiết bị, dịch vụ: @{outputs('Get_item')?['body/MoTaTBDV']}</td>\n  </tr>\n<tr>\n    <td>Mã vụ việc: @{outputs('Get_item')?['body/MaVuViec']}</td>\n    <td>Mã hợp đồng: @{outputs('Get_item')?['body/MaHopDong']}</td>\n  </tr>\n<tr>\n    <td>Kỹ thuật: @{outputs('Get_item')?['body/KyThuat/Email']}</td>\n    <td>Phòng kỹ thuật: @{outputs('Get_item')?['body/PhongKyThuat/Value']}</td>\n  </tr>\n<tr>\n    <td>Khách hàng: @{outputs('Get_item')?['body/KhachHang/Value']}</td>\n    <td>Sản phẩm dịch vụ: @{outputs('Get_item')?['body/SanPhamDichVu/Value']}</td>\n  </tr>\n  <tr>\n    <td>Ngày bắt đầu dịch vụ: @{if(and(not(equals(outputs('Get_item')?['body/NgayBatDauDichVu'], null)), not(empty(outputs('Get_item')?['body/NgayBatDauDichVu']))), formatDateTime(outputs('Get_item')?['body/NgayBatDauDichVu'], 'dd/MM/yyyy'), null)}</td>\n    <td>Ngày kết thúc dịch vụ: @{if(and(not(equals(outputs('Get_item')?['body/NgayKetThucDichVu'], null)), not(empty(outputs('Get_item')?['body/NgayKetThucDichVu']))), formatDateTime(outputs('Get_item')?['body/NgayKetThucDichVu'], 'dd/MM/yyyy'), null)}</td>\n  </tr>\n<tr>\n    <td style=\"color:red\" colspan=\"2\">Lưu ý: @{outputs('Get_item')?['body/Luuy']}.\nNếu có thắc mắc phần lưu ý trên, vui lòng liện hệ như sau:  \nEmail:hptservice@hpt.vn\nTrân trọng!\n</td>\n  </tr>\n\n</table>"
            },
            "Condition": {
              "actions": {},
              "runAfter": {
                "Compose_sale,kt": [
                  "Succeeded"
                ]
              },
              "else": {
                "actions": {
                  "Send_an_email_(V2)_Sale,_kt": {
                    "runAfter": {},
                    "metadata": {
                      "operationMetadataId": "04ce9666-89cb-44a4-813a-6f6ad69192e0"
                    },
                    "type": "OpenApiConnection",
                    "inputs": {
                      "host": {
                        "connectionName": "shared_office365",
                        "operationId": "SendEmailV2",
                        "apiId": "/providers/Microsoft.PowerApps/apis/shared_office365"
                      },
                      "parameters": {
                        "emailMessage/To": "@{outputs('Get_item')?['body/TenAM/Email']};@{outputs('Get_item')?['body/KyThuat/Email']}",
                        "emailMessage/Subject": "HỢP ĐỒNG SỐ @{toUpper(outputs('Get_item')?['body/Title'])} CÓ THÔNG TIN HÀNG HÓA SẮP TỚI HẠN BẢO HÀNH VỚI NHÀ THẦU PHỤ",
                        "emailMessage/Body": "<p><strong>Kính gửi Anh/Chị,</strong><br>\n<br>\nHợp đồng số <strong></strong><strong>@{outputs('Get_item')?['body/Title']}</strong><strong></strong> được tạo bởi <strong></strong><strong>@{outputs('Get_item')?['body/NguoiTao/DisplayName']}</strong><strong></strong> có thông tin hàng hóa sắp tới hạn bảo hành với nhà thầu phụ. Dưới đây là thông tin chi tiết:<br>\n@{outputs('Compose_sale,kt')}<br>\n<strong>THÔNG TIN HÀNG HÓA:<br>\n</strong><br>\n@{body('Create_HTML_table')}<br>\n<strong>Mọi chi tiết thắc mắc cần hỗ trợ, Anh/Chị vui lòng liên hệ:</strong><br>\n- Email: Hptservice@hpt.vn<br>\nTrân trọng!</p>",
                        "emailMessage/Importance": "Normal"
                      },
                      "authentication": "@parameters('$authentication')"
                    }
                  }
                }
              },
              "expression": {
                "equals": [
                  "@and(\r\n    equals(outputs('Get_item')?['body/TenAM/Email'], null),\r\n    equals(outputs('Get_item')?['body/KyThuat/Email'], null)\r\n)",
                  "@true"
                ]
              },
              "metadata": {
                "operationMetadataId": "f00a8cb1-9889-41e2-94ee-8310fe102093"
              },
              "type": "If"
            }
          },
          "runAfter": {
            "Set_variable_2": [
              "Succeeded"
            ]
          },
          "metadata": {
            "operationMetadataId": "cdcd1e5a-8b91-46b9-a5f8-f83dc95d2583"
          },
          "type": "Foreach"
        },
        "Get_items_expiration_date_HPT": {
          "runAfter": {},
          "metadata": {
            "operationMetadataId": "2a4c770c-3e8f-4e3f-90bc-2a71fb744fb7"
          },
          "type": "OpenApiConnection",
          "inputs": {
            "host": {
              "connectionName": "shared_sharepointonline",
              "operationId": "GetItems",
              "apiId": "/providers/Microsoft.PowerApps/apis/shared_sharepointonline"
            },
            "parameters": {
              "dataset": "@parameters('Site Contract Development - https://hptvn.sharepoint.com/teams/mppdev/contract (contract_shared_sharepointonline_ba8a92bb5f984c4a9e12b8ebbe150b7e)')",
              "table": "@parameters('List Data HD thông tin hàng hóa (contract_shared_sharepointonline_3ff143a0784e4d5e8f6c99efc1725bea)')",
              "$filter": "HanBaoHanhHPTKH ge '@{formatDateTime(utcNow(), 'yyyy-MM-dd')}' and HanBaoHanhHPTKH le '@{addDays(utcNow(), 10, 'yyyy-MM-dd')}'",
              "$orderby": "ID desc"
            },
            "authentication": "@parameters('$authentication')"
          },
          "runtimeConfiguration": {
            "paginationPolicy": {
              "minimumItemCount": 5000
            }
          }
        },
        "Initialize_Array_2": {
          "runAfter": {
            "Get_items_expiration_date_HPT": [
              "Succeeded"
            ]
          },
          "metadata": {
            "operationMetadataId": "046be1ab-46e7-49b1-b219-73efcc429900"
          },
          "type": "InitializeVariable",
          "inputs": {
            "variables": [
              {
                "name": "varArrayDateHPT",
                "type": "array"
              }
            ]
          }
        },
        "Initialize_ID_2": {
          "runAfter": {
            "Initialize_Array_2": [
              "Succeeded"
            ]
          },
          "metadata": {
            "operationMetadataId": "2aca2f27-0fc3-401a-b4b2-93208f94004b"
          },
          "type": "InitializeVariable",
          "inputs": {
            "variables": [
              {
                "name": "varIDDateHPT",
                "type": "string",
                "value": "0"
              }
            ]
          }
        },
        "Apply_to_each_3": {
          "foreach": "@outputs('Get_items_expiration_date_HPT')?['body/value']",
          "actions": {
            "Append_to_array_variable_2": {
              "runAfter": {},
              "metadata": {
                "operationMetadataId": "66d0c53f-3faf-41d0-80fd-0dffb0a03ebb"
              },
              "type": "AppendToArrayVariable",
              "inputs": {
                "name": "varArrayDateHPT",
                "value": "@int(items('Apply_to_each_3')['IDHopDong'])"
              }
            },
            "Set_variable_3": {
              "runAfter": {
                "Append_to_array_variable_2": [
                  "Succeeded"
                ]
              },
              "metadata": {
                "operationMetadataId": "bca1814f-7ba2-4fbc-a382-405446fd1a4d"
              },
              "type": "SetVariable",
              "inputs": {
                "name": "varIDDateHPT",
                "value": "@{concat(variables('varArrayDateHPT'))}"
              }
            }
          },
          "runAfter": {
            "Initialize_ID_2": [
              "Succeeded"
            ]
          },
          "metadata": {
            "operationMetadataId": "2bf34bf8-e750-44a4-a722-bf1315b17c69"
          },
          "type": "Foreach"
        },
        "Set_variable_4": {
          "runAfter": {
            "Apply_to_each_3": [
              "Succeeded"
            ]
          },
          "metadata": {
            "operationMetadataId": "3b46381c-916c-41e7-9a71-bf06286be3fb"
          },
          "type": "SetVariable",
          "inputs": {
            "name": "varIDDateHPT",
            "value": "@{union(variables('varArrayDateHPT'), variables('varArrayDateHPT'))}"
          }
        },
        "Apply_to_each_4": {
          "foreach": "@union(variables('varArrayDateHPT'), variables('varArrayDateHPT'))",
          "actions": {
            "Get_item_contract_by_ID_date_hpt": {
              "runAfter": {},
              "metadata": {
                "operationMetadataId": "e0026f17-0f05-4c43-b5e6-dbdd4181147e"
              },
              "type": "OpenApiConnection",
              "inputs": {
                "host": {
                  "connectionName": "shared_sharepointonline",
                  "operationId": "GetItem",
                  "apiId": "/providers/Microsoft.PowerApps/apis/shared_sharepointonline"
                },
                "parameters": {
                  "dataset": "@parameters('Site Contract Development - https://hptvn.sharepoint.com/teams/mppdev/contract (contract_shared_sharepointonline_ba8a92bb5f984c4a9e12b8ebbe150b7e)')",
                  "table": "@parameters('List Data Contract (contract_shared_sharepointonline_af7e0287396a4264bf84ac3bb4d1bb35)')",
                  "id": "@items('Apply_to_each_4')"
                },
                "authentication": "@parameters('$authentication')"
              }
            },
            "Get_items_Cargo_date_hpt": {
              "runAfter": {
                "Get_item_contract_by_ID_date_hpt": [
                  "Succeeded"
                ]
              },
              "metadata": {
                "operationMetadataId": "04628350-ad78-429c-9334-14bc8ab3926d"
              },
              "type": "OpenApiConnection",
              "inputs": {
                "host": {
                  "connectionName": "shared_sharepointonline",
                  "operationId": "GetItems",
                  "apiId": "/providers/Microsoft.PowerApps/apis/shared_sharepointonline"
                },
                "parameters": {
                  "dataset": "@parameters('Site Contract Development - https://hptvn.sharepoint.com/teams/mppdev/contract (contract_shared_sharepointonline_ba8a92bb5f984c4a9e12b8ebbe150b7e)')",
                  "table": "@parameters('List Data HD thông tin hàng hóa (contract_shared_sharepointonline_3ff143a0784e4d5e8f6c99efc1725bea)')",
                  "$filter": "IDHopDong eq '@{outputs('Get_item_contract_by_ID_date_hpt')?['body/ID']}' and HanBaoHanhHPTKH ge '@{formatDateTime(utcNow(), 'yyyy-MM-dd')}' and HanBaoHanhHPTKH le '@{addDays(utcNow(), 10, 'yyyy-MM-dd')}'",
                  "$orderby": "ID desc"
                },
                "authentication": "@parameters('$authentication')"
              },
              "runtimeConfiguration": {
                "paginationPolicy": {
                  "minimumItemCount": 5000
                }
              }
            },
            "Select_table_Cargo_by_date_hpt": {
              "runAfter": {
                "Get_items_Cargo_date_hpt": [
                  "Succeeded"
                ]
              },
              "metadata": {
                "operationMetadataId": "b6103f7d-abdd-4718-956c-9255086cb1c7"
              },
              "type": "Select",
              "inputs": {
                "from": "@outputs('Get_items_Cargo_date_hpt')?['body/value']",
                "select": {
                  "Tên thiết bị, dịch vụ": "@item()?['Title']",
                  "Số serial": "@item()?['KeyNumber']",
                  "Hạn bảo hành": "@if(not(empty(item()?['HanBaoHanh'])), formatDateTime(item()?['HanBaoHanh'], 'dd/MM/yyyy'), '')",
                  "Thời hạn bảo hành NTP": "@if(not(empty(item()?['ThoiHanBaoHanhNTP'])), formatDateTime(item()?['ThoiHanBaoHanhNTP'], 'dd/MM/yyyy'), '')",
                  "Thời hạn bảo hành HPT với Khách hàng": "@if(not(empty(item()?['HanBaoHanhHPTKH'])), formatDateTime(item()?['HanBaoHanhHPTKH'], 'dd/MM/yyyy'), '')"
                }
              }
            },
            "Compose_contract_by_date_hpt": {
              "runAfter": {
                "Create_HTML_table_by_date_hpt": [
                  "Succeeded"
                ]
              },
              "metadata": {
                "operationMetadataId": "84984987-3e99-4a49-bfe0-baddbba7a9ca"
              },
              "type": "Compose",
              "inputs": "<style>\n  table {\n    border: 1px solid #1C6EA4;\n    background-color: #EEEEEE;\n    width: 100%;\n    text-align: left;\n    border-collapse: collapse;\n  }\n  table td, table th {\n    border: 1px solid #AAAAAA;\n    padding: 3px 2px;\n  }\n  table tbody td {\n    font-size: 13px;\n  }\n  table thead {\n    background: #1C6EA4;\n    border-bottom: 2px solid #444444;\n  }\n  table thead th {\n    font-size: 15px;\n    font-weight: bold;\n    color: #FFFFFF;\n    border-left: 2px solid #D0E4F5;\n  }\n  table thead th:first-child {\n    border-left: none;\n  }\n  .lbltotalprice{\n  color: #ff0000;\n   font-size: 15px;\n  }\n  .totalprice{\n  background: #1C6EA4;\n    border: 2px solid #444444;\n   font-size: 13px;\n  }\n  </style>\n<h2 style=\"text-align: center;\">HƠP</h2>\n<table>\n  <tr>\n    <td>Số hợp đồng: @{outputs('Get_item_contract_by_ID_date_hpt')?['body/Title']}</td>\n    <td>Mô tả chi tiết: @{outputs('Get_item_contract_by_ID_date_hpt')?['body/MoTaChiTiet']}</td>\n  </tr>\n<tr>\n    <td>Mã vụ việc: @{outputs('Get_item_contract_by_ID_date_hpt')?['body/MaVuViec']}</td>\n    <td>Mã hợp đồng: @{outputs('Get_item_contract_by_ID_date_hpt')?['body/MaHopDong']}</td>\n  </tr>\n\n<tr>\n    <td>Kỹ thuật: @{outputs('Get_item_contract_by_ID_date_hpt')?['body/KyThuat/Email']}</td>\n    <td>Phòng kỹ thuật: @{outputs('Get_item_contract_by_ID_date_hpt')?['body/PhongKyThuat/Value']}</td>\n  </tr>\n<tr>\n    <td>Khách hàng: @{outputs('Get_item_contract_by_ID_date_hpt')?['body/KhachHang/Value']}</td>\n    <td>Sản phẩm dịch vụ: @{outputs('Get_item_contract_by_ID_date_hpt')?['body/SanPhamDichVu/Value']}</td>\n  </tr>\n  <tr>\n    <td>Ngày ký hợp đồng: @{if(and(not(equals(outputs('Get_item_contract_by_ID_date_hpt')?['body/NgayKyHD'], null)), not(empty(outputs('Get_item_contract_by_ID_date_hpt')?['body/NgayKyHD']))), formatDateTime(outputs('Get_item_contract_by_ID_date_hpt')?['body/NgayKyHD'], 'dd/MM/yyyy'), null)}</td>\n    <td>Ngày kết thúc dịch vụ: @{if(and(not(equals(outputs('Get_item_contract_by_ID_date_hpt')?['body/NgayKetThucDichVu'], null)), not(empty(outputs('Get_item_contract_by_ID_date_hpt')?['body/NgayKetThucDichVu']))), formatDateTime(outputs('Get_item_contract_by_ID_date_hpt')?['body/NgayKetThucDichVu'], 'dd/MM/yyyy'), null)}</td>\n  </tr>\n  \n</table>"
            },
            "Create_HTML_table_by_date_hpt": {
              "runAfter": {
                "Select_table_Cargo_by_date_hpt": [
                  "Succeeded"
                ]
              },
              "metadata": {
                "operationMetadataId": "bf23e547-e9dc-4909-a09c-4ef23f8dfa78"
              },
              "type": "Table",
              "inputs": {
                "from": "@body('Select_table_Cargo_by_date_hpt')",
                "format": "HTML"
              }
            },
            "Send_an_email_(V2)_2": {
              "runAfter": {
                "Condition_2": [
                  "Succeeded"
                ]
              },
              "metadata": {
                "operationMetadataId": "04ce9666-89cb-44a4-813a-6f6ad69192e0"
              },
              "type": "OpenApiConnection",
              "inputs": {
                "host": {
                  "connectionName": "shared_office365",
                  "operationId": "SendEmailV2",
                  "apiId": "/providers/Microsoft.PowerApps/apis/shared_office365"
                },
                "parameters": {
                  "emailMessage/To": "@outputs('Get_item_contract_by_ID_date_hpt')?['body/NguoiTao/Email']",
                  "emailMessage/Subject": "HỢP ĐỒNG SỐ @{toUpper(outputs('Get_item_contract_by_ID_date_hpt')?['body/Title'])} CÓ THÔNG TIN HÀNG HÓA SẮP TỚI HẠN BẢO HÀNH GIỮA HPT VỚI KHÁCH HÀNG",
                  "emailMessage/Body": "<p><strong>Kính gửi Anh/Chị,</strong><br>\n<br>\nHợp đồng số <strong></strong><strong>@{outputs('Get_item_contract_by_ID_date_hpt')?['body/Title']}</strong><strong></strong> được tạo bởi <strong></strong><strong>@{outputs('Get_item_contract_by_ID_date_hpt')?['body/NguoiTao/DisplayName']}</strong><strong></strong> có thông tin hàng hóa sắp tới hạn bảo hành giữa HPT với khách hàng. Dưới đây là thông tin chi tiết:<br>\n@{outputs('Compose_contract_by_date_hpt')}<br>\n<strong>THÔNG TIN HÀNG HÓA:<br>\n</strong><br>\n@{body('Create_HTML_table_by_date_hpt')}<br>\n<strong>Mọi chi tiết thắc mắc cần hỗ trợ, Anh/Chị vui lòng liên hệ:</strong><br>\n- Email: Hptservice@hpt.vn<br>\nTrân trọng!</p>",
                  "emailMessage/Importance": "Normal"
                },
                "authentication": "@parameters('$authentication')"
              }
            },
            "Compose_contract_by_date_hpt_Sale,kt": {
              "runAfter": {
                "Compose_contract_by_date_hpt": [
                  "Succeeded"
                ]
              },
              "metadata": {
                "operationMetadataId": "84984987-3e99-4a49-bfe0-baddbba7a9ca"
              },
              "type": "Compose",
              "inputs": "<style>\n  table {\n    border: 1px solid #1C6EA4;\n    background-color: #EEEEEE;\n    width: 100%;\n    text-align: left;\n    border-collapse: collapse;\n  }\n  table td, table th {\n    border: 1px solid #AAAAAA;\n    padding: 3px 2px;\n  }\n  table tbody td {\n    font-size: 13px;\n  }\n  table thead {\n    background: #1C6EA4;\n    border-bottom: 2px solid #444444;\n  }\n  table thead th {\n    font-size: 15px;\n    font-weight: bold;\n    color: #FFFFFF;\n    border-left: 2px solid #D0E4F5;\n  }\n  table thead th:first-child {\n    border-left: none;\n  }\n  .lbltotalprice{\n  color: #ff0000;\n   font-size: 15px;\n  }\n  .totalprice{\n  background: #1C6EA4;\n    border: 2px solid #444444;\n   font-size: 13px;\n  }\n  </style>\n<h2 style=\"text-align: center;\">HƠP</h2>\n<table>\n  <tr>\n    <td>Số hợp đồng: @{outputs('Get_item_contract_by_ID_date_hpt')?['body/Title']}</td>\n    <td>Mô tả chi tiết: @{outputs('Get_item_contract_by_ID_date_hpt')?['body/MoTaChiTiet']}</td>\n  </tr>\n<tr>\n    <td>Mã vụ việc: @{outputs('Get_item_contract_by_ID_date_hpt')?['body/MaVuViec']}</td>\n    <td>Mã hợp đồng: @{outputs('Get_item_contract_by_ID_date_hpt')?['body/MaHopDong']}</td>\n  </tr>\n\n<tr>\n    <td>Kỹ thuật: @{outputs('Get_item_contract_by_ID_date_hpt')?['body/KyThuat/Email']}</td>\n    <td>Phòng kỹ thuật: @{outputs('Get_item_contract_by_ID_date_hpt')?['body/PhongKyThuat/Value']}</td>\n  </tr>\n<tr>\n    <td>Khách hàng: @{outputs('Get_item_contract_by_ID_date_hpt')?['body/KhachHang/Value']}</td>\n    <td>Sản phẩm dịch vụ: @{outputs('Get_item_contract_by_ID_date_hpt')?['body/SanPhamDichVu/Value']}</td>\n  </tr>\n  <tr>\n    <td>Ngày bắt đầu dịch vụ: @{if(and(not(equals(outputs('Get_item_contract_by_ID_date_hpt')?['body/NgayBatDauDichVu'], null)), not(empty(outputs('Get_item_contract_by_ID_date_hpt')?['body/NgayBatDauDichVu']))), formatDateTime(outputs('Get_item_contract_by_ID_date_hpt')?['body/NgayBatDauDichVu'], 'dd/MM/yyyy'), null)}</td>\n    <td>Ngày kết thúc dịch vụ: @{if(and(not(equals(outputs('Get_item_contract_by_ID_date_hpt')?['body/NgayKetThucDichVu'], null)), not(empty(outputs('Get_item_contract_by_ID_date_hpt')?['body/NgayKetThucDichVu']))), formatDateTime(outputs('Get_item_contract_by_ID_date_hpt')?['body/NgayKetThucDichVu'], 'dd/MM/yyyy'), null)}</td>\n  </tr>\n  <tr>\n    <td style=\"color:red\" colspan=\"2\">Lưu ý: @{outputs('Get_item_contract_by_ID_date_hpt')?['body/Luuy']}.\nNếu có thắc mắc phần lưu ý trên, vui lòng liện hệ như sau:  \nEmail:hptservice@hpt.vn\nTrân trọng!\n</td>\n  </tr>\n</table>"
            },
            "Condition_2": {
              "actions": {},
              "runAfter": {
                "Compose_contract_by_date_hpt_Sale,kt": [
                  "Succeeded"
                ]
              },
              "else": {
                "actions": {
                  "Send_an_email_(V2)": {
                    "runAfter": {},
                    "metadata": {
                      "operationMetadataId": "c0a2fb5d-133d-44b1-a303-7a4c0736fda7"
                    },
                    "type": "OpenApiConnection",
                    "inputs": {
                      "host": {
                        "connectionName": "shared_office365_1",
                        "operationId": "SendEmailV2",
                        "apiId": "/providers/Microsoft.PowerApps/apis/shared_office365"
                      },
                      "parameters": {
                        "emailMessage/To": "@{outputs('Get_item_contract_by_ID_date_hpt')?['body/TenAM/Email']};@{outputs('Get_item_contract_by_ID_date_hpt')?['body/KyThuat/Email']}",
                        "emailMessage/Subject": "HỢP ĐỒNG SỐ @{toUpper(outputs('Get_item_contract_by_ID_date_hpt')?['body/Title'])} CÓ THÔNG TIN HÀNG HÓA SẮP TỚI HẠN BẢO HÀNH GIỮA HPT VỚI KHÁCH HÀNG",
                        "emailMessage/Body": "<p><strong>Kính gửi Anh/Chị,</strong><br>\n<br>\nHợp đồng số <strong>@{outputs('Get_item_contract_by_ID_date_hpt')?['body/Title']}</strong><strong> </strong>được tạo bởi @{outputs('Get_item_contract_by_ID_date_hpt')?['body/NguoiTao/DisplayName']} có thông tin hàng hóa sắp tới hạn bảo hành giữa HPT với khách hàng. Dưới đây là thông tin chi tiết:<br>\n@{outputs('Compose_contract_by_date_hpt_Sale,kt')}<br>\n<strong>THÔNG TIN HÀNG HÓA:</strong><br>\n<br>\n@{body('Create_HTML_table_by_date_hpt')}<br>\n<strong>Mọi chi tiết thắc mắc cần hỗ trợ, Anh/Chị vui lòng liên hệ:</strong><br>\n- Email: Hptservice@hpt.vn<br>\nTrân trọng!</p>",
                        "emailMessage/Importance": "Normal"
                      },
                      "authentication": "@parameters('$authentication')"
                    }
                  }
                }
              },
              "expression": {
                "equals": [
                  "@and(\r\n    equals(outputs('Get_item_contract_by_ID_date_hpt')?['body/TenAM/Email'], null),\r\n    equals(outputs('Get_item_contract_by_ID_date_hpt')?['body/KyThuat/Email'], null)\r\n)",
                  "@true"
                ]
              },
              "metadata": {
                "operationMetadataId": "7b4c8fc6-36b4-4f69-a7ef-6e776c93fcd6"
              },
              "type": "If"
            }
          },
          "runAfter": {
            "Set_variable_4": [
              "Succeeded"
            ]
          },
          "metadata": {
            "operationMetadataId": "cdcd1e5a-8b91-46b9-a5f8-f83dc95d2583"
          },
          "type": "Foreach"
        }
      }
    },
    "templateName": ""
  },
  "schemaVersion": "1.0.0.0"
}