{
  "properties": {
    "connectionReferences": {
      "shared_sharepointonline_1": {
        "runtimeSource": "embedded",
        "connection": {
          "connectionReferenceLogicalName": "contract_sharedsharepointonline_5ddc3"
        },
        "api": {
          "name": "shared_sharepointonline"
        }
      },
      "shared_microsoftforms": {
        "runtimeSource": "embedded",
        "connection": {
          "connectionReferenceLogicalName": "contract_sharedmicrosoftforms_8f64d"
        },
        "api": {
          "name": "shared_microsoftforms"
        }
      }
    },
    "definition": {
      "$schema": "https://schema.management.azure.com/providers/Microsoft.Logic/schemas/2016-06-01/workflowdefinition.json#",
      "contentVersion": "1.0.0.0",
      "parameters": {
        "$connections": {
          "defaultValue": {},
          "type": "Object"
        },
        "$authentication": {
          "defaultValue": {},
          "type": "SecureObject"
        },
        "Site Contract Development - https://hptvn.sharepoint.com/teams/mppdev/contract (contract_shared_sharepointonline_ba8a92bb5f984c4a9e12b8ebbe150b7e)": {
          "defaultValue": "https://hptvn.sharepoint.com/teams/mppdev/contract",
          "type": "String",
          "metadata": {
            "schemaName": "contract_shared_sharepointonline_ba8a92bb5f984c4a9e12b8ebbe150b7e"
          }
        },
        "List Data Khảo sát dịch vụ bảo trì (contract_shared_sharepointonline_de8641ad4ab043eeabb00fccd16ad463)": {
          "defaultValue": "8fa521aa-6879-4a44-a32a-523609ea22f9",
          "type": "String",
          "metadata": {
            "schemaName": "contract_shared_sharepointonline_de8641ad4ab043eeabb00fccd16ad463"
          }
        }
      },
      "triggers": {
        "When_a_new_response_is_submitted:_Submitted_form_survey_maintainance": {
          "splitOn": "@triggerOutputs()?['body/value']",
          "metadata": {
            "operationMetadataId": "c76c8c40-be29-4722-92bd-27c3f83cea3d"
          },
          "type": "OpenApiConnectionWebhook",
          "inputs": {
            "host": {
              "apiId": "/providers/Microsoft.PowerApps/apis/shared_microsoftforms",
              "connectionName": "shared_microsoftforms",
              "operationId": "CreateFormWebhook"
            },
            "parameters": {
              "form_id": "5Pls4dlB0kqPWNw96fZ_PO6DBE0_X95Lke7Lh6CdgqpUQzZZU0tHMFg1WU00UE9HMUwwQlMzVlBTSi4u"
            },
            "authentication": "@parameters('$authentication')"
          }
        }
      },
      "actions": {
        "Create_item:_to_list_khảo_sát_bảo_trì": {
          "runAfter": {
            "Get_response_details:_Get_detail_field": [
              "Succeeded"
            ]
          },
          "metadata": {
            "operationMetadataId": "5d854767-d4f8-48ab-8695-2287c3c9edc0"
          },
          "type": "OpenApiConnection",
          "inputs": {
            "host": {
              "apiId": "/providers/Microsoft.PowerApps/apis/shared_sharepointonline",
              "connectionName": "shared_sharepointonline_1",
              "operationId": "PostItem"
            },
            "parameters": {
              "dataset": "@parameters('Site Contract Development - https://hptvn.sharepoint.com/teams/mppdev/contract (contract_shared_sharepointonline_ba8a92bb5f984c4a9e12b8ebbe150b7e)')",
              "table": "@parameters('List Data Khảo sát dịch vụ bảo trì (contract_shared_sharepointonline_de8641ad4ab043eeabb00fccd16ad463)')",
              "item/Title": "@outputs('Get_response_details:_Get_detail_field')?['body/r315aca98f7cf4196ba8795c8e7f1ae96']",
              "item/TenCongTy": "@outputs('Get_response_details:_Get_detail_field')?['body/rbfa6e9e2a15845f59e01bbcb22f8a864']",
              "item/Field1": "@outputs('Get_response_details:_Get_detail_field')?['body/r79527e75d83d408c92da8e5a0402b3d6']",
              "item/Field2": "@outputs('Get_response_details:_Get_detail_field')?['body/r0ef6a149b66c45edb4c9e4370fc719f4']",
              "item/Field3": "@outputs('Get_response_details:_Get_detail_field')?['body/rf2b68bfb275f4ef1b00ba3945bff0bb6']",
              "item/Field4": "@outputs('Get_response_details:_Get_detail_field')?['body/rf81a5e5684c940f78a198ea51db67493']",
              "item/Field5": "@outputs('Get_response_details:_Get_detail_field')?['body/rdb8e04478dae47af8f099fa1588f7171']",
              "item/Field6": "@outputs('Get_response_details:_Get_detail_field')?['body/r0fe3de93a30b4a97b72ee85069c4b9a4']",
              "item/Field7": "@outputs('Get_response_details:_Get_detail_field')?['body/rce4f1cbb63054f7898beadbf0ff8cce3']",
              "item/Field8": "@outputs('Get_response_details:_Get_detail_field')?['body/r1c3eba3c32d34e55b0c722df0f883968']",
              "item/Field9": "@outputs('Get_response_details:_Get_detail_field')?['body/r8663b32ae510443aa171beeac22f152b']",
              "item/Field10": "@outputs('Get_response_details:_Get_detail_field')?['body/rcc51e689ce534aebbee3c6eacc0e9b9c']",
              "item/Field11": "<p>@{outputs('Get_response_details:_Get_detail_field')?['body/r2b53612cfe22491c8276932a7283c159']}</p>"
            },
            "authentication": "@parameters('$authentication')"
          }
        },
        "Get_response_details:_Get_detail_field": {
          "runAfter": {},
          "metadata": {
            "operationMetadataId": "cdef2d97-8f33-4a26-99a5-a3354c1ed874"
          },
          "type": "OpenApiConnection",
          "inputs": {
            "host": {
              "apiId": "/providers/Microsoft.PowerApps/apis/shared_microsoftforms",
              "connectionName": "shared_microsoftforms",
              "operationId": "GetFormResponseById"
            },
            "parameters": {
              "form_id": "5Pls4dlB0kqPWNw96fZ_PO6DBE0_X95Lke7Lh6CdgqpUQzZZU0tHMFg1WU00UE9HMUwwQlMzVlBTSi4u",
              "response_id": "@triggerOutputs()?['body/resourceData/responseId']"
            },
            "authentication": "@parameters('$authentication')"
          }
        },
        "Update_item:_to_list_khảo_sát_bảo_trì": {
          "runAfter": {
            "Create_item:_to_list_khảo_sát_bảo_trì": [
              "Succeeded"
            ]
          },
          "metadata": {
            "operationMetadataId": "561bfad1-3308-40ed-bd19-a6572f0cff4c"
          },
          "type": "OpenApiConnection",
          "inputs": {
            "host": {
              "apiId": "/providers/Microsoft.PowerApps/apis/shared_sharepointonline",
              "connectionName": "shared_sharepointonline_1",
              "operationId": "PatchItem"
            },
            "parameters": {
              "dataset": "@parameters('Site Contract Development - https://hptvn.sharepoint.com/teams/mppdev/contract (contract_shared_sharepointonline_ba8a92bb5f984c4a9e12b8ebbe150b7e)')",
              "table": "@parameters('List Data Khảo sát dịch vụ bảo trì (contract_shared_sharepointonline_de8641ad4ab043eeabb00fccd16ad463)')",
              "id": "@outputs('Create_item:_to_list_khảo_sát_bảo_trì')?['body/ID']",
              "item/ItemCount": "@outputs('Create_item:_to_list_khảo_sát_bảo_trì')?['body/ID']"
            },
            "authentication": "@parameters('$authentication')"
          }
        }
      }
    },
    "templateName": null
  },
  "schemaVersion": "1.0.0.0"
}