{
  "properties": {
    "connectionReferences": {
      "shared_sharepointonline_1": {
        "runtimeSource": "embedded",
        "connection": {
          "connectionReferenceLogicalName": "contract_sharedsharepointonline_5ddc3"
        },
        "api": {
          "name": "shared_sharepointonline"
        }
      },
      "shared_office365_1": {
        "runtimeSource": "embedded",
        "connection": {
          "connectionReferenceLogicalName": "contract_sharedoffice365_69327"
        },
        "api": {
          "name": "shared_office365"
        }
      }
    },
    "definition": {
      "$schema": "https://schema.management.azure.com/providers/Microsoft.Logic/schemas/2016-06-01/workflowdefinition.json#",
      "contentVersion": "1.0.0.0",
      "parameters": {
        "$connections": {
          "defaultValue": {},
          "type": "Object"
        },
        "$authentication": {
          "defaultValue": {},
          "type": "SecureObject"
        },
        "Site Contract Development - https://hptvn.sharepoint.com/teams/mppdev/contract (contract_shared_sharepointonline_ba8a92bb5f984c4a9e12b8ebbe150b7e)": {
          "defaultValue": "https://hptvn.sharepoint.com/teams/mppdev/contract",
          "type": "String",
          "metadata": {
            "schemaName": "contract_shared_sharepointonline_ba8a92bb5f984c4a9e12b8ebbe150b7e"
          }
        },
        "List Data Khách hàng mới (contract_shared_sharepointonline_2a1abf6c6a234c38bcbaafb1a16fbee4)": {
          "defaultValue": "c98926db-3556-4f37-a233-255e7cf52a86",
          "type": "String",
          "metadata": {
            "schemaName": "contract_shared_sharepointonline_2a1abf6c6a234c38bcbaafb1a16fbee4"
          }
        }
      },
      "triggers": {
        "Recurrence": {
          "recurrence": {
            "frequency": "Week",
            "interval": 1,
            "startTime": "2024-08-01T03:00:00Z",
            "schedule": {
              "weekDays": [
                "Friday"
              ]
            }
          },
          "metadata": {
            "operationMetadataId": "eae0557a-8789-472d-bb68-b6b389c12e8d"
          },
          "type": "Recurrence"
        }
      },
      "actions": {
        "Get_items": {
          "runAfter": {},
          "metadata": {
            "operationMetadataId": "05c60db5-0131-425a-9cc2-928234f90ceb"
          },
          "type": "OpenApiConnection",
          "inputs": {
            "host": {
              "connectionName": "shared_sharepointonline_1",
              "operationId": "GetItems",
              "apiId": "/providers/Microsoft.PowerApps/apis/shared_sharepointonline"
            },
            "parameters": {
              "dataset": "@parameters('Site Contract Development - https://hptvn.sharepoint.com/teams/mppdev/contract (contract_shared_sharepointonline_ba8a92bb5f984c4a9e12b8ebbe150b7e)')",
              "table": "@parameters('List Data Khách hàng mới (contract_shared_sharepointonline_2a1abf6c6a234c38bcbaafb1a16fbee4)')",
              "$filter": "IsDeleted eq false"
            },
            "authentication": "@parameters('$authentication')"
          }
        },
        "Select": {
          "runAfter": {
            "Get_items": [
              "Succeeded"
            ]
          },
          "metadata": {
            "operationMetadataId": "11e52755-c93d-44d7-83ff-26a6d90293f2"
          },
          "type": "Select",
          "inputs": {
            "from": "@outputs('Get_items')?['body/value']",
            "select": {
              "Tên khách hàng": "@item()?['Title']",
              "Mã số thuế": "@item()?['MaSoThue']",
              "Mảng khách hàng": "@item()?['MangKhachHang/Value']",
              "Tên người liên hệ": "@item()?['TenNguoiLienHe']",
              "SĐT người liên hệ": "@item()?['SoDTNguoiLienHe']",
              "Email người liên hệ": "@item()?['EmailNguoiLienHe']",
              "Địa chỉ": "@item()?['DiaChi']",
              "Thành phố": "@item()?['ThanhPho']",
              "Assigned User Name": "@item()?['AssignedUserName']"
            }
          }
        },
        "Create_HTML_table": {
          "runAfter": {
            "Select": [
              "Succeeded"
            ]
          },
          "metadata": {
            "operationMetadataId": "a41bb826-a853-46c3-8a2b-078038d29705"
          },
          "type": "Table",
          "inputs": {
            "from": "@body('Select')",
            "format": "HTML"
          }
        },
        "Send_an_email_(V2)": {
          "runAfter": {
            "Compose": [
              "Succeeded"
            ]
          },
          "metadata": {
            "operationMetadataId": "5c4cdc09-ee39-40af-aba3-09ed69253d79"
          },
          "type": "OpenApiConnection",
          "inputs": {
            "host": {
              "connectionName": "shared_office365_1",
              "operationId": "SendEmailV2",
              "apiId": "/providers/Microsoft.PowerApps/apis/shared_office365"
            },
            "parameters": {
              "emailMessage/To": "tanncm@hpt.vn",
              "emailMessage/Subject": "DANH SÁCH KHÁCH HÀNG MỚI TỪ NGÀY @{addDays(utcNow(),-7,'dd/MM/yyyy')}  TỚI NGÀY @{formatDateTime(utcNow(),'dd/MM/yyyy')}",
              "emailMessage/Body": "<p><strong>Kính gửi Anh/Chị,</strong><br>\n<br>\nDưới đây là danh sách khách hàng mới từ ngày @{addDays(utcNow(),-7,'dd/MM/yyyy')} tới ngày @{formatDateTime(utcNow(),'dd/MM/yyyy')} cần được cập nhật lên hệ thống CRM.<br>\n<br>\n@{outputs('Compose')}<br>\n<br>\nMọi chi tiết thắc mắc cần hỗ trợ, Anh/Chị vui lòng liên hệ:<br>\nEmail: hptservice@hpt.vn<br>\nTrân trọng!<br>\n</p>",
              "emailMessage/Importance": "Normal"
            },
            "authentication": "@parameters('$authentication')"
          }
        },
        "Compose": {
          "runAfter": {
            "Create_HTML_table": [
              "Succeeded"
            ]
          },
          "metadata": {
            "operationMetadataId": "413d74e2-14af-479a-a9df-8c26dfa357c5"
          },
          "type": "Compose",
          "inputs": "<style>\n  table {\n    border: 1px solid #1C6EA4;\n    background-color: #EEEEEE;\n    width: 100%;\n    text-align: left;\n    border-collapse: collapse;\n  }\n  table td, table th {\n    border: 1px solid #AAAAAA;\n    padding: 3px 2px;\n  }\n  table tbody td {\n    font-size: 13px;\n  }\n  table thead {\n    background: #1C6EA4;\n    border-bottom: 2px solid #444444;\n  }\n  table thead th {\n    font-size: 15px;\n    font-weight: bold;\n    color: #FFFFFF;\n    border-left: 2px solid #D0E4F5;\n  }\n  table thead th:first-child {\n    border-left: none;\n  }\n  .lbltotalprice{\n  color: #ff0000;\n   font-size: 15px;\n  }\n  .totalprice{\n  background: #1C6EA4;\n    border: 2px solid #444444;\n   font-size: 13px;\n  }\n  </style>\n@{body('Create_HTML_table')}"
        },
        "Apply_to_each": {
          "foreach": "@outputs('Get_items')?['body/value']",
          "actions": {
            "Update_item": {
              "runAfter": {},
              "metadata": {
                "operationMetadataId": "a6d51352-bfb3-4233-973f-36962b860806"
              },
              "type": "OpenApiConnection",
              "inputs": {
                "host": {
                  "connectionName": "shared_sharepointonline_1",
                  "operationId": "PatchItem",
                  "apiId": "/providers/Microsoft.PowerApps/apis/shared_sharepointonline"
                },
                "parameters": {
                  "dataset": "@parameters('Site Contract Development - https://hptvn.sharepoint.com/teams/mppdev/contract (contract_shared_sharepointonline_ba8a92bb5f984c4a9e12b8ebbe150b7e)')",
                  "table": "@parameters('List Data Khách hàng mới (contract_shared_sharepointonline_2a1abf6c6a234c38bcbaafb1a16fbee4)')",
                  "id": "@items('Apply_to_each')?['ID']",
                  "item/IsDeleted": true
                },
                "authentication": "@parameters('$authentication')"
              }
            }
          },
          "runAfter": {
            "Send_an_email_(V2)": [
              "Succeeded"
            ]
          },
          "metadata": {
            "operationMetadataId": "b43c74f3-4696-4bde-bfac-61d9113a0d66"
          },
          "type": "Foreach"
        }
      }
    },
    "templateName": ""
  },
  "schemaVersion": "1.0.0.0"
}