{
  "properties": {
    "connectionReferences": {
      "shared_sharepointonline_1": {
        "runtimeSource": "embedded",
        "connection": {
          "connectionReferenceLogicalName": "contract_sharedsharepointonline_5ddc3"
        },
        "api": {
          "name": "shared_sharepointonline"
        }
      },
      "shared_office365_1": {
        "runtimeSource": "embedded",
        "connection": {
          "connectionReferenceLogicalName": "contract_sharedoffice365_69327"
        },
        "api": {
          "name": "shared_office365"
        }
      }
    },
    "definition": {
      "$schema": "https://schema.management.azure.com/providers/Microsoft.Logic/schemas/2016-06-01/workflowdefinition.json#",
      "contentVersion": "1.0.0.0",
      "parameters": {
        "$connections": {
          "defaultValue": {},
          "type": "Object"
        },
        "$authentication": {
          "defaultValue": {},
          "type": "SecureObject"
        },
        "Site Contract Development - https://hptvn.sharepoint.com/teams/mppdev/contract (contract_shared_sharepointonline_ba8a92bb5f984c4a9e12b8ebbe150b7e)": {
          "defaultValue": "https://hptvn.sharepoint.com/teams/mppdev/contract",
          "type": "String",
          "metadata": {
            "schemaName": "contract_shared_sharepointonline_ba8a92bb5f984c4a9e12b8ebbe150b7e"
          }
        },
        "List Data Contract (contract_shared_sharepointonline_af7e0287396a4264bf84ac3bb4d1bb35)": {
          "defaultValue": "3f1d5884-1363-4877-a3a6-87eea2435b5e",
          "type": "String",
          "metadata": {
            "schemaName": "contract_shared_sharepointonline_af7e0287396a4264bf84ac3bb4d1bb35"
          }
        },
        "List Data Kế hoạch bảo trì (contract_shared_sharepointonline_a0991bccdc044df7b0a209045a6a49f1)": {
          "defaultValue": "7870dcb2-2b5e-44b7-8284-a01b5a4e9862",
          "type": "String",
          "metadata": {
            "schemaName": "contract_shared_sharepointonline_a0991bccdc044df7b0a209045a6a49f1"
          }
        },
        "List Data Khách hàng (new_shared_sharepointonline_af5e4e39ce894fc2bc248a88dd3b6752)": {
          "defaultValue": "559943d5-2268-4cfc-8c3e-325e9c1ed9a8",
          "type": "String",
          "metadata": {
            "schemaName": "new_shared_sharepointonline_af5e4e39ce894fc2bc248a88dd3b6752"
          }
        }
      },
      "triggers": {
        "Recurrence": {
          "recurrence": {
            "frequency": "Day",
            "interval": 1,
            "startTime": "2024-11-22T03:00:00Z"
          },
          "metadata": {
            "operationMetadataId": "72881a31-d7f8-401e-b52e-15bb595064e1"
          },
          "type": "Recurrence"
        }
      },
      "actions": {
        "Get_items": {
          "runAfter": {},
          "metadata": {
            "operationMetadataId": "c3a41720-b525-406b-a9a9-33b7ea0664d3"
          },
          "type": "OpenApiConnection",
          "inputs": {
            "host": {
              "connectionName": "shared_sharepointonline_1",
              "operationId": "GetItems",
              "apiId": "/providers/Microsoft.PowerApps/apis/shared_sharepointonline"
            },
            "parameters": {
              "dataset": "@parameters('Site Contract Development - https://hptvn.sharepoint.com/teams/mppdev/contract (contract_shared_sharepointonline_ba8a92bb5f984c4a9e12b8ebbe150b7e)')",
              "table": "@parameters('List Data Kế hoạch bảo trì (contract_shared_sharepointonline_a0991bccdc044df7b0a209045a6a49f1)')",
              "$filter": "NgayBaoTri eq '@{addDays(utcNow(),7,'MM/dd/yyyy')}' and ( TinhTrang eq 'Chưa hoàn thành' or TinhTrang eq null )",
              "$orderby": "ID desc"
            },
            "authentication": "@parameters('$authentication')"
          },
          "runtimeConfiguration": {
            "paginationPolicy": {
              "minimumItemCount": 5000
            }
          }
        },
        "Apply_to_each": {
          "foreach": "@outputs('Get_items')?['body/value']",
          "actions": {
            "Get_item_Contract": {
              "runAfter": {},
              "metadata": {
                "operationMetadataId": "e8d74cd7-94f9-4c17-83d1-f4265202da10"
              },
              "type": "OpenApiConnection",
              "inputs": {
                "host": {
                  "connectionName": "shared_sharepointonline_1",
                  "operationId": "GetItem",
                  "apiId": "/providers/Microsoft.PowerApps/apis/shared_sharepointonline"
                },
                "parameters": {
                  "dataset": "@parameters('Site Contract Development - https://hptvn.sharepoint.com/teams/mppdev/contract (contract_shared_sharepointonline_ba8a92bb5f984c4a9e12b8ebbe150b7e)')",
                  "table": "@parameters('List Data Contract (contract_shared_sharepointonline_af7e0287396a4264bf84ac3bb4d1bb35)')",
                  "id": "@items('Apply_to_each')?['IDHopDong']"
                },
                "authentication": "@parameters('$authentication')"
              }
            },
            "Compose": {
              "runAfter": {
                "Select": [
                  "Succeeded"
                ]
              },
              "metadata": {
                "operationMetadataId": "b870c53e-7040-4a44-90a0-efefe00471e3"
              },
              "type": "Compose",
              "inputs": "<style>\n  table {\n    border: 1px solid #1C6EA4;\n    background-color: #EEEEEE;\n    width: 100%;\n    text-align: left;\n    border-collapse: collapse;\n  }\n  table td, table th {\n    border: 1px solid #AAAAAA;\n    padding: 3px 2px;\n  }\n  table tbody td {\n    font-size: 13px;\n  }\n  table thead {\n    background: #1C6EA4;\n    border-bottom: 2px solid #444444;\n  }\n  table thead th {\n    font-size: 15px;\n    font-weight: bold;\n    color: #FFFFFF;\n    border-left: 2px solid #D0E4F5;\n  }\n  table thead th:first-child {\n    border-left: none;\n  }\n  .lbltotalprice{\n  color: #ff0000;\n   font-size: 15px;\n  }\n  .totalprice{\n  background: #1C6EA4;\n    border: 2px solid #444444;\n   font-size: 13px;\n  }\n  </style>\n<h2 style=\"text-align: center;\">HỢP ĐỒNG</h2>\n<table>\n  <tr>\n    <td>Số hợp đồng: @{outputs('Get_item_Contract')?['body/Title']}</td>\n    <td>Mô tả thiết bị, dịch vụ:@{outputs('Get_item_Contract')?['body/MoTaTBDV']}</td>\n  </tr>\n<tr>\n    <td>Mã vụ việc: @{outputs('Get_item_Contract')?['body/MaVuViec']}</td>\n    <td>Mã hợp đồng: @{outputs('Get_item_Contract')?['body/MaHopDong']}</td>\n  </tr>\n<tr>\n    <td>Kỹ thuật: @{outputs('Get_item_Contract')?['body/KyThuat/DisplayName']}</td>\n    <td>Phòng kỹ thuật: @{outputs('Get_item_Contract')?['body/PhongKyThuat/Value']}</td>\n  </tr>\n<tr>\n    <td>Khách hàng: @{outputs('Get_item_Contract')?['body/KhachHang/Value']}</td>\n    <td>Sản phẩm dịch vụ: @{outputs('Get_item_Contract')?['body/SanPhamDichVu/Value']}</td>\n  </tr>\n  <tr>\n    <td>Ngày ký hợp đồng: @{if(and(not(equals(outputs('Get_item_Contract')?['body/NgayKyHD'], null)), not(empty(outputs('Get_item_Contract')?['body/NgayKyHD']))), formatDateTime(outputs('Get_item_Contract')?['body/NgayKyHD'], 'dd/MM/yyyy'), null)}</td>\n    <td>Ngày kết thúc dịch vụ: @{if(and(not(equals(outputs('Get_item_Contract')?['body/NgayKetThucDichVu'], null)), not(empty(outputs('Get_item_Contract')?['body/NgayKetThucDichVu']))), formatDateTime(outputs('Get_item_Contract')?['body/NgayKetThucDichVu'], 'dd/MM/yyyy'), null)}</td>\n  </tr>\n \n</table>"
            },
            "Compose_Table_KHBT": {
              "runAfter": {
                "Compose": [
                  "Succeeded"
                ]
              },
              "metadata": {
                "operationMetadataId": "b870c53e-7040-4a44-90a0-efefe00471e3"
              },
              "type": "Compose",
              "inputs": "<style>\n#customers {\n  font-family: Arial, Helvetica, sans-serif;\n  border-collapse: collapse;\n  width: 100%;\n}\n\n#customers td, #customers th {\n  border: 1px solid #ddd;\n  padding: 8px;\n}\n\n#customers tr:nth-child(even){background-color: #f2f2f2;}\n\n#customers tr:hover {background-color: #ddd;}\n\n#customers th {\n  padding-top: 12px;\n  padding-bottom: 12px;\n  text-align: left;\n  background-color: #04AA6D;\n  color: white;\n}\n</style>\n<table id=\"customers\">\n  <tr>\n    <th>Ngày bảo trì</th>\n<th>Địa điểm</th>\n<th>Người liên hệ</th>\n<th>Công việc</th>\n<th>Phụ trách</th>\n<th>Số hợp đồng</th>\n<th>Đợt</th>\n  </tr>\n  <tr>\n    <td>@{if(and(not(equals(items('Apply_to_each')?['NgayBaoTri'], null)), not(empty(items('Apply_to_each')?['NgayBaoTri']))), formatDateTime(items('Apply_to_each')?['NgayBaoTri'], 'dd/MM/yyyy'), null)}</td>\n    <td>@{items('Apply_to_each')?['DiaDiem']}</td>\n    <td>@{items('Apply_to_each')?['NguoiLienHe']}</td>\n    <td>@{items('Apply_to_each')?['Congviec']}</td>\n    <td>@{join(body('Select'), '<br>')}</td>\n    <td>@{outputs('Get_item_Contract')?['body/Title']}</td>\n    <td>@{items('Apply_to_each')?['Dot']}</td>\n  </tr>\n  \n</table>"
            },
            "Send_an_email_(V2)_3": {
              "runAfter": {
                "Compose_Table_KHBT": [
                  "Succeeded"
                ]
              },
              "metadata": {
                "operationMetadataId": "d3a888fa-d489-42a8-a642-77d8c42b1d71"
              },
              "type": "OpenApiConnection",
              "inputs": {
                "host": {
                  "connectionName": "shared_office365_1",
                  "operationId": "SendEmailV2",
                  "apiId": "/providers/Microsoft.PowerApps/apis/shared_office365"
                },
                "parameters": {
                  "emailMessage/To": "@outputs('Get_item_Contract')?['body/NguoiTao/Email']",
                  "emailMessage/Subject": "HỢP ĐỒNG SỐ @{toUpper(outputs('Get_item_Contract')?['body/Title'])} SẮP TỚI LỊCH BẢO TRÌ",
                  "emailMessage/Body": "<p><strong>Kính gửi Anh/Chị,</strong><br>\n<br>\nHợp đồng số <strong></strong><strong>@{outputs('Get_item_Contract')?['body/Title']}</strong><strong> </strong>được tạo bởi @{outputs('Get_item_Contract')?['body/NguoiTao/DisplayName']} sắp tới hạn bảo trì. Dưới đây là thông tin chi tiết:<br>\n@{outputs('Compose')}<br>\n<strong>KẾ HOẠCH BẢO TRÌ:</strong><br>\n<br>\n@{outputs('Compose_Table_KHBT')}<br>\n<strong>Mọi chi tiết thắc mắc cần hỗ trợ, Anh/Chị vui lòng liên hệ:</strong><br>\n- Email: @{outputs('Get_item_Contract')?['body/NguoiTao/DisplayName']}<br>\nTrân trọng!</p>",
                  "emailMessage/Importance": "Normal"
                },
                "authentication": "@parameters('$authentication')"
              }
            },
            "Select": {
              "runAfter": {
                "Get_item_KH": [
                  "Succeeded"
                ]
              },
              "metadata": {
                "operationMetadataId": "dfb9b0cd-7f6a-41f6-b8cc-8eb16c777ae7"
              },
              "type": "Select",
              "inputs": {
                "from": "@outputs('Get_item_Contract')?['body/GroupMailMainten']",
                "select": "@concat(item()?['DisplayName'])"
              }
            },
            "Apply_to_each_2": {
              "foreach": "@outputs('Get_item_Contract')?['body/GroupMailMainten']",
              "actions": {
                "Send_an_email_(V2)": {
                  "runAfter": {},
                  "metadata": {
                    "operationMetadataId": "d3a888fa-d489-42a8-a642-77d8c42b1d71"
                  },
                  "type": "OpenApiConnection",
                  "inputs": {
                    "host": {
                      "connectionName": "shared_office365_1",
                      "operationId": "SendEmailV2",
                      "apiId": "/providers/Microsoft.PowerApps/apis/shared_office365"
                    },
                    "parameters": {
                      "emailMessage/To": "@items('Apply_to_each_2')?['Email']",
                      "emailMessage/Subject": "HỢP ĐỒNG SỐ @{toUpper(outputs('Get_item_Contract')?['body/Title'])} SẮP TỚI LỊCH BẢO TRÌ",
                      "emailMessage/Body": "<p><strong>Kính gửi Anh/Chị,</strong><br>\n<br>\nHợp đồng số <strong></strong><strong>@{outputs('Get_item_Contract')?['body/Title']}</strong><strong> </strong>được tạo bởi @{outputs('Get_item_Contract')?['body/NguoiTao/DisplayName']} sắp tới hạn bảo trì. Dưới đây là thông tin chi tiết:<br>\n@{outputs('Compose')}<br>\n<strong>KẾ HOẠCH BẢO TRÌ:</strong><br>\n<br>\n@{outputs('Compose_Table_KHBT')}<br>\n<strong>Mọi chi tiết thắc mắc cần hỗ trợ, Anh/Chị vui lòng liên hệ:</strong><br>\n- Email: @{outputs('Get_item_Contract')?['body/NguoiTao/DisplayName']}<br>\nTrân trọng!</p>",
                      "emailMessage/Importance": "Normal"
                    },
                    "authentication": "@parameters('$authentication')"
                  }
                }
              },
              "runAfter": {
                "Send_an_email_(V2)_3": [
                  "Succeeded"
                ]
              },
              "metadata": {
                "operationMetadataId": "b6183f78-4600-4390-b55f-954288ba2a08"
              },
              "type": "Foreach"
            },
            "Get_item_KH": {
              "runAfter": {
                "Get_item_Contract": [
                  "Succeeded"
                ]
              },
              "metadata": {
                "operationMetadataId": "42a88c9c-64a7-4da7-b339-2aa470dc38b4"
              },
              "type": "OpenApiConnection",
              "inputs": {
                "host": {
                  "connectionName": "shared_sharepointonline_1",
                  "operationId": "GetItem",
                  "apiId": "/providers/Microsoft.PowerApps/apis/shared_sharepointonline"
                },
                "parameters": {
                  "dataset": "@parameters('Site Contract Development - https://hptvn.sharepoint.com/teams/mppdev/contract (contract_shared_sharepointonline_ba8a92bb5f984c4a9e12b8ebbe150b7e)')",
                  "table": "@parameters('List Data Khách hàng (new_shared_sharepointonline_af5e4e39ce894fc2bc248a88dd3b6752)')",
                  "id": "@outputs('Get_item_Contract')?['body/KhachHang/Id']"
                },
                "authentication": "@parameters('$authentication')"
              }
            },
            "Condition_check_mail_kh_null": {
              "actions": {},
              "runAfter": {
                "Apply_to_each_2": [
                  "Succeeded"
                ]
              },
              "else": {
                "actions": {
                  "Send_an_email_(V2)_2": {
                    "runAfter": {},
                    "metadata": {
                      "operationMetadataId": "f6de1e19-65f7-4506-9b9e-1d4fca71a522"
                    },
                    "type": "OpenApiConnection",
                    "inputs": {
                      "host": {
                        "connectionName": "shared_office365_1",
                        "operationId": "SendEmailV2",
                        "apiId": "/providers/Microsoft.PowerApps/apis/shared_office365"
                      },
                      "parameters": {
                        "emailMessage/To": "@outputs('Get_item_KH')?['body/EmailNguoiLienHe']",
                        "emailMessage/Subject": "Đây là email gởi tự động từ hệ thống, Quý khách hàng vui lòng không phản hồi (reply) email này",
                        "emailMessage/Body": "<p><strong>Kính gởi : </strong>Ông/Bà @{outputs('Get_item_KH')?['body/TenNguoiLienHe']} Công ty@{outputs('Get_item_KH')?['body/Title']}<br>\n<br>\nHợp đồng số <strong></strong><strong>@{outputs('Get_item_Contract')?['body/Title']}</strong><strong> </strong>được tạo bởi @{outputs('Get_item_Contract')?['body/NguoiTao/DisplayName']} sắp tới hạn bảo trì. Dưới đây là thông tin chi tiết :<br>\n@{outputs('Compose')}<br>\n<strong>KẾ HOẠCH BẢO TRÌ:</strong><br>\n<br>\n@{outputs('Compose_Table_KHBT')}<br>\n<br>\nNếu trong quá trình sử dụng sản phẩm/dịch vụ, Quý Khách gặp bất kỳ vấn đề nào, xin vui lòng liên hệ với chúng tôi theo thông tin chi tiết như sau:<br>\n<br>\n· <strong>Hotline</strong>: <strong>18006686 </strong>(nhấn phím <strong>6231 </strong>hoặc <strong>6232</strong>)<br>\n· <strong>Email</strong>: services@hpt.vn<br>\n· <strong>Địa chỉ </strong>: 37 Nguyễn Trường Tộ, Phường 12, Quận 4, Tp. HCM</p>",
                        "emailMessage/Importance": "Normal"
                      },
                      "authentication": "@parameters('$authentication')"
                    }
                  }
                }
              },
              "expression": {
                "equals": [
                  "@outputs('Get_item_KH')?['body/EmailNguoiLienHe']",
                  "@null"
                ]
              },
              "metadata": {
                "operationMetadataId": "ebb3a49a-3e95-4d76-a8ac-771195f1a983"
              },
              "type": "If"
            }
          },
          "runAfter": {
            "Get_items": [
              "Succeeded"
            ]
          },
          "metadata": {
            "operationMetadataId": "48f315ec-e58e-4e9f-822c-3245fccdb0c0"
          },
          "type": "Foreach"
        }
      }
    },
    "templateName": ""
  },
  "schemaVersion": "1.0.0.0"
}