{
  "properties": {
    "connectionReferences": {
      "shared_sharepointonline_1": {
        "runtimeSource": "embedded",
        "connection": {
          "connectionReferenceLogicalName": "contract_sharedsharepointonline_5ddc3"
        },
        "api": {
          "name": "shared_sharepointonline"
        }
      },
      "shared_onedriveforbusiness_1": {
        "runtimeSource": "embedded",
        "connection": {
          "connectionReferenceLogicalName": "contract_sharedonedriveforbusiness_1b6a8"
        },
        "api": {
          "name": "shared_onedriveforbusiness"
        }
      },
      "shared_excelonlinebusiness": {
        "runtimeSource": "embedded",
        "connection": {
          "connectionReferenceLogicalName": "contract_sharedexcelonlinebusiness_18295"
        },
        "api": {
          "name": "shared_excelonlinebusiness"
        }
      },
      "shared_office365_1": {
        "runtimeSource": "embedded",
        "connection": {
          "connectionReferenceLogicalName": "contract_sharedoffice365_69327"
        },
        "api": {
          "name": "shared_office365"
        }
      }
    },
    "definition": {
      "$schema": "https://schema.management.azure.com/providers/Microsoft.Logic/schemas/2016-06-01/workflowdefinition.json#",
      "contentVersion": "1.0.0.0",
      "parameters": {
        "$connections": {
          "defaultValue": {},
          "type": "Object"
        },
        "$authentication": {
          "defaultValue": {},
          "type": "SecureObject"
        },
        "Site Contract Development - https://hptvn.sharepoint.com/teams/mppdev/contract (contract_shared_sharepointonline_ba8a92bb5f984c4a9e12b8ebbe150b7e)": {
          "defaultValue": "https://hptvn.sharepoint.com/teams/mppdev/contract",
          "type": "String",
          "metadata": {
            "schemaName": "contract_shared_sharepointonline_ba8a92bb5f984c4a9e12b8ebbe150b7e"
          }
        },
        "Nhân sự phòng kinh doanh (new_shared_sharepointonline_08d1d43781b149d48f526f5fbc3c709a)": {
          "defaultValue": "e2c7b799-dd55-4aef-88d5-09d1d135ce74",
          "type": "String",
          "metadata": {
            "schemaName": "new_shared_sharepointonline_08d1d43781b149d48f526f5fbc3c709a"
          }
        },
        "List Data Contract (contract_shared_sharepointonline_af7e0287396a4264bf84ac3bb4d1bb35)": {
          "defaultValue": "3f1d5884-1363-4877-a3a6-87eea2435b5e",
          "type": "String",
          "metadata": {
            "schemaName": "contract_shared_sharepointonline_af7e0287396a4264bf84ac3bb4d1bb35"
          }
        },
        "List Data Lịch thanh toán (new_shared_sharepointonline_5f4b15a58b9046d4b7f82734d3274b93)": {
          "defaultValue": "091f36f1-bf80-4e87-bba9-d457bdc2f66f",
          "type": "String",
          "metadata": {
            "schemaName": "new_shared_sharepointonline_5f4b15a58b9046d4b7f82734d3274b93"
          }
        }
      },
      "triggers": {
        "Recurrence": {
          "recurrence": {
            "frequency": "Month",
            "interval": 1,
            "startTime": "2025-04-05T03:00:00Z"
          },
          "metadata": {
            "operationMetadataId": "d9d15d3a-c29f-4d17-a2c8-7193f106619c"
          },
          "type": "Recurrence"
        }
      },
      "actions": {
        "Compose_Date_From_DuKien": {
          "runAfter": {
            "Initialize_variable_Tong_GTDK": [
              "Succeeded"
            ]
          },
          "metadata": {
            "operationMetadataId": "13679577-ce7c-464a-957e-7f8942e28a3d"
          },
          "type": "Compose",
          "inputs": "@formatDateTime(startOfMonth(utcNow()), 'yyyy-MM-dd')"
        },
        "Compose_Date_To_DuKien": {
          "runAfter": {
            "Compose_Date_From_DuKien": [
              "Succeeded"
            ]
          },
          "metadata": {
            "operationMetadataId": "db9e7a4c-9e3f-4aa1-841a-e64c2ba03548"
          },
          "type": "Compose",
          "inputs": "@formatDateTime(addDays(startOfMonth(addToTime(utcNow(), 1, 'Month')), -1), 'yyyy-MM-dd')"
        },
        "Get_items:_List_AM": {
          "runAfter": {},
          "metadata": {
            "operationMetadataId": "57eb7913-4781-4c44-8fff-30ea7f2ffc50"
          },
          "type": "OpenApiConnection",
          "inputs": {
            "host": {
              "connectionName": "shared_sharepointonline_1",
              "operationId": "GetItems",
              "apiId": "/providers/Microsoft.PowerApps/apis/shared_sharepointonline"
            },
            "parameters": {
              "dataset": "@parameters('Site Contract Development - https://hptvn.sharepoint.com/teams/mppdev/contract (contract_shared_sharepointonline_ba8a92bb5f984c4a9e12b8ebbe150b7e)')",
              "table": "@parameters('Nhân sự phòng kinh doanh (new_shared_sharepointonline_08d1d43781b149d48f526f5fbc3c709a)')"
            },
            "authentication": "@parameters('$authentication')"
          }
        },
        "Initialize_variable:_Json_DoanhThu_dự_kiến": {
          "runAfter": {
            "Get_items:_List_AM": [
              "Succeeded"
            ]
          },
          "metadata": {
            "operationMetadataId": "1dfb492a-2891-4fa2-8988-0d1c83d2f06e"
          },
          "type": "InitializeVariable",
          "inputs": {
            "variables": [
              {
                "name": "varJson",
                "type": "array"
              }
            ]
          }
        },
        "Initialize_variable_Tong_GTDK": {
          "runAfter": {
            "Initialize_variable:_Json_DoanhThu_dự_kiến": [
              "Succeeded"
            ]
          },
          "metadata": {
            "operationMetadataId": "85b34362-2890-41b5-a626-25cd092f945d"
          },
          "type": "InitializeVariable",
          "inputs": {
            "variables": [
              {
                "name": "tongGiaTriDuKien",
                "type": "float",
                "value": 0
              }
            ]
          }
        },
        "Initialize_variable:_Json_DoanhThu_thực_tế": {
          "runAfter": {
            "Get_items:_List_AM": [
              "Succeeded"
            ]
          },
          "metadata": {
            "operationMetadataId": "1dfb492a-2891-4fa2-8988-0d1c83d2f06e"
          },
          "type": "InitializeVariable",
          "inputs": {
            "variables": [
              {
                "name": "varJsonThucTe",
                "type": "array"
              }
            ]
          }
        },
        "Initialize_variable_Tong_GTTT": {
          "runAfter": {
            "Initialize_variable_Tong_GTTT_Excel": [
              "Succeeded"
            ]
          },
          "metadata": {
            "operationMetadataId": "85b34362-2890-41b5-a626-25cd092f945d"
          },
          "type": "InitializeVariable",
          "inputs": {
            "variables": [
              {
                "name": "tongGiaTriThucTe",
                "type": "float",
                "value": 0
              }
            ]
          }
        },
        "Compose_Date_From_ThucTe": {
          "runAfter": {
            "Initialize_variable_Tong_GTTT": [
              "Succeeded"
            ]
          },
          "metadata": {
            "operationMetadataId": "13679577-ce7c-464a-957e-7f8942e28a3d"
          },
          "type": "Compose",
          "inputs": "@formatDateTime(startOfMonth(addToTime(utcNow(), -1, 'Month')), 'yyyy-MM-dd')"
        },
        "Compose_Date_To_ThucTe": {
          "runAfter": {
            "Compose_Date_From_ThucTe": [
              "Succeeded"
            ]
          },
          "metadata": {
            "operationMetadataId": "db9e7a4c-9e3f-4aa1-841a-e64c2ba03548"
          },
          "type": "Compose",
          "inputs": "@formatDateTime(addDays(startOfMonth(addToTime(utcNow(), 0, 'Month')), -1), 'yyyy-MM-dd')"
        },
        "Get_items_Lịch_thanh_toán_dự_kiến": {
          "runAfter": {
            "Compose_Date_To_DuKien": [
              "Succeeded"
            ]
          },
          "metadata": {
            "operationMetadataId": "36e46fd9-bd3a-46f7-9c66-e6ade8daf1b5"
          },
          "type": "OpenApiConnection",
          "inputs": {
            "host": {
              "connectionName": "shared_sharepointonline_1",
              "operationId": "GetItems",
              "apiId": "/providers/Microsoft.PowerApps/apis/shared_sharepointonline"
            },
            "parameters": {
              "dataset": "@parameters('Site Contract Development - https://hptvn.sharepoint.com/teams/mppdev/contract (contract_shared_sharepointonline_ba8a92bb5f984c4a9e12b8ebbe150b7e)')",
              "table": "@parameters('List Data Lịch thanh toán (new_shared_sharepointonline_5f4b15a58b9046d4b7f82734d3274b93)')",
              "$filter": "NgayDuKienXHD ge '@{outputs('Compose_Date_From_DuKien')}' and NgayDuKienXHD le '@{outputs('Compose_Date_To_DuKien')}' and TinhTrang eq 'Chưa xuất hóa đơn'"
            },
            "authentication": "@parameters('$authentication')"
          }
        },
        "Select_Json_Lịch_thanh_toán_dự_kiến": {
          "runAfter": {
            "Get_items_Lịch_thanh_toán_dự_kiến": [
              "Succeeded"
            ]
          },
          "metadata": {
            "operationMetadataId": "63ed03e5-521a-45c2-b588-c72bd0eafa20"
          },
          "type": "Select",
          "inputs": {
            "from": "@outputs('Get_items_Lịch_thanh_toán_dự_kiến')?['body/value']",
            "select": {
              "IDHopDong": "@item()?['IDHopDong']"
            }
          }
        },
        "Get_items_Lịch_thanh_toán_thực_tế": {
          "runAfter": {
            "Compose_Date_To_ThucTe": [
              "Succeeded"
            ]
          },
          "metadata": {
            "operationMetadataId": "36e46fd9-bd3a-46f7-9c66-e6ade8daf1b5"
          },
          "type": "OpenApiConnection",
          "inputs": {
            "host": {
              "connectionName": "shared_sharepointonline_1",
              "operationId": "GetItems",
              "apiId": "/providers/Microsoft.PowerApps/apis/shared_sharepointonline"
            },
            "parameters": {
              "dataset": "@parameters('Site Contract Development - https://hptvn.sharepoint.com/teams/mppdev/contract (contract_shared_sharepointonline_ba8a92bb5f984c4a9e12b8ebbe150b7e)')",
              "table": "@parameters('List Data Lịch thanh toán (new_shared_sharepointonline_5f4b15a58b9046d4b7f82734d3274b93)')",
              "$filter": "NgayThucTeXH_x0110_ ge '@{outputs('Compose_Date_From_ThucTe')}' and NgayThucTeXH_x0110_ le '@{outputs('Compose_Date_To_ThucTe')}' and TinhTrang eq 'Đã xuất hóa đơn'"
            },
            "authentication": "@parameters('$authentication')"
          }
        },
        "Select_Json_Lịch_thanh_toán_thực_tế": {
          "runAfter": {
            "Get_items_Lịch_thanh_toán_thực_tế": [
              "Succeeded"
            ]
          },
          "metadata": {
            "operationMetadataId": "63ed03e5-521a-45c2-b588-c72bd0eafa20"
          },
          "type": "Select",
          "inputs": {
            "from": "@outputs('Get_items_Lịch_thanh_toán_thực_tế')?['body/value']",
            "select": {
              "IDHopDong": "@item()?['IDHopDong']"
            }
          }
        },
        "Initialize_variable:_Json_DoanhThu_thực_tế_Excel": {
          "runAfter": {
            "Initialize_variable:_Json_DoanhThu_thực_tế": [
              "Succeeded"
            ]
          },
          "metadata": {
            "operationMetadataId": "1dfb492a-2891-4fa2-8988-0d1c83d2f06e"
          },
          "type": "InitializeVariable",
          "inputs": {
            "variables": [
              {
                "name": "varJsonThucTeExcel",
                "type": "array"
              }
            ]
          }
        },
        "Initialize_variable_Tong_GTTT_Excel": {
          "runAfter": {
            "Initialize_variable:_Json_DoanhThu_thực_tế_Excel": [
              "Succeeded"
            ]
          },
          "metadata": {
            "operationMetadataId": "85b34362-2890-41b5-a626-25cd092f945d"
          },
          "type": "InitializeVariable",
          "inputs": {
            "variables": [
              {
                "name": "tongGiaTriThucTeExcel",
                "type": "float",
                "value": 0
              }
            ]
          }
        },
        "Compose_Date_From_HDTaiKy": {
          "runAfter": {
            "Get_items:_List_AM": [
              "Succeeded"
            ]
          },
          "metadata": {
            "operationMetadataId": "13679577-ce7c-464a-957e-7f8942e28a3d"
          },
          "type": "Compose",
          "inputs": "@formatDateTime(startOfMonth(utcNow()), 'yyyy-MM-dd')"
        },
        "Compose_Date_To_HDTaiKy": {
          "runAfter": {
            "Compose_Date_From_HDTaiKy": [
              "Succeeded"
            ]
          },
          "metadata": {
            "operationMetadataId": "db9e7a4c-9e3f-4aa1-841a-e64c2ba03548"
          },
          "type": "Compose",
          "inputs": "@formatDateTime(addDays(startOfMonth(addToTime(utcNow(), 6, 'Month')), -1), 'yyyy-MM-dd')"
        },
        "Initialize_variable:_Json_HDTaiKy": {
          "runAfter": {
            "Compose_Date_To_HDTaiKy": [
              "Succeeded"
            ]
          },
          "metadata": {
            "operationMetadataId": "1dfb492a-2891-4fa2-8988-0d1c83d2f06e"
          },
          "type": "InitializeVariable",
          "inputs": {
            "variables": [
              {
                "name": "varJsonHDTaiKy",
                "type": "array"
              }
            ]
          }
        },
        "Apply_to_each:_AM": {
          "foreach": "@outputs('Get_items:_List_AM')?['body/value']",
          "actions": {
            "Apply_to_each_IDHopDong_Union": {
              "foreach": "@union(body('Select_Json_Lịch_thanh_toán_dự_kiến'), body('Select_Json_Lịch_thanh_toán_dự_kiến'))\n",
              "actions": {
                "Get_items:_List_Hợp_đồng": {
                  "runAfter": {},
                  "metadata": {
                    "operationMetadataId": "56e56660-47ee-450f-a985-b0f9b3edf4e0"
                  },
                  "type": "OpenApiConnection",
                  "inputs": {
                    "host": {
                      "connectionName": "shared_sharepointonline_1",
                      "operationId": "GetItems",
                      "apiId": "/providers/Microsoft.PowerApps/apis/shared_sharepointonline"
                    },
                    "parameters": {
                      "dataset": "@parameters('Site Contract Development - https://hptvn.sharepoint.com/teams/mppdev/contract (contract_shared_sharepointonline_ba8a92bb5f984c4a9e12b8ebbe150b7e)')",
                      "table": "@parameters('List Data Contract (contract_shared_sharepointonline_af7e0287396a4264bf84ac3bb4d1bb35)')",
                      "$filter": "TenAM/EMail  eq '@{items('Apply_to_each:_AM')?['PersonPKD/Email']}' and ID eq @{items('Apply_to_each_IDHopDong_Union')?['IDHopDong']}"
                    },
                    "authentication": "@parameters('$authentication')"
                  }
                },
                "Apply_to_each": {
                  "foreach": "@outputs('Get_items:_List_Hợp_đồng')?['body/value']",
                  "actions": {
                    "Get_items_List_Lịch_thanh_toán": {
                      "runAfter": {},
                      "metadata": {
                        "operationMetadataId": "be1ab8f6-24f9-4ab3-9d15-9b3487501960"
                      },
                      "type": "OpenApiConnection",
                      "inputs": {
                        "host": {
                          "connectionName": "shared_sharepointonline_1",
                          "operationId": "GetItems",
                          "apiId": "/providers/Microsoft.PowerApps/apis/shared_sharepointonline"
                        },
                        "parameters": {
                          "dataset": "@parameters('Site Contract Development - https://hptvn.sharepoint.com/teams/mppdev/contract (contract_shared_sharepointonline_ba8a92bb5f984c4a9e12b8ebbe150b7e)')",
                          "table": "@parameters('List Data Lịch thanh toán (new_shared_sharepointonline_5f4b15a58b9046d4b7f82734d3274b93)')",
                          "$filter": "NgayDuKienXHD ge '@{outputs('Compose_Date_From_DuKien')}' and NgayDuKienXHD le '@{outputs('Compose_Date_To_DuKien')}' and TinhTrang eq 'Chưa xuất hóa đơn' and IDHopDong eq @{items('Apply_to_each')?['ID']}"
                        },
                        "authentication": "@parameters('$authentication')"
                      }
                    },
                    "Append_to_array_variable_:_varJsonDuKien": {
                      "runAfter": {
                        "Apply_to_each_Sum_GTDK": [
                          "Succeeded"
                        ]
                      },
                      "metadata": {
                        "operationMetadataId": "5a7bbe10-15d8-4b26-b92c-a4b938774209"
                      },
                      "type": "AppendToArrayVariable",
                      "inputs": {
                        "name": "varJson",
                        "value": {
                          "STT": "@items('Apply_to_each')?['MaCode']",
                          "Sản phẩm dịch vụ": "@items('Apply_to_each')?['SanPhamDichVu/Value']",
                          "Ngày bắt đầu": "@if(and(not(equals(items('Apply_to_each')?['NgayBatDauDichVu'], null)), not(empty(items('Apply_to_each')?['NgayBatDauDichVu']))), formatDateTime(items('Apply_to_each')?['NgayBatDauDichVu'], 'dd/MM/yyyy'), null)",
                          "Ngày kết thúc": "@if(and(not(equals(items('Apply_to_each')?['NgayKetThucDichVu'], null)), not(empty(items('Apply_to_each')?['NgayKetThucDichVu']))), formatDateTime(items('Apply_to_each')?['NgayKetThucDichVu'], 'dd/MM/yyyy'), null)",
                          "Số hợp đồng": "@items('Apply_to_each')?['Title']",
                          "Tên khách hàng": "@items('Apply_to_each')?['KhachHang/Value']",
                          "Mô tả thiết bị, dịch vụ": "@items('Apply_to_each')?['MoTaTBDV']",
                          "Tên AM": "@items('Apply_to_each')?['TenAM/Email']",
                          "Giá tiền": "@variables('tongGiaTriDuKien')"
                        }
                      }
                    },
                    "Apply_to_each_Sum_GTDK": {
                      "foreach": "@outputs('Get_items_List_Lịch_thanh_toán')?['body/value']",
                      "actions": {
                        "Increment_variable_Tong_GTDK": {
                          "runAfter": {},
                          "metadata": {
                            "operationMetadataId": "dbe3afab-e571-494f-a251-d8f87e6a569b"
                          },
                          "type": "IncrementVariable",
                          "inputs": {
                            "name": "tongGiaTriDuKien",
                            "value": "@float(items('Apply_to_each_Sum_GTDK')?['GiaTriDuKien'])"
                          }
                        }
                      },
                      "runAfter": {
                        "Set_variable_TongGTDK": [
                          "Succeeded"
                        ]
                      },
                      "metadata": {
                        "operationMetadataId": "572f6385-972b-4e60-adab-7f9dbeff864f"
                      },
                      "type": "Foreach"
                    },
                    "Set_variable_TongGTDK": {
                      "runAfter": {
                        "Get_items_List_Lịch_thanh_toán": [
                          "Succeeded"
                        ]
                      },
                      "metadata": {
                        "operationMetadataId": "5a3236d7-f289-4e2f-be84-cd14aded8ed1"
                      },
                      "type": "SetVariable",
                      "inputs": {
                        "name": "tongGiaTriDuKien",
                        "value": 0
                      }
                    }
                  },
                  "runAfter": {
                    "Get_items:_List_Hợp_đồng": [
                      "Succeeded"
                    ]
                  },
                  "metadata": {
                    "operationMetadataId": "96f068fb-31df-450a-bbf0-5d1432e51b80"
                  },
                  "type": "Foreach"
                }
              },
              "runAfter": {
                "Get_itemsHD_TaiKy": [
                  "Succeeded"
                ]
              },
              "metadata": {
                "operationMetadataId": "113a4d35-e966-44a4-a5a7-f7daff595d73"
              },
              "type": "Foreach"
            },
            "Set_variable_Set_null_JsonDuKien": {
              "runAfter": {},
              "metadata": {
                "operationMetadataId": "f937fb98-9642-4ff3-b350-0204e7ad95f7"
              },
              "type": "SetVariable",
              "inputs": {
                "name": "varJson",
                "value": "@null"
              }
            },
            "Get_file_content": {
              "runAfter": {
                "Apply_to_each_HDTaiKy": [
                  "Succeeded"
                ]
              },
              "metadata": {
                "%252fShared%2bDocuments%252fTemplateRp.xlsx": "/Shared Documents/TemplateRp.xlsx",
                "operationMetadataId": "c86a36d5-82ac-4c6f-b2d9-326fcef52ad8"
              },
              "type": "OpenApiConnection",
              "inputs": {
                "host": {
                  "connectionName": "shared_sharepointonline_1",
                  "operationId": "GetFileContent",
                  "apiId": "/providers/Microsoft.PowerApps/apis/shared_sharepointonline"
                },
                "parameters": {
                  "dataset": "@parameters('Site Contract Development - https://hptvn.sharepoint.com/teams/mppdev/contract (contract_shared_sharepointonline_ba8a92bb5f984c4a9e12b8ebbe150b7e)')",
                  "id": "%252fShared%2bDocuments%252fTemplateRp.xlsx",
                  "inferContentType": true
                },
                "authentication": "@parameters('$authentication')"
              }
            },
            "Compose_JsonDataDuKien": {
              "runAfter": {
                "Get_file_content": [
                  "Succeeded"
                ]
              },
              "metadata": {
                "operationMetadataId": "c45de47d-e111-433e-88b2-c4eb7ec84b61"
              },
              "type": "Compose",
              "inputs": "@variables('varJson')"
            },
            "Select_JsonDuKien": {
              "runAfter": {
                "Compose_JsonDataDuKien": [
                  "Succeeded"
                ]
              },
              "metadata": {
                "operationMetadataId": "3442c02b-fa33-40db-98f8-82445b3f1b07"
              },
              "type": "Select",
              "inputs": {
                "from": "@variables('varJson')",
                "select": "@concat(\r\n  '<tr>',\r\n    '<td>', item()?['STT'], '</td>',\r\n    '<td>', item()?['Sản phẩm dịch vụ'], '</td>',\r\n    '<td>', if(empty(item()?['Ngày bắt đầu']), '', item()?['Ngày bắt đầu']), '</td>',\r\n    '<td>', if(empty(item()?['Ngày kết thúc']), '', item()?['Ngày kết thúc']), '</td>',\r\n    '<td>', item()?['Số hợp đồng'], '</td>',\r\n    '<td>', item()?['Tên khách hàng'], '</td>',\r\n    '<td>', if(empty(item()?['Mô tả thiết bị, dịch vụ']), '', item()?['Mô tả thiết bị, dịch vụ']), '</td>',\r\n    '<td>', item()?['Tên AM'], '</td>',\r\n    '<td>', formatNumber(item()?['Giá tiền'], '#,##0'), '</td>',\r\n  '</tr>'\r\n)"
              }
            },
            "Compose_JsonDataThucte": {
              "runAfter": {
                "Get_file_content": [
                  "Succeeded"
                ]
              },
              "metadata": {
                "operationMetadataId": "c45de47d-e111-433e-88b2-c4eb7ec84b61"
              },
              "type": "Compose",
              "inputs": "@variables('varJsonThucTeExcel')"
            },
            "Select_JsonThucTe": {
              "runAfter": {
                "Compose_JsonDataThucte": [
                  "Succeeded"
                ]
              },
              "metadata": {
                "operationMetadataId": "3442c02b-fa33-40db-98f8-82445b3f1b07"
              },
              "type": "Select",
              "inputs": {
                "from": "@variables('varJsonThucTe')",
                "select": "@concat(\r\n  '<tr>',\r\n    '<td>', item()?['STT'], '</td>',\r\n    '<td>', item()?['Sản phẩm dịch vụ'], '</td>',\r\n    '<td>', if(empty(item()?['Ngày bắt đầu']), '', item()?['Ngày bắt đầu']), '</td>',\r\n    '<td>', if(empty(item()?['Ngày kết thúc']), '', item()?['Ngày kết thúc']), '</td>',\r\n    '<td>', item()?['Số hợp đồng'], '</td>',\r\n    '<td>', item()?['Tên khách hàng'], '</td>',\r\n    '<td>', if(empty(item()?['Mô tả thiết bị, dịch vụ']), '', item()?['Mô tả thiết bị, dịch vụ']), '</td>',\r\n    '<td>', item()?['Tên AM'], '</td>',\r\n    '<td>', formatNumber(item()?['Giá tiền'], '#,##0'), '</td>',\r\n  '</tr>'\r\n)"
              }
            },
            "Compose_Table_Dukien": {
              "runAfter": {
                "Select_JsonDuKien": [
                  "Succeeded"
                ]
              },
              "metadata": {
                "operationMetadataId": "2af7f2f4-a9a4-4ace-9f27-5cba457c1743"
              },
              "type": "Compose",
              "inputs": "<style>\n  table {\n    border: 1px solid #1C6EA4;\n    background-color: #EEEEEE;\n    width: 100%;\n    text-align: left;\n    border-collapse: collapse;\n  }\n  table td, table th {\n    border: 1px solid #AAAAAA;\n    padding: 3px 2px;\n  }\n  table tbody td {\n    font-size: 13px;\n  }\n  table thead {\n    background: #1C6EA4;\n    border-bottom: 2px solid #444444;\n  }\n  table thead th {\n    font-size: 15px;\n    font-weight: bold;\n    color: #FFFFFF;\n    border-left: 2px solid #D0E4F5;\n  }\n  table thead th:first-child {\n    border-left: none;\n  }\n  .lbltotalprice{\n  color: #ff0000;\n   font-size: 15px;\n  }\n  .totalprice{\n  background: #1C6EA4;\n    border: 2px solid #444444;\n   font-size: 13px;\n  }\n  </style>\n<table style=\"border-collapse:collapse; font-family:Arial; font-size:14px;\">\n  <thead style=\"background-color:#0070C0; color:#ffffff; font-weight:bold;\">\n    <tr>\n      <td>STT</td>\n      <td>Sản phẩm dịch vụ</td>\n      <td>Ngày bắt đầu</td>\n      <td>Ngày kết thúc</td>\n      <td>Số hợp đồng</td>\n      <td>Tên khách hàng</td>\n      <td>Mô tả thiết bị, dịch vụ</td>\n      <td>Tên AM</td>\n      <td>Giá tiền</td>\n    </tr>\n  </thead>\n  <tbody>\n    @{join(body('Select_JsonDuKien'), '')}\n  </tbody>\n</table>\n"
            },
            "Compose_Table_Thucte": {
              "runAfter": {
                "Select_JsonThucTe": [
                  "Succeeded"
                ]
              },
              "metadata": {
                "operationMetadataId": "2af7f2f4-a9a4-4ace-9f27-5cba457c1743"
              },
              "type": "Compose",
              "inputs": "<style>\n  table {\n    border: 1px solid #1C6EA4;\n    background-color: #EEEEEE;\n    width: 100%;\n    text-align: left;\n    border-collapse: collapse;\n  }\n  table td, table th {\n    border: 1px solid #AAAAAA;\n    padding: 3px 2px;\n  }\n  table tbody td {\n    font-size: 13px;\n  }\n  table thead {\n    background: #1C6EA4;\n    border-bottom: 2px solid #444444;\n  }\n  table thead th {\n    font-size: 15px;\n    font-weight: bold;\n    color: #FFFFFF;\n    border-left: 2px solid #D0E4F5;\n  }\n  table thead th:first-child {\n    border-left: none;\n  }\n  .lbltotalprice{\n  color: #ff0000;\n   font-size: 15px;\n  }\n  .totalprice{\n  background: #1C6EA4;\n    border: 2px solid #444444;\n   font-size: 13px;\n  }\n  </style>\n<table style=\"border-collapse:collapse; font-family:Arial; font-size:14px;\">\n  <thead style=\"background-color:#0070C0; color:#ffffff; font-weight:bold;\">\n    <tr>\n      <td>STT</td>\n      <td>Sản phẩm dịch vụ</td>\n      <td>Ngày bắt đầu</td>\n      <td>Ngày kết thúc</td>\n      <td>Số hợp đồng</td>\n      <td>Tên khách hàng</td>\n      <td>Mô tả thiết bị, dịch vụ</td>\n      <td>Tên AM</td>\n      <td>Giá tiền</td>\n    </tr>\n  </thead>\n  <tbody>\n    @{join(body('Select_JsonThucTe'), '')}\n  </tbody>\n</table>\n"
            },
            "Set_variable_Set_null_JsonThucTe": {
              "runAfter": {
                "Set_variable_Set_null_JsonDuKien": [
                  "Succeeded"
                ]
              },
              "metadata": {
                "operationMetadataId": "f937fb98-9642-4ff3-b350-0204e7ad95f7"
              },
              "type": "SetVariable",
              "inputs": {
                "name": "varJsonThucTe",
                "value": "@null"
              }
            },
            "Apply_to_each_IDHopDong_Union_Thực_tế": {
              "foreach": "@union(body('Select_Json_Lịch_thanh_toán_thực_tế'), body('Select_Json_Lịch_thanh_toán_thực_tế'))",
              "actions": {
                "Get_items:_List_Hợp_đồng_ThucTe": {
                  "runAfter": {},
                  "metadata": {
                    "operationMetadataId": "56e56660-47ee-450f-a985-b0f9b3edf4e0"
                  },
                  "type": "OpenApiConnection",
                  "inputs": {
                    "host": {
                      "connectionName": "shared_sharepointonline_1",
                      "operationId": "GetItems",
                      "apiId": "/providers/Microsoft.PowerApps/apis/shared_sharepointonline"
                    },
                    "parameters": {
                      "dataset": "@parameters('Site Contract Development - https://hptvn.sharepoint.com/teams/mppdev/contract (contract_shared_sharepointonline_ba8a92bb5f984c4a9e12b8ebbe150b7e)')",
                      "table": "@parameters('List Data Contract (contract_shared_sharepointonline_af7e0287396a4264bf84ac3bb4d1bb35)')",
                      "$filter": "TenAM/EMail  eq '@{items('Apply_to_each:_AM')?['PersonPKD/Email']}' and ID eq @{items('Apply_to_each_IDHopDong_Union_Thực_tế')?['IDHopDong']}"
                    },
                    "authentication": "@parameters('$authentication')"
                  }
                },
                "Apply_to_each_Get_Lịch_thanh_toán_sum_GTTT": {
                  "foreach": "@outputs('Get_items:_List_Hợp_đồng_ThucTe')?['body/value']",
                  "actions": {
                    "Get_items_List_Lịch_thanh_toán_thucte": {
                      "runAfter": {},
                      "metadata": {
                        "operationMetadataId": "be1ab8f6-24f9-4ab3-9d15-9b3487501960"
                      },
                      "type": "OpenApiConnection",
                      "inputs": {
                        "host": {
                          "connectionName": "shared_sharepointonline_1",
                          "operationId": "GetItems",
                          "apiId": "/providers/Microsoft.PowerApps/apis/shared_sharepointonline"
                        },
                        "parameters": {
                          "dataset": "@parameters('Site Contract Development - https://hptvn.sharepoint.com/teams/mppdev/contract (contract_shared_sharepointonline_ba8a92bb5f984c4a9e12b8ebbe150b7e)')",
                          "table": "@parameters('List Data Lịch thanh toán (new_shared_sharepointonline_5f4b15a58b9046d4b7f82734d3274b93)')",
                          "$filter": "NgayThucTeXH_x0110_ ge '@{outputs('Compose_Date_From_ThucTe')}' and NgayThucTeXH_x0110_ le '@{outputs('Compose_Date_To_ThucTe')}'and TinhTrang eq 'Đã xuất hóa đơn' and IDHopDong eq @{items('Apply_to_each_Get_Lịch_thanh_toán_sum_GTTT')?['ID']}"
                        },
                        "authentication": "@parameters('$authentication')"
                      }
                    },
                    "Append_to_array_variable_:_varJsonThucTe": {
                      "runAfter": {
                        "Append_to_array_variable_:_varJsonThucTe_Excel": [
                          "Succeeded"
                        ]
                      },
                      "metadata": {
                        "operationMetadataId": "5a7bbe10-15d8-4b26-b92c-a4b938774209"
                      },
                      "type": "AppendToArrayVariable",
                      "inputs": {
                        "name": "varJsonThucTe",
                        "value": {
                          "STT": "@items('Apply_to_each_Get_Lịch_thanh_toán_sum_GTTT')?['MaCode']",
                          "Sản phẩm dịch vụ": "@items('Apply_to_each_Get_Lịch_thanh_toán_sum_GTTT')?['SanPhamDichVu/Value']",
                          "Ngày bắt đầu": "@if(and(not(equals(items('Apply_to_each_Get_Lịch_thanh_toán_sum_GTTT')?['NgayBatDauDichVu'], null)), not(empty(items('Apply_to_each_Get_Lịch_thanh_toán_sum_GTTT')?['NgayBatDauDichVu']))), formatDateTime(items('Apply_to_each_Get_Lịch_thanh_toán_sum_GTTT')?['NgayBatDauDichVu'], 'dd/MM/yyyy'), null)",
                          "Ngày kết thúc": "@if(and(not(equals(items('Apply_to_each_Get_Lịch_thanh_toán_sum_GTTT')?['NgayKetThucDichVu'], null)), not(empty(items('Apply_to_each_Get_Lịch_thanh_toán_sum_GTTT')?['NgayKetThucDichVu']))), formatDateTime(items('Apply_to_each_Get_Lịch_thanh_toán_sum_GTTT')?['NgayKetThucDichVu'], 'dd/MM/yyyy'), null)",
                          "Số hợp đồng": "@items('Apply_to_each_Get_Lịch_thanh_toán_sum_GTTT')?['Title']",
                          "Tên khách hàng": "@items('Apply_to_each_Get_Lịch_thanh_toán_sum_GTTT')?['KhachHang/Value']",
                          "Mô tả thiết bị, dịch vụ": "@items('Apply_to_each_Get_Lịch_thanh_toán_sum_GTTT')?['MoTaTBDV']",
                          "Tên AM": "@items('Apply_to_each_Get_Lịch_thanh_toán_sum_GTTT')?['TenAM/Email']",
                          "Giá tiền": "@variables('tongGiaTriThucTe')"
                        }
                      }
                    },
                    "Apply_to_each_Sum_GTTT": {
                      "foreach": "@outputs('Get_items_List_Lịch_thanh_toán_thucte')?['body/value']",
                      "actions": {
                        "Increment_variable_Tong_GTTT": {
                          "runAfter": {},
                          "metadata": {
                            "operationMetadataId": "dbe3afab-e571-494f-a251-d8f87e6a569b"
                          },
                          "type": "IncrementVariable",
                          "inputs": {
                            "name": "tongGiaTriThucTe",
                            "value": "@float(items('Apply_to_each_Sum_GTTT')?['GiaTriThucTe'])"
                          }
                        }
                      },
                      "runAfter": {
                        "Apply_to_each_Sum_GTTT_Excel": [
                          "Succeeded"
                        ]
                      },
                      "metadata": {
                        "operationMetadataId": "572f6385-972b-4e60-adab-7f9dbeff864f"
                      },
                      "type": "Foreach"
                    },
                    "Set_variable_TongGTTT": {
                      "runAfter": {
                        "Set_variable_TongGTTT_Excel": [
                          "Succeeded"
                        ]
                      },
                      "metadata": {
                        "operationMetadataId": "5a3236d7-f289-4e2f-be84-cd14aded8ed1"
                      },
                      "type": "SetVariable",
                      "inputs": {
                        "name": "tongGiaTriThucTe",
                        "value": 0
                      }
                    },
                    "Get_items_Lịch_thanh_toán_thực_tế_le_DateEnd": {
                      "runAfter": {
                        "Get_items_List_Lịch_thanh_toán_thucte": [
                          "Succeeded"
                        ]
                      },
                      "metadata": {
                        "operationMetadataId": "36e46fd9-bd3a-46f7-9c66-e6ade8daf1b5"
                      },
                      "type": "OpenApiConnection",
                      "inputs": {
                        "host": {
                          "connectionName": "shared_sharepointonline_1",
                          "operationId": "GetItems",
                          "apiId": "/providers/Microsoft.PowerApps/apis/shared_sharepointonline"
                        },
                        "parameters": {
                          "dataset": "@parameters('Site Contract Development - https://hptvn.sharepoint.com/teams/mppdev/contract (contract_shared_sharepointonline_ba8a92bb5f984c4a9e12b8ebbe150b7e)')",
                          "table": "@parameters('List Data Lịch thanh toán (new_shared_sharepointonline_5f4b15a58b9046d4b7f82734d3274b93)')",
                          "$filter": "NgayThucTeXH_x0110_ le '@{outputs('Compose_Date_To_ThucTe')}' and TinhTrang eq 'Đã xuất hóa đơn' and IDHopDong eq @{items('Apply_to_each_Get_Lịch_thanh_toán_sum_GTTT')?['ID']}"
                        },
                        "authentication": "@parameters('$authentication')"
                      }
                    },
                    "Set_variable_TongGTTT_Excel": {
                      "runAfter": {
                        "Get_items_Lịch_thanh_toán_thực_tế_le_DateEnd": [
                          "Succeeded"
                        ]
                      },
                      "metadata": {
                        "operationMetadataId": "5a3236d7-f289-4e2f-be84-cd14aded8ed1"
                      },
                      "type": "SetVariable",
                      "inputs": {
                        "name": "tongGiaTriThucTeExcel",
                        "value": 0
                      }
                    },
                    "Apply_to_each_Sum_GTTT_Excel": {
                      "foreach": "@outputs('Get_items_Lịch_thanh_toán_thực_tế_le_DateEnd')?['body/value']",
                      "actions": {
                        "Increment_variable_Tong_GTTT_Excel": {
                          "runAfter": {},
                          "metadata": {
                            "operationMetadataId": "dbe3afab-e571-494f-a251-d8f87e6a569b"
                          },
                          "type": "IncrementVariable",
                          "inputs": {
                            "name": "tongGiaTriThucTeExcel",
                            "value": "@float(items('Apply_to_each_Sum_GTTT_Excel')?['GiaTriThucTe'])"
                          }
                        }
                      },
                      "runAfter": {
                        "Set_variable_TongGTTT": [
                          "Succeeded"
                        ]
                      },
                      "metadata": {
                        "operationMetadataId": "572f6385-972b-4e60-adab-7f9dbeff864f"
                      },
                      "type": "Foreach"
                    },
                    "Append_to_array_variable_:_varJsonThucTe_Excel": {
                      "runAfter": {
                        "Apply_to_each_Sum_GTTT": [
                          "Succeeded"
                        ]
                      },
                      "metadata": {
                        "operationMetadataId": "5a7bbe10-15d8-4b26-b92c-a4b938774209"
                      },
                      "type": "AppendToArrayVariable",
                      "inputs": {
                        "name": "varJsonThucTeExcel",
                        "value": {
                          "STT": "@items('Apply_to_each_Get_Lịch_thanh_toán_sum_GTTT')?['MaCode']",
                          "Sản phẩm dịch vụ": "@items('Apply_to_each_Get_Lịch_thanh_toán_sum_GTTT')?['SanPhamDichVu/Value']",
                          "Ngày bắt đầu": "@if(and(not(equals(items('Apply_to_each_Get_Lịch_thanh_toán_sum_GTTT')?['NgayBatDauDichVu'], null)), not(empty(items('Apply_to_each_Get_Lịch_thanh_toán_sum_GTTT')?['NgayBatDauDichVu']))), formatDateTime(items('Apply_to_each_Get_Lịch_thanh_toán_sum_GTTT')?['NgayBatDauDichVu'], 'dd/MM/yyyy'), null)",
                          "Ngày kết thúc": "@if(and(not(equals(items('Apply_to_each_Get_Lịch_thanh_toán_sum_GTTT')?['NgayKetThucDichVu'], null)), not(empty(items('Apply_to_each_Get_Lịch_thanh_toán_sum_GTTT')?['NgayKetThucDichVu']))), formatDateTime(items('Apply_to_each_Get_Lịch_thanh_toán_sum_GTTT')?['NgayKetThucDichVu'], 'dd/MM/yyyy'), null)",
                          "Số hợp đồng": "@items('Apply_to_each_Get_Lịch_thanh_toán_sum_GTTT')?['Title']",
                          "Tên khách hàng": "@items('Apply_to_each_Get_Lịch_thanh_toán_sum_GTTT')?['KhachHang/Value']",
                          "Mô tả thiết bị, dịch vụ": "@items('Apply_to_each_Get_Lịch_thanh_toán_sum_GTTT')?['MoTaTBDV']",
                          "Tên AM": "@items('Apply_to_each_Get_Lịch_thanh_toán_sum_GTTT')?['TenAM/Email']",
                          "Giá tiền": "@variables('tongGiaTriThucTeExcel')"
                        }
                      }
                    }
                  },
                  "runAfter": {
                    "Get_items:_List_Hợp_đồng_ThucTe": [
                      "Succeeded"
                    ]
                  },
                  "metadata": {
                    "operationMetadataId": "96f068fb-31df-450a-bbf0-5d1432e51b80"
                  },
                  "type": "Foreach"
                }
              },
              "runAfter": {
                "Apply_to_each_IDHopDong_Union": [
                  "Succeeded"
                ]
              },
              "metadata": {
                "operationMetadataId": "113a4d35-e966-44a4-a5a7-f7daff595d73"
              },
              "type": "Foreach"
            },
            "Set_variable_Set_null_JsonThucTe_Excel": {
              "runAfter": {
                "Set_variable_Set_null_JsonThucTe": [
                  "Succeeded"
                ]
              },
              "metadata": {
                "operationMetadataId": "f937fb98-9642-4ff3-b350-0204e7ad95f7"
              },
              "type": "SetVariable",
              "inputs": {
                "name": "varJsonThucTeExcel",
                "value": "@null"
              }
            },
            "Get_itemsHD_TaiKy": {
              "runAfter": {
                "Set_variable_Set_null_JsonHDTaiky": [
                  "Succeeded"
                ]
              },
              "metadata": {
                "operationMetadataId": "eeeba7ed-8d5b-4c25-917e-9ec26d9b6c4f"
              },
              "type": "OpenApiConnection",
              "inputs": {
                "host": {
                  "connectionName": "shared_sharepointonline_1",
                  "operationId": "GetItems",
                  "apiId": "/providers/Microsoft.PowerApps/apis/shared_sharepointonline"
                },
                "parameters": {
                  "dataset": "@parameters('Site Contract Development - https://hptvn.sharepoint.com/teams/mppdev/contract (contract_shared_sharepointonline_ba8a92bb5f984c4a9e12b8ebbe150b7e)')",
                  "table": "@parameters('List Data Contract (contract_shared_sharepointonline_af7e0287396a4264bf84ac3bb4d1bb35)')",
                  "$filter": "NgayKetThucDichVu ge '@{outputs('Compose_Date_From_HDTaiKy')}' and NgayKetThucDichVu le '@{outputs('Compose_Date_To_HDTaiKy')}' and TenAM/EMail  eq '@{items('Apply_to_each:_AM')?['PersonPKD/Email']}'",
                  "$orderby": "NgayKetThucDichVu asc"
                },
                "authentication": "@parameters('$authentication')"
              },
              "runtimeConfiguration": {
                "paginationPolicy": {
                  "minimumItemCount": 5000
                }
              }
            },
            "Set_variable_Set_null_JsonHDTaiky": {
              "runAfter": {
                "Set_variable_Set_null_JsonThucTe_Excel": [
                  "Succeeded"
                ]
              },
              "metadata": {
                "operationMetadataId": "f937fb98-9642-4ff3-b350-0204e7ad95f7"
              },
              "type": "SetVariable",
              "inputs": {
                "name": "varJsonHDTaiKy",
                "value": "@null"
              }
            },
            "Apply_to_each_HDTaiKy": {
              "foreach": "@outputs('Get_itemsHD_TaiKy')?['body/value']",
              "actions": {
                "Append_to_array_variable_:_varJsonHDTaiKy": {
                  "runAfter": {},
                  "metadata": {
                    "operationMetadataId": "5a7bbe10-15d8-4b26-b92c-a4b938774209"
                  },
                  "type": "AppendToArrayVariable",
                  "inputs": {
                    "name": "varJsonHDTaiKy",
                    "value": {
                      "STT": "@items('Apply_to_each_HDTaiKy')?['MaCode']",
                      "Sản phẩm dịch vụ": "@items('Apply_to_each_HDTaiKy')?['SanPhamDichVu/Value']",
                      "Ngày bắt đầu": "@if(and(not(equals(items('Apply_to_each_HDTaiKy')?['NgayBatDauDichVu'], null)), not(empty(items('Apply_to_each_HDTaiKy')?['NgayBatDauDichVu']))), formatDateTime(items('Apply_to_each_HDTaiKy')?['NgayBatDauDichVu'], 'dd/MM/yyyy'), null)",
                      "Ngày kết thúc": "@if(and(not(equals(items('Apply_to_each_HDTaiKy')?['NgayKetThucDichVu'], null)), not(empty(items('Apply_to_each_HDTaiKy')?['NgayKetThucDichVu']))), formatDateTime(items('Apply_to_each_HDTaiKy')?['NgayKetThucDichVu'], 'dd/MM/yyyy'), null)",
                      "Số hợp đồng": "@items('Apply_to_each_HDTaiKy')?['Title']",
                      "Tên khách hàng": "@items('Apply_to_each_HDTaiKy')?['KhachHang/Value']",
                      "Mô tả thiết bị, dịch vụ": "@items('Apply_to_each_HDTaiKy')?['MoTaTBDV']",
                      "Giá trị hợp đồng (Chưa VAT)": "@if(and(not(equals(items('Apply_to_each_HDTaiKy')?['GiaTriHDChuaVAT'], null)), not(empty(string(items('Apply_to_each_HDTaiKy')?['GiaTriHDChuaVAT'])))), formatNumber(items('Apply_to_each_HDTaiKy')?['GiaTriHDChuaVAT'], 'N0', 'en-US'), null)",
                      "Giá trị hợp đồng (Có VAT)": "@if(and(not(equals(items('Apply_to_each_HDTaiKy')?['GiaTriHDCoVAT'], null)), not(empty(string(items('Apply_to_each_HDTaiKy')?['GiaTriHDCoVAT'])))), formatNumber(items('Apply_to_each_HDTaiKy')?['GiaTriHDCoVAT'], 'N0', 'en-US'), null)",
                      "Tên AM": "@items('Apply_to_each_HDTaiKy')?['TenAM/Email']"
                    }
                  }
                }
              },
              "runAfter": {
                "Apply_to_each_IDHopDong_Union_Thực_tế": [
                  "Succeeded"
                ]
              },
              "metadata": {
                "operationMetadataId": "9feef573-4942-4906-9af8-fdb8dcd8f5dd"
              },
              "type": "Foreach"
            },
            "Compose_JsonDataHDTaiKy": {
              "runAfter": {
                "Get_file_content": [
                  "Succeeded"
                ]
              },
              "metadata": {
                "operationMetadataId": "c45de47d-e111-433e-88b2-c4eb7ec84b61"
              },
              "type": "Compose",
              "inputs": "@variables('varJsonHDTaiKy')"
            },
            "Select_JsonHDTaiKy": {
              "runAfter": {
                "Compose_JsonDataHDTaiKy": [
                  "Succeeded"
                ]
              },
              "metadata": {
                "operationMetadataId": "3442c02b-fa33-40db-98f8-82445b3f1b07"
              },
              "type": "Select",
              "inputs": {
                "from": "@variables('varJsonHDTaiKy')",
                "select": "@concat(\r\n  '<tr>',\r\n    '<td>', item()?['STT'], '</td>',\r\n    '<td>', item()?['Sản phẩm dịch vụ'], '</td>',\r\n    '<td>', if(empty(item()?['Ngày bắt đầu']), '', item()?['Ngày bắt đầu']), '</td>',\r\n    '<td>', if(empty(item()?['Ngày kết thúc']), '', item()?['Ngày kết thúc']), '</td>',\r\n    '<td>', item()?['Số hợp đồng'], '</td>',\r\n    '<td>', item()?['Tên khách hàng'], '</td>',\r\n    '<td>', if(empty(item()?['Mô tả thiết bị, dịch vụ']), '', item()?['Mô tả thiết bị, dịch vụ']), '</td>',\r\n'<td>', if(empty(item()?['Giá trị hợp đồng (Chưa VAT)']), '', item()?['Giá trị hợp đồng (Chưa VAT)']), '</td>',\r\n'<td>', if(empty(item()?['Giá trị hợp đồng (Có VAT)']), '', item()?['Giá trị hợp đồng (Có VAT)']), '</td>',\r\n    '<td>', item()?['Tên AM'], '</td>',\r\n    \r\n  '</tr>'\r\n)\r\n"
              }
            },
            "Compose_Table_HDTaiKy": {
              "runAfter": {
                "Select_JsonHDTaiKy": [
                  "Succeeded"
                ]
              },
              "metadata": {
                "operationMetadataId": "2af7f2f4-a9a4-4ace-9f27-5cba457c1743"
              },
              "type": "Compose",
              "inputs": "<style>\n  table {\n    border: 1px solid #1C6EA4;\n    background-color: #EEEEEE;\n    width: 100%;\n    text-align: left;\n    border-collapse: collapse;\n  }\n  table td, table th {\n    border: 1px solid #AAAAAA;\n    padding: 3px 2px;\n  }\n  table tbody td {\n    font-size: 13px;\n  }\n  table thead {\n    background: #1C6EA4;\n    border-bottom: 2px solid #444444;\n  }\n  table thead th {\n    font-size: 15px;\n    font-weight: bold;\n    color: #FFFFFF;\n    border-left: 2px solid #D0E4F5;\n  }\n  table thead th:first-child {\n    border-left: none;\n  }\n  .lbltotalprice{\n  color: #ff0000;\n   font-size: 15px;\n  }\n  .totalprice{\n  background: #1C6EA4;\n    border: 2px solid #444444;\n   font-size: 13px;\n  }\n  </style>\n<table style=\"border-collapse:collapse; font-family:Arial; font-size:14px;\">\n  <thead style=\"background-color:#0070C0; color:#ffffff; font-weight:bold;\">\n    <tr>\n      <td>STT</td>\n      <td>Sản phẩm dịch vụ</td>\n      <td>Ngày bắt đầu</td>\n      <td>Ngày kết thúc</td>\n      <td>Số hợp đồng</td>\n      <td>Tên khách hàng</td>\n      <td>Mô tả thiết bị, dịch vụ</td>\n      <td>Giá trị hợp đồng (Chưa VAT)</td>\n      <td>Giá trị hợp đồng (Có VAT)</td>\n      <td>Tên AM</td>\n    </tr>\n  </thead>\n  <tbody>\n    @{join(body('Select_JsonHDTaiKy'), '')}\n  </tbody>\n</table>\n"
            },
            "Condition": {
              "actions": {},
              "runAfter": {
                "Compose_Table_HDTaiKy": [
                  "Succeeded"
                ],
                "Compose_Table_Dukien": [
                  "Succeeded"
                ],
                "Compose_Table_Thucte": [
                  "Succeeded"
                ]
              },
              "else": {
                "actions": {
                  "Create_file": {
                    "runAfter": {},
                    "metadata": {
                      "operationMetadataId": "54626911-4bd9-4023-9ea0-63c44905ba58"
                    },
                    "type": "OpenApiConnection",
                    "inputs": {
                      "host": {
                        "connectionName": "shared_onedriveforbusiness_1",
                        "operationId": "CreateFile",
                        "apiId": "/providers/Microsoft.PowerApps/apis/shared_onedriveforbusiness"
                      },
                      "parameters": {
                        "folderPath": "/Apps/QLHD/File báo cáo doanh thu",
                        "name": "BÁO CÁO DOANH THU_@{utcNow()}.xlsx",
                        "body": "@body('Get_file_content')"
                      },
                      "authentication": "@parameters('$authentication')"
                    },
                    "runtimeConfiguration": {
                      "contentTransfer": {
                        "transferMode": "Chunked"
                      }
                    }
                  },
                  "Create_share_link": {
                    "runAfter": {
                      "Create_file": [
                        "Succeeded"
                      ]
                    },
                    "metadata": {
                      "operationMetadataId": "f24a10bf-0d3d-45ad-ae25-ea15a412da9a"
                    },
                    "type": "OpenApiConnection",
                    "inputs": {
                      "host": {
                        "connectionName": "shared_onedriveforbusiness_1",
                        "operationId": "CreateShareLinkV2",
                        "apiId": "/providers/Microsoft.PowerApps/apis/shared_onedriveforbusiness"
                      },
                      "parameters": {
                        "id": "@outputs('Create_file')?['body/Id']",
                        "type": "Edit",
                        "scope": "Organization"
                      },
                      "authentication": "@parameters('$authentication')"
                    }
                  },
                  "Get_file_metadata": {
                    "runAfter": {
                      "Create_share_link": [
                        "Succeeded"
                      ]
                    },
                    "metadata": {
                      "operationMetadataId": "0e093335-075d-4208-b2b0-62522ab46c70"
                    },
                    "type": "OpenApiConnection",
                    "inputs": {
                      "host": {
                        "connectionName": "shared_onedriveforbusiness_1",
                        "operationId": "GetFileMetadata",
                        "apiId": "/providers/Microsoft.PowerApps/apis/shared_onedriveforbusiness"
                      },
                      "parameters": {
                        "id": "@outputs('Create_file')?['body/Id']"
                      },
                      "authentication": "@parameters('$authentication')"
                    }
                  },
                  "Run_script": {
                    "runAfter": {
                      "Get_file_metadata": [
                        "Succeeded"
                      ]
                    },
                    "metadata": {
                      "operationMetadataId": "b87dcfce-31f1-4a93-aa46-7662fbb2f466",
                      "tableId": null
                    },
                    "type": "OpenApiConnection",
                    "inputs": {
                      "host": {
                        "connectionName": "shared_excelonlinebusiness",
                        "operationId": "RunScriptProd",
                        "apiId": "/providers/Microsoft.PowerApps/apis/shared_excelonlinebusiness"
                      },
                      "parameters": {
                        "source": "me",
                        "drive": "b!g3ybvyErU0G2dYxVQpSiosLgp1UaVrRIsEGpowxHJzQbUT3pKyGmTaEd23FrL7Rl",
                        "file": "@outputs('Get_file_metadata')?['body/Id']",
                        "scriptId": "ms-officescript%3A%2F%2Fonedrive_business_itemlink%2F01HNXHWOYR5TJEJRES5NA33JIWKRGWPTMX",
                        "ScriptParameters/strJSON": "@outputs('Compose_JsonDataThucte')",
                        "ScriptParameters/strJSON2": "@outputs('Compose_JsonDataDuKien')",
                        "ScriptParameters/strJSON3": "@outputs('Compose_JsonDataHDTaiKy')"
                      },
                      "authentication": "@parameters('$authentication')"
                    }
                  },
                  "Get_file_content_2": {
                    "runAfter": {
                      "Run_script": [
                        "Succeeded"
                      ]
                    },
                    "metadata": {
                      "operationMetadataId": "9ffa3792-5556-41eb-8979-ef1330d511d3"
                    },
                    "type": "OpenApiConnection",
                    "inputs": {
                      "host": {
                        "connectionName": "shared_onedriveforbusiness_1",
                        "operationId": "GetFileContent",
                        "apiId": "/providers/Microsoft.PowerApps/apis/shared_onedriveforbusiness"
                      },
                      "parameters": {
                        "id": "@outputs('Get_file_metadata')?['body/Id']",
                        "inferContentType": true
                      },
                      "authentication": "@parameters('$authentication')"
                    }
                  },
                  "Send_an_email_(V2)_To_AM": {
                    "runAfter": {
                      "Compose_template_send_mail": [
                        "Succeeded"
                      ]
                    },
                    "metadata": {
                      "operationMetadataId": "dafa0a1e-6b1f-4899-8faf-04b83191eb4e"
                    },
                    "type": "OpenApiConnection",
                    "inputs": {
                      "host": {
                        "connectionName": "shared_office365_1",
                        "operationId": "SendEmailV2",
                        "apiId": "/providers/Microsoft.PowerApps/apis/shared_office365"
                      },
                      "parameters": {
                        "emailMessage/To": "tanncm@hpt.vn",
                        "emailMessage/Subject": "1 _ @{items('Apply_to_each:_AM')?['PersonPKD/Email']}",
                        "emailMessage/Body": "<p><strong>Dear </strong>@{items('Apply_to_each:_AM')?['PersonPKD/DisplayName']},<br>\n<br>\n@{outputs('Compose_template_send_mail')}<br>\n<strong>Trân trọng!</strong><br>\n</p>",
                        "emailMessage/Cc": "nhutdq@hpt.vn",
                        "emailMessage/Attachments": [
                          {
                            "Name": "@outputs('Create_file')?['body/Name']",
                            "ContentBytes": "@body('Get_file_content_2')"
                          }
                        ],
                        "emailMessage/Importance": "Normal"
                      },
                      "authentication": "@parameters('$authentication')"
                    }
                  },
                  "Compose_template_send_mail": {
                    "runAfter": {
                      "Get_file_content_2": [
                        "Succeeded"
                      ]
                    },
                    "metadata": {
                      "operationMetadataId": "b93bc20e-c68a-41de-a454-7d8b5702c7f5"
                    },
                    "type": "Compose",
                    "inputs": "Tôi gửi các báo cáo trong tháng như sau:\n@{if(not(empty(variables('varJson'))), '<p>    - Doanh thu dự kiến.</p>', '')}@{if(not(empty(variables('varJsonThucTe'))), '<p>    - Doanh thu thực tế.</p>', '')}@{if(not(empty(variables('varJsonHDTaiKy'))), '<p>    - Doanh thu hợp đồng tái ký.</p>', '')}\n\n@{if(not(empty(variables('varJson'))), concat('<p><strong>Doanh thu dự kiến:</strong></p>', outputs('Compose_Table_Dukien')), '')}\n@{if(not(empty(variables('varJsonThucTe'))), concat('<p><strong>Doanh thu thực tế:</strong></p>', outputs('Compose_Table_Thucte')), '')}\n@{if(not(empty(variables('varJsonHDTaiKy'))), concat('<p><strong>Doanh thu hợp đồng tái ký:</strong></p>', outputs('Compose_Table_HDTaiKy')), '')}"
                  }
                }
              },
              "expression": {
                "and": [
                  {
                    "equals": [
                      "@empty(variables('varJson'))\r\n",
                      "@true"
                    ]
                  },
                  {
                    "equals": [
                      "@empty(variables('varJsonThucTeExcel')) ",
                      "@true"
                    ]
                  },
                  {
                    "equals": [
                      "@empty(variables('varJsonHDTaiKy')) ",
                      "@true"
                    ]
                  }
                ]
              },
              "metadata": {
                "operationMetadataId": "ab9aeb99-081e-44bb-a55a-2c9343af2f0c"
              },
              "type": "If"
            }
          },
          "runAfter": {
            "Initialize_variable:_Json_HDTaiKy": [
              "Succeeded"
            ],
            "Select_Json_Lịch_thanh_toán_dự_kiến": [
              "Succeeded"
            ],
            "Select_Json_Lịch_thanh_toán_thực_tế": [
              "Succeeded"
            ]
          },
          "metadata": {
            "operationMetadataId": "60393d6c-59aa-40db-8b23-07a2780b6298"
          },
          "type": "Foreach"
        }
      }
    },
    "templateName": ""
  },
  "schemaVersion": "1.0.0.0"
}