{
  "properties": {
    "connectionReferences": {
      "shared_sharepointonline_2": {
        "runtimeSource": "embedded",
        "connection": {
          "connectionReferenceLogicalName": "contract_sharedsharepointonline_5ddc3"
        },
        "api": {
          "name": "shared_sharepointonline"
        }
      },
      "shared_sharepointonline": {
        "runtimeSource": "embedded",
        "connection": {
          "connectionReferenceLogicalName": "contract_sharedsharepointonline_5ddc3"
        },
        "api": {
          "name": "shared_sharepointonline"
        }
      },
      "shared_office365": {
        "runtimeSource": "embedded",
        "connection": {
          "connectionReferenceLogicalName": "contract_sharedoffice365_69327"
        },
        "api": {
          "name": "shared_office365"
        }
      },
      "shared_office365_1": {
        "runtimeSource": "embedded",
        "connection": {
          "connectionReferenceLogicalName": "cmp_sharedoffice365_5e5f7"
        },
        "api": {
          "name": "shared_office365"
        }
      }
    },
    "definition": {
      "$schema": "https://schema.management.azure.com/providers/Microsoft.Logic/schemas/2016-06-01/workflowdefinition.json#",
      "contentVersion": "1.0.0.0",
      "parameters": {
        "$connections": {
          "defaultValue": {},
          "type": "Object"
        },
        "$authentication": {
          "defaultValue": {},
          "type": "SecureObject"
        },
        "Site Contract Development - https://hptvn.sharepoint.com/teams/mppdev/contract (contract_shared_sharepointonline_ba8a92bb5f984c4a9e12b8ebbe150b7e)": {
          "defaultValue": "https://hptvn.sharepoint.com/teams/mppdev/contract",
          "type": "String",
          "metadata": {
            "schemaName": "contract_shared_sharepointonline_ba8a92bb5f984c4a9e12b8ebbe150b7e"
          }
        },
        "List Data HD kế hoạch triển khai (contract_shared_sharepointonline_334dfaa6f1b3477fa5908497f459756a)": {
          "defaultValue": "b58933da-4c32-4c63-87b1-fe58c9cb1cb2",
          "type": "String",
          "metadata": {
            "schemaName": "contract_shared_sharepointonline_334dfaa6f1b3477fa5908497f459756a"
          }
        },
        "List Data Contract (contract_shared_sharepointonline_af7e0287396a4264bf84ac3bb4d1bb35)": {
          "defaultValue": "3f1d5884-1363-4877-a3a6-87eea2435b5e",
          "type": "String",
          "metadata": {
            "schemaName": "contract_shared_sharepointonline_af7e0287396a4264bf84ac3bb4d1bb35"
          }
        }
      },
      "triggers": {
        "Recurrence": {
          "recurrence": {
            "frequency": "Day",
            "interval": 1,
            "startTime": "2024-10-15T03:00:00Z"
          },
          "metadata": {
            "operationMetadataId": "a42c900b-3104-4760-b5d3-8ecfeb92a8a0"
          },
          "type": "Recurrence"
        }
      },
      "actions": {
        "Get_items_Status_ChoHang": {
          "runAfter": {},
          "metadata": {
            "operationMetadataId": "31eadec0-9ab1-470c-ab5c-fb1b87263735"
          },
          "type": "OpenApiConnection",
          "inputs": {
            "host": {
              "connectionName": "shared_sharepointonline_2",
              "operationId": "GetItems",
              "apiId": "/providers/Microsoft.PowerApps/apis/shared_sharepointonline"
            },
            "parameters": {
              "dataset": "@parameters('Site Contract Development - https://hptvn.sharepoint.com/teams/mppdev/contract (contract_shared_sharepointonline_ba8a92bb5f984c4a9e12b8ebbe150b7e)')",
              "table": "@parameters('List Data HD kế hoạch triển khai (contract_shared_sharepointonline_334dfaa6f1b3477fa5908497f459756a)')",
              "$filter": "NgayDuKienTK eq null",
              "$orderby": "ID desc"
            },
            "authentication": "@parameters('$authentication')"
          },
          "runtimeConfiguration": {
            "paginationPolicy": {
              "minimumItemCount": 5000
            }
          }
        },
        "Get_items_Status_HangVe": {
          "runAfter": {
            "Get_items_Status_ChoHang": [
              "Succeeded"
            ]
          },
          "metadata": {
            "operationMetadataId": "31eadec0-9ab1-470c-ab5c-fb1b87263735"
          },
          "type": "OpenApiConnection",
          "inputs": {
            "host": {
              "connectionName": "shared_sharepointonline_2",
              "operationId": "GetItems",
              "apiId": "/providers/Microsoft.PowerApps/apis/shared_sharepointonline"
            },
            "parameters": {
              "dataset": "@parameters('Site Contract Development - https://hptvn.sharepoint.com/teams/mppdev/contract (contract_shared_sharepointonline_ba8a92bb5f984c4a9e12b8ebbe150b7e)')",
              "table": "@parameters('List Data HD kế hoạch triển khai (contract_shared_sharepointonline_334dfaa6f1b3477fa5908497f459756a)')",
              "$filter": "NgayHangVe eq '@{formatDateTime(utcNow(),'yyyy-MM-dd')}'",
              "$orderby": "ID desc"
            },
            "authentication": "@parameters('$authentication')"
          },
          "runtimeConfiguration": {
            "paginationPolicy": {
              "minimumItemCount": 5000
            }
          }
        },
        "Get_items_Status_DenHan": {
          "runAfter": {
            "Get_items_Status_HangVe": [
              "Succeeded"
            ]
          },
          "metadata": {
            "operationMetadataId": "31eadec0-9ab1-470c-ab5c-fb1b87263735"
          },
          "type": "OpenApiConnection",
          "inputs": {
            "host": {
              "connectionName": "shared_sharepointonline_2",
              "operationId": "GetItems",
              "apiId": "/providers/Microsoft.PowerApps/apis/shared_sharepointonline"
            },
            "parameters": {
              "dataset": "@parameters('Site Contract Development - https://hptvn.sharepoint.com/teams/mppdev/contract (contract_shared_sharepointonline_ba8a92bb5f984c4a9e12b8ebbe150b7e)')",
              "table": "@parameters('List Data HD kế hoạch triển khai (contract_shared_sharepointonline_334dfaa6f1b3477fa5908497f459756a)')",
              "$filter": "NgayDuKienTK eq '@{addDays(utcNow(),6,'yyyy-MM-dd')}'",
              "$orderby": "ID desc"
            },
            "authentication": "@parameters('$authentication')"
          },
          "runtimeConfiguration": {
            "paginationPolicy": {
              "minimumItemCount": 5000
            }
          }
        },
        "Get_items_Status_HoanTat": {
          "runAfter": {
            "Get_items_Status_DenHan": [
              "Succeeded"
            ]
          },
          "metadata": {
            "operationMetadataId": "31eadec0-9ab1-470c-ab5c-fb1b87263735"
          },
          "type": "OpenApiConnection",
          "inputs": {
            "host": {
              "connectionName": "shared_sharepointonline_2",
              "operationId": "GetItems",
              "apiId": "/providers/Microsoft.PowerApps/apis/shared_sharepointonline"
            },
            "parameters": {
              "dataset": "@parameters('Site Contract Development - https://hptvn.sharepoint.com/teams/mppdev/contract (contract_shared_sharepointonline_ba8a92bb5f984c4a9e12b8ebbe150b7e)')",
              "table": "@parameters('List Data HD kế hoạch triển khai (contract_shared_sharepointonline_334dfaa6f1b3477fa5908497f459756a)')",
              "$filter": "NgayTTHoanThanh ne null and TinhTrang ne 'Hoàn tất'",
              "$orderby": "ID desc"
            },
            "authentication": "@parameters('$authentication')"
          },
          "runtimeConfiguration": {
            "paginationPolicy": {
              "minimumItemCount": 5000
            }
          }
        },
        "Apply_to_each_Status_hangve": {
          "foreach": "@outputs('Get_items_Status_HangVe')?['body/value']",
          "actions": {
            "Update_item_Status_Hangve": {
              "runAfter": {},
              "metadata": {
                "operationMetadataId": "9a1a0cf5-5db8-43c4-aaf0-1cb1aab5e91d"
              },
              "type": "OpenApiConnection",
              "inputs": {
                "host": {
                  "connectionName": "shared_sharepointonline_2",
                  "operationId": "PatchItem",
                  "apiId": "/providers/Microsoft.PowerApps/apis/shared_sharepointonline"
                },
                "parameters": {
                  "dataset": "@parameters('Site Contract Development - https://hptvn.sharepoint.com/teams/mppdev/contract (contract_shared_sharepointonline_ba8a92bb5f984c4a9e12b8ebbe150b7e)')",
                  "table": "@parameters('List Data HD kế hoạch triển khai (contract_shared_sharepointonline_334dfaa6f1b3477fa5908497f459756a)')",
                  "id": "@items('Apply_to_each_Status_hangve')?['ID']",
                  "item/TinhTrang/Value": "Hàng về"
                },
                "authentication": "@parameters('$authentication')"
              }
            },
            "Get_item_Status_HangVe": {
              "runAfter": {
                "Get_item_Hangve": [
                  "Succeeded"
                ]
              },
              "metadata": {
                "operationMetadataId": "f72e6422-6415-4e0a-8ec7-b13cc5c9c5f0"
              },
              "type": "OpenApiConnection",
              "inputs": {
                "host": {
                  "connectionName": "shared_sharepointonline",
                  "operationId": "GetItem",
                  "apiId": "/providers/Microsoft.PowerApps/apis/shared_sharepointonline"
                },
                "parameters": {
                  "dataset": "@parameters('Site Contract Development - https://hptvn.sharepoint.com/teams/mppdev/contract (contract_shared_sharepointonline_ba8a92bb5f984c4a9e12b8ebbe150b7e)')",
                  "table": "@parameters('List Data Contract (contract_shared_sharepointonline_af7e0287396a4264bf84ac3bb4d1bb35)')",
                  "id": "@outputs('Update_item_Status_Hangve')?['body/IDHopDong']"
                },
                "authentication": "@parameters('$authentication')"
              }
            },
            "Get_item_Hangve": {
              "runAfter": {
                "Update_item_Status_Hangve": [
                  "Succeeded"
                ]
              },
              "metadata": {
                "operationMetadataId": "efad27e9-f4ac-4358-ab63-f71efdbdd5da"
              },
              "type": "OpenApiConnection",
              "inputs": {
                "host": {
                  "connectionName": "shared_sharepointonline_2",
                  "operationId": "GetItems",
                  "apiId": "/providers/Microsoft.PowerApps/apis/shared_sharepointonline"
                },
                "parameters": {
                  "dataset": "@parameters('Site Contract Development - https://hptvn.sharepoint.com/teams/mppdev/contract (contract_shared_sharepointonline_ba8a92bb5f984c4a9e12b8ebbe150b7e)')",
                  "table": "@parameters('List Data HD kế hoạch triển khai (contract_shared_sharepointonline_334dfaa6f1b3477fa5908497f459756a)')",
                  "$filter": "TinhTrang eq 'Hàng về' and IDHopDong eq @{items('Apply_to_each_Status_hangve')?['IDHopDong']}",
                  "$orderby": "ID desc"
                },
                "authentication": "@parameters('$authentication')"
              },
              "runtimeConfiguration": {
                "paginationPolicy": {
                  "minimumItemCount": 5000
                }
              }
            },
            "Scope": {
              "actions": {
                "Compose": {
                  "runAfter": {},
                  "metadata": {
                    "operationMetadataId": "9a14ed26-71b1-41a1-937e-74bc0e3be287"
                  },
                  "type": "Compose",
                  "inputs": "<style>\n  table {\n    border: 1px solid #1C6EA4;\n    background-color: #EEEEEE;\n    width: 100%;\n    text-align: left;\n    border-collapse: collapse;\n  }\n  table td, table th {\n    border: 1px solid #AAAAAA;\n    padding: 3px 2px;\n  }\n  table tbody td {\n    font-size: 13px;\n  }\n  table thead {\n    background: #1C6EA4;\n    border-bottom: 2px solid #444444;\n  }\n  table thead th {\n    font-size: 15px;\n    font-weight: bold;\n    color: #FFFFFF;\n    border-left: 2px solid #D0E4F5;\n  }\n  table thead th:first-child {\n    border-left: none;\n  }\n  .lbltotalprice{\n  color: #ff0000;\n   font-size: 15px;\n  }\n  .totalprice{\n  background: #1C6EA4;\n    border: 2px solid #444444;\n   font-size: 13px;\n  }\n  </style>\n<h2 style=\"text-align: center;\"></h2>\n<table>\n  <tr>\n    <td>Số hợp đồng: @{outputs('Get_item_Status_HangVe')?['body/Title']}</td>\n    <td>Loại hợp đồng: @{outputs('Get_item_Status_HangVe')?['body/LoaiHD/Value']}</td>\n  </tr>\n\n<tr>\n    <td>Kỹ thuật: @{outputs('Get_item_Status_HangVe')?['body/KyThuat/DisplayName']}</td>\n    <td>Phòng kỹ thuật: @{outputs('Get_item_Status_HangVe')?['body/PhongKyThuat/Value']}</td>\n  </tr>\n<tr>\n    <td>Khách hàng: @{outputs('Get_item_Status_HangVe')?['body/KhachHang/Value']}</td>\n    <td>Sản phẩm dịch vụ: @{outputs('Get_item_Status_HangVe')?['body/SanPhamDichVu/Value']}</td>\n  </tr>\n  <tr>\n    <td>Ngày ký hợp đồng: @{if(\n  and(\n      not(equals(outputs('Get_item_Status_HangVe')?['body/NgayKyHD'], null)),\n      not(empty(outputs('Get_item_Status_HangVe')?['body/NgayKyHD']))\n  ),\n  formatDateTime(outputs('Get_item_Status_HangVe')?['body/NgayKyHD'],'dd/MM/yyyy'),\n  null\n)}</td>\n    <td>Ngày kết thúc dịch vụ: @{if(\n  and(\n      not(equals(outputs('Get_item_Status_HangVe')?['body/NgayKetThucDichVu'], null)),\n      not(empty(outputs('Get_item_Status_HangVe')?['body/NgayKetThucDichVu']))\n  ),\n  formatDateTime(outputs('Get_item_Status_HangVe')?['body/NgayKetThucDichVu'],'dd/MM/yyyy'),\n  null\n)}</td>\n  </tr>\n  \n</table>"
                },
                "Select_table_HangVe": {
                  "runAfter": {
                    "Compose": [
                      "Succeeded"
                    ]
                  },
                  "metadata": {
                    "operationMetadataId": "36c9d1d8-96b0-4b0a-8bf3-43f552b01a32"
                  },
                  "type": "Select",
                  "inputs": {
                    "from": "@outputs('Get_item_Hangve')?['body/value']",
                    "select": {
                      "Thông tin hàng hóa": "@item()?['Title']",
                      "Số lượng": "@item()?['SoLuong']",
                      "Đợt": "@item()?['Dot']",
                      "Nhà thầu phụ": "@item()?['NhaThauPhu_x003a__x0020_T_x00ea_/Value']",
                      "Tình trạng": "@item()?['TinhTrang/Value']"
                    }
                  }
                },
                "Send_an_email_HangVe": {
                  "runAfter": {
                    "Create_HTML_table": [
                      "Succeeded"
                    ]
                  },
                  "metadata": {
                    "operationMetadataId": "04ce9666-89cb-44a4-813a-6f6ad69192e0"
                  },
                  "type": "OpenApiConnection",
                  "inputs": {
                    "host": {
                      "connectionName": "shared_office365",
                      "operationId": "SendEmailV2",
                      "apiId": "/providers/Microsoft.PowerApps/apis/shared_office365"
                    },
                    "parameters": {
                      "emailMessage/To": "@outputs('Get_item_Status_HangVe')?['body/NguoiTao/Email']",
                      "emailMessage/Subject": "HỢP ĐỒNG SỐ @{toUpper(outputs('Get_item_Status_HangVe')?['body/Title'])} SẮP TỚI HẠN TRIỂN KHAI",
                      "emailMessage/Body": "<p><strong>Kính gửi Anh/Chị,</strong><br>\n<br>\nHợp đồng số @{outputs('Get_item_Status_HangVe')?['body/Title']} được tạo bởi <strong></strong><strong>@{outputs('Get_item_Status_HangVe')?['body/NguoiTao/DisplayName']}</strong><strong></strong> sắp tới hạn triển khai. Dưới đây là thông tin chi tiết:<br>\n@{outputs('Compose')}<br>\n<strong>KẾ HOẠCH TRIỂN KHAI:<br>\n</strong><br>\n@{body('Create_HTML_table')}<br>\n<strong>Mọi chi tiết thắc mắc cần hỗ trợ, Anh/Chị vui lòng liên hệ:</strong><br>\n- Email: @{outputs('Get_item_Status_HangVe')?['body/NguoiTao/Email']}<br>\nTrân trọng!</p>",
                      "emailMessage/Importance": "Normal"
                    },
                    "authentication": "@parameters('$authentication')"
                  }
                },
                "Apply_to_each": {
                  "foreach": "@outputs('Get_item_Status_HangVe')?['body/GroupMailImplement']",
                  "actions": {
                    "Send_an_email_(V2)": {
                      "runAfter": {},
                      "metadata": {
                        "operationMetadataId": "86a83709-d526-4e90-a973-aec5a490d55b"
                      },
                      "type": "OpenApiConnection",
                      "inputs": {
                        "host": {
                          "connectionName": "shared_office365",
                          "operationId": "SendEmailV2",
                          "apiId": "/providers/Microsoft.PowerApps/apis/shared_office365"
                        },
                        "parameters": {
                          "emailMessage/To": "@items('Apply_to_each')?['Email']",
                          "emailMessage/Subject": "HỢP ĐỒNG SỐ @{toUpper(outputs('Get_item_Status_HangVe')?['body/Title'])} SẮP TỚI HẠN TRIỂN KHAI",
                          "emailMessage/Body": "<p><strong>Kính gửi Anh/Chị,</strong><br>\n<br>\nHợp đồng số @{outputs('Get_item_Status_HangVe')?['body/Title']} được tạo bởi @{outputs('Get_item_Status_HangVe')?['body/NguoiTao/DisplayName']} sắp tới hạn triển khai. Dưới đây là thông tin chi tiết:<br>\n@{outputs('Compose')}<br>\n<strong>KẾ HOẠCH TRIỂN KHAI:</strong><br>\n<br>\n@{body('Create_HTML_table')}<br>\n<strong>Mọi chi tiết thắc mắc cần hỗ trợ, Anh/Chị vui lòng liên hệ:</strong><br>\n- Email: @{outputs('Get_item_Status_HangVe')?['body/NguoiTao/Email']}<br>\nTrân trọng!</p>",
                          "emailMessage/Importance": "Normal"
                        },
                        "authentication": "@parameters('$authentication')"
                      }
                    }
                  },
                  "runAfter": {
                    "Send_an_email_HangVe": [
                      "Succeeded"
                    ]
                  },
                  "metadata": {
                    "operationMetadataId": "678c54cc-e389-4531-89bf-75000cfa2818"
                  },
                  "type": "Foreach"
                },
                "Create_HTML_table": {
                  "runAfter": {
                    "Select_table_HangVe": [
                      "Succeeded"
                    ]
                  },
                  "metadata": {
                    "operationMetadataId": "c45f7f73-dc96-48e5-beb7-5eb9179df277"
                  },
                  "type": "Table",
                  "inputs": {
                    "from": "@body('Select_table_HangVe')",
                    "format": "HTML"
                  }
                }
              },
              "runAfter": {
                "Get_item_Status_HangVe": [
                  "Succeeded"
                ]
              },
              "metadata": {
                "operationMetadataId": "e5d98475-4b5e-47e0-b9ac-f8ca386afa29"
              },
              "type": "Scope"
            }
          },
          "runAfter": {
            "Get_items_Status_HoanTat": [
              "Succeeded"
            ]
          },
          "metadata": {
            "operationMetadataId": "6ea467f3-5188-43d1-b93e-5e81e02d626b"
          },
          "type": "Foreach"
        },
        "Apply_to_each_Status_ChoHang": {
          "foreach": "@outputs('Get_items_Status_ChoHang')?['body/value']",
          "actions": {
            "Update_item_Status_ChoHang": {
              "runAfter": {},
              "metadata": {
                "operationMetadataId": "d5fd22e4-b962-4885-85b2-ac4f17646902"
              },
              "type": "OpenApiConnection",
              "inputs": {
                "host": {
                  "connectionName": "shared_sharepointonline_2",
                  "operationId": "PatchItem",
                  "apiId": "/providers/Microsoft.PowerApps/apis/shared_sharepointonline"
                },
                "parameters": {
                  "dataset": "@parameters('Site Contract Development - https://hptvn.sharepoint.com/teams/mppdev/contract (contract_shared_sharepointonline_ba8a92bb5f984c4a9e12b8ebbe150b7e)')",
                  "table": "@parameters('List Data HD kế hoạch triển khai (contract_shared_sharepointonline_334dfaa6f1b3477fa5908497f459756a)')",
                  "id": "@items('Apply_to_each_Status_ChoHang')?['ID']",
                  "item/TinhTrang/Value": "Chờ hàng"
                },
                "authentication": "@parameters('$authentication')"
              }
            },
            "Scope_ChoHang": {
              "actions": {
                "Compose_ChoHang": {
                  "runAfter": {},
                  "metadata": {
                    "operationMetadataId": "c0e895d5-9cb0-4482-8d63-72d9703af1e8"
                  },
                  "type": "Compose",
                  "inputs": "<style>\n  table {\n    border: 1px solid #1C6EA4;\n    background-color: #EEEEEE;\n    width: 100%;\n    text-align: left;\n    border-collapse: collapse;\n  }\n  table td, table th {\n    border: 1px solid #AAAAAA;\n    padding: 3px 2px;\n  }\n  table tbody td {\n    font-size: 13px;\n  }\n  table thead {\n    background: #1C6EA4;\n    border-bottom: 2px solid #444444;\n  }\n  table thead th {\n    font-size: 15px;\n    font-weight: bold;\n    color: #FFFFFF;\n    border-left: 2px solid #D0E4F5;\n  }\n  table thead th:first-child {\n    border-left: none;\n  }\n  .lbltotalprice{\n  color: #ff0000;\n   font-size: 15px;\n  }\n  .totalprice{\n  background: #1C6EA4;\n    border: 2px solid #444444;\n   font-size: 13px;\n  }\n  </style>\n<h2 style=\"text-align: center;\"></h2>\n<table>\n  <tr>\n    <td>Số hợp đồng: @{outputs('Get_item_Status_ChoHang')?['body/Title']}</td>\n    <td>Loại hợp đồng: @{outputs('Get_item_Status_ChoHang')?['body/LoaiHD/Value']}</td>\n  </tr>\n\n<tr>\n    <td>Kỹ thuật: @{outputs('Get_item_Status_ChoHang')?['body/KyThuat/DisplayName']}</td>\n    <td>Phòng kỹ thuật: @{outputs('Get_item_Status_ChoHang')?['body/PhongKyThuat/Value']}</td>\n  </tr>\n<tr>\n    <td>Khách hàng: @{outputs('Get_item_Status_ChoHang')?['body/KhachHang/Value']}</td>\n    <td>Sản phẩm dịch vụ: @{outputs('Get_item_Status_ChoHang')?['body/SanPhamDichVu/Value']}</td>\n  </tr>\n  <tr>\n    <td>Ngày ký hợp đồng: @{if(and(not(equals(outputs('Get_item_Status_ChoHang')?['body/NgayKyHD'], null)), not(empty(outputs('Get_item_Status_ChoHang')?['body/NgayKyHD']))), formatDateTime(outputs('Get_item_Status_ChoHang')?['body/NgayKyHD'], 'dd/MM/yyyy'), null)}</td>\n    <td>Ngày kết thúc dịch vụ: @{if(and(not(equals(outputs('Get_item_Status_ChoHang')?['body/NgayKetThucDichVu'], null)), not(empty(outputs('Get_item_Status_ChoHang')?['body/NgayKetThucDichVu']))), formatDateTime(outputs('Get_item_Status_ChoHang')?['body/NgayKetThucDichVu'], 'dd/MM/yyyy'), null)}</td>\n  </tr>\n  <tr>\n   \n</table>"
                },
                "Select_table_ChoHang": {
                  "runAfter": {
                    "Compose_ChoHang": [
                      "Succeeded"
                    ]
                  },
                  "metadata": {
                    "operationMetadataId": "3ecf5ff7-1116-4eb8-99b9-730968fae8c0"
                  },
                  "type": "Select",
                  "inputs": {
                    "from": "@outputs('Get_item_ChoHang')?['body/value']",
                    "select": {
                      "Thông tin hàng hóa": "@item()?['Title']",
                      "Số lượng": "@item()?['SoLuong']",
                      "Đợt": "@item()?['Dot']",
                      "Nhà thầu phụ": "@item()?['NhaThauPhu_x003a__x0020_T_x00ea_/Value']",
                      "Tình trạng": "@item()?['TinhTrang/Value']"
                    }
                  }
                },
                "Send_an_email_ChoHang": {
                  "runAfter": {
                    "Create_HTML_table_2": [
                      "Succeeded"
                    ]
                  },
                  "metadata": {
                    "operationMetadataId": "04ce9666-89cb-44a4-813a-6f6ad69192e0"
                  },
                  "type": "OpenApiConnection",
                  "inputs": {
                    "host": {
                      "connectionName": "shared_office365",
                      "operationId": "SendEmailV2",
                      "apiId": "/providers/Microsoft.PowerApps/apis/shared_office365"
                    },
                    "parameters": {
                      "emailMessage/To": "@outputs('Get_item_Status_ChoHang')?['body/NguoiTao/Email']",
                      "emailMessage/Subject": "HỢP ĐỒNG SỐ @{toUpper(outputs('Get_item_Status_ChoHang')?['body/Title'])} SẮP TỚI HẠN TRIỂN KHAI ",
                      "emailMessage/Body": "<p><strong>Kính gửi Anh/Chị,</strong><br>\n<br>\nHợp đồng số @{outputs('Get_item_Status_ChoHang')?['body/Title']} được tạo bởi <strong></strong><strong>@{outputs('Get_item_Status_ChoHang')?['body/NguoiTao/DisplayName']}</strong><strong></strong> sắp tới hạn triển khai. Dưới đây là thông tin chi tiết :<br>\n@{outputs('Compose_ChoHang')}<br>\n<strong>KẾ HOẠCH TRIỂN KHAI:<br>\n</strong><br>\n@{body('Create_HTML_table_2')}<br>\n<strong>Mọi chi tiết thắc mắc cần hỗ trợ, Anh/Chị vui lòng liên hệ:</strong><br>\n- Email: @{outputs('Get_item_Status_ChoHang')?['body/NguoiTao/Email']}<br>\nTrân trọng!</p>",
                      "emailMessage/Importance": "Normal"
                    },
                    "authentication": "@parameters('$authentication')"
                  }
                },
                "Apply_to_each_nhacmail": {
                  "foreach": "@outputs('Get_item_Status_ChoHang')?['body/GroupMailImplement']",
                  "actions": {
                    "Send_an_email_GroupKHTK": {
                      "runAfter": {},
                      "metadata": {
                        "operationMetadataId": "a118191d-0e64-4b96-8cdb-476b2e8361ef"
                      },
                      "type": "OpenApiConnection",
                      "inputs": {
                        "host": {
                          "connectionName": "shared_office365_1",
                          "operationId": "SendEmailV2",
                          "apiId": "/providers/Microsoft.PowerApps/apis/shared_office365"
                        },
                        "parameters": {
                          "emailMessage/To": "@items('Apply_to_each_nhacmail')?['Email']",
                          "emailMessage/Subject": "HỢP ĐỒNG SỐ @{toUpper(outputs('Get_item_Status_ChoHang')?['body/Title'])} SẮP TỚI HẠN TRIỂN KHAI ",
                          "emailMessage/Body": "<p><strong>Kính gửi Anh/Chị,</strong><br>\n<br>\nHợp đồng số @{outputs('Get_item_Status_ChoHang')?['body/Title']} được tạo bởi @{outputs('Get_item_Status_ChoHang')?['body/NguoiTao/DisplayName']} sắp tới hạn triển khai. Dưới đây là thông tin chi tiết:<br>\n@{outputs('Compose_ChoHang')}<br>\n<strong>KẾ HOẠCH TRIỂN KHAI:</strong><br>\n<br>\n@{body('Create_HTML_table_2')}<br>\n<strong>Mọi chi tiết thắc mắc cần hỗ trợ, Anh/Chị vui lòng liên hệ:</strong><br>\n- Email: @{outputs('Get_item_Status_ChoHang')?['body/NguoiTao/Email']}<br>\nTrân trọng!</p>",
                          "emailMessage/Importance": "Normal"
                        },
                        "authentication": "@parameters('$authentication')"
                      }
                    }
                  },
                  "runAfter": {
                    "Send_an_email_ChoHang": [
                      "Succeeded"
                    ]
                  },
                  "metadata": {
                    "operationMetadataId": "b40fa5fa-df4a-40fb-85c9-4bf3ac533bb6"
                  },
                  "type": "Foreach"
                },
                "Create_HTML_table_2": {
                  "runAfter": {
                    "Select_table_ChoHang": [
                      "Succeeded"
                    ]
                  },
                  "metadata": {
                    "operationMetadataId": "c45f7f73-dc96-48e5-beb7-5eb9179df277"
                  },
                  "type": "Table",
                  "inputs": {
                    "from": "@body('Select_table_ChoHang')",
                    "format": "HTML"
                  }
                }
              },
              "runAfter": {
                "Get_item_Status_ChoHang": [
                  "Succeeded"
                ]
              },
              "metadata": {
                "operationMetadataId": "68c62302-4960-4c31-a2b1-1b593240910b"
              },
              "type": "Scope"
            },
            "Get_item_ChoHang": {
              "runAfter": {
                "Update_item_Status_ChoHang": [
                  "Succeeded"
                ]
              },
              "metadata": {
                "operationMetadataId": "af09737a-a3a5-4743-99bf-620e4668c863"
              },
              "type": "OpenApiConnection",
              "inputs": {
                "host": {
                  "connectionName": "shared_sharepointonline_2",
                  "operationId": "GetItems",
                  "apiId": "/providers/Microsoft.PowerApps/apis/shared_sharepointonline"
                },
                "parameters": {
                  "dataset": "@parameters('Site Contract Development - https://hptvn.sharepoint.com/teams/mppdev/contract (contract_shared_sharepointonline_ba8a92bb5f984c4a9e12b8ebbe150b7e)')",
                  "table": "@parameters('List Data HD kế hoạch triển khai (contract_shared_sharepointonline_334dfaa6f1b3477fa5908497f459756a)')",
                  "$filter": "TinhTrang eq 'Chờ hàng' and IDHopDong eq @{items('Apply_to_each_Status_ChoHang')?['IDHopDong']}",
                  "$orderby": "ID desc"
                },
                "authentication": "@parameters('$authentication')"
              },
              "runtimeConfiguration": {
                "paginationPolicy": {
                  "minimumItemCount": 5000
                }
              }
            },
            "Get_item_Status_ChoHang": {
              "runAfter": {
                "Get_item_ChoHang": [
                  "Succeeded"
                ]
              },
              "metadata": {
                "operationMetadataId": "3bc7ff95-89c8-46e3-8617-78f25d5e2324"
              },
              "type": "OpenApiConnection",
              "inputs": {
                "host": {
                  "connectionName": "shared_sharepointonline",
                  "operationId": "GetItem",
                  "apiId": "/providers/Microsoft.PowerApps/apis/shared_sharepointonline"
                },
                "parameters": {
                  "dataset": "@parameters('Site Contract Development - https://hptvn.sharepoint.com/teams/mppdev/contract (contract_shared_sharepointonline_ba8a92bb5f984c4a9e12b8ebbe150b7e)')",
                  "table": "@parameters('List Data Contract (contract_shared_sharepointonline_af7e0287396a4264bf84ac3bb4d1bb35)')",
                  "id": "@items('Apply_to_each_Status_ChoHang')?['IDHopDong']"
                },
                "authentication": "@parameters('$authentication')"
              }
            }
          },
          "runAfter": {
            "Apply_to_each_Status_hangve": [
              "Succeeded"
            ]
          },
          "metadata": {
            "operationMetadataId": "68af2529-b6c6-4462-bd0c-c990973a56fe"
          },
          "type": "Foreach"
        },
        "Apply_to_each_Status_HoanTat": {
          "foreach": "@outputs('Get_items_Status_HoanTat')?['body/value']",
          "actions": {
            "Update_item_Status_HoanTat": {
              "runAfter": {},
              "metadata": {
                "operationMetadataId": "c8e7ddc2-4ee5-455f-bc55-43a9710f4bae"
              },
              "type": "OpenApiConnection",
              "inputs": {
                "host": {
                  "connectionName": "shared_sharepointonline_2",
                  "operationId": "PatchItem",
                  "apiId": "/providers/Microsoft.PowerApps/apis/shared_sharepointonline"
                },
                "parameters": {
                  "dataset": "@parameters('Site Contract Development - https://hptvn.sharepoint.com/teams/mppdev/contract (contract_shared_sharepointonline_ba8a92bb5f984c4a9e12b8ebbe150b7e)')",
                  "table": "@parameters('List Data HD kế hoạch triển khai (contract_shared_sharepointonline_334dfaa6f1b3477fa5908497f459756a)')",
                  "id": "@items('Apply_to_each_Status_HoanTat')?['ID']",
                  "item/TinhTrang/Value": "Hoàn tất"
                },
                "authentication": "@parameters('$authentication')"
              }
            },
            "Scope_HoanTat": {
              "actions": {
                "Compose_HoanTat": {
                  "runAfter": {},
                  "metadata": {
                    "operationMetadataId": "44e4d599-1a3d-451d-9efb-502986db34c6"
                  },
                  "type": "Compose",
                  "inputs": "<style>\n  table {\n    border: 1px solid #1C6EA4;\n    background-color: #EEEEEE;\n    width: 100%;\n    text-align: left;\n    border-collapse: collapse;\n  }\n  table td, table th {\n    border: 1px solid #AAAAAA;\n    padding: 3px 2px;\n  }\n  table tbody td {\n    font-size: 13px;\n  }\n  table thead {\n    background: #1C6EA4;\n    border-bottom: 2px solid #444444;\n  }\n  table thead th {\n    font-size: 15px;\n    font-weight: bold;\n    color: #FFFFFF;\n    border-left: 2px solid #D0E4F5;\n  }\n  table thead th:first-child {\n    border-left: none;\n  }\n  .lbltotalprice{\n  color: #ff0000;\n   font-size: 15px;\n  }\n  .totalprice{\n  background: #1C6EA4;\n    border: 2px solid #444444;\n   font-size: 13px;\n  }\n  </style>\n<h2 style=\"text-align: center;\"></h2>\n<table>\n  <tr>\n    <td>Số hợp đồng: @{outputs('Get_item_Status_HoanTat')?['body/Title']}</td>\n    <td>Loại hợp đồng: @{outputs('Get_item_Status_HoanTat')?['body/LoaiHD/Value']}</td>\n  </tr>\n\n<tr>\n    <td>Kỹ thuật: @{outputs('Get_item_Status_HoanTat')?['body/KyThuat/DisplayName']}</td>\n    <td>Phòng kỹ thuật: @{outputs('Get_item_Status_HoanTat')?['body/PhongKyThuat/Value']}</td>\n  </tr>\n<tr>\n    <td>Khách hàng: @{outputs('Get_item_Status_HoanTat')?['body/KhachHang/Value']}</td>\n    <td>Sản phẩm dịch vụ: @{outputs('Get_item_Status_HoanTat')?['body/SanPhamDichVu/Value']}</td>\n  </tr>\n  <tr>\n    <td>Ngày ký hợp đồng: @{if(and(not(equals(outputs('Get_item_Status_HoanTat')?['body/NgayKyHD'], null)), not(empty(outputs('Get_item_Status_HoanTat')?['body/NgayKyHD']))), formatDateTime(outputs('Get_item_Status_HoanTat')?['body/NgayKyHD'], 'dd/MM/yyyy'), null)}</td>\n    <td>Ngày kết thúc dịch vụ: @{if(and(not(equals(outputs('Get_item_Status_HoanTat')?['body/NgayKetThucDichVu'], null)), not(empty(outputs('Get_item_Status_HoanTat')?['body/NgayKetThucDichVu']))), formatDateTime(outputs('Get_item_Status_HoanTat')?['body/NgayKetThucDichVu'], 'dd/MM/yyyy'), null)}</td>\n  </tr>\n  \n</table>"
                },
                "Select_table_HoanTat": {
                  "runAfter": {
                    "Compose_HoanTat": [
                      "Succeeded"
                    ]
                  },
                  "metadata": {
                    "operationMetadataId": "2f336a69-c5ef-4a9f-a069-14f7e7826946"
                  },
                  "type": "Select",
                  "inputs": {
                    "from": "@outputs('Get_item_HoanTat')?['body/value']",
                    "select": {
                      "Thông tin hàng hóa": "@item()?['Title']",
                      "Số lượng": "@item()?['SoLuong']",
                      "Đợt": "@item()?['Dot']",
                      "Nhà thầu phụ": "@item()?['NhaThauPhu_x003a__x0020_T_x00ea_/Value']",
                      "Tình trạng": "@item()?['TinhTrang/Value']"
                    }
                  }
                },
                "Send_an_email_HoanTat": {
                  "runAfter": {
                    "Create_HTML_table_3": [
                      "Succeeded"
                    ]
                  },
                  "metadata": {
                    "operationMetadataId": "04ce9666-89cb-44a4-813a-6f6ad69192e0"
                  },
                  "type": "OpenApiConnection",
                  "inputs": {
                    "host": {
                      "connectionName": "shared_office365",
                      "operationId": "SendEmailV2",
                      "apiId": "/providers/Microsoft.PowerApps/apis/shared_office365"
                    },
                    "parameters": {
                      "emailMessage/To": "@outputs('Get_item_Status_HoanTat')?['body/NguoiTao/Email']",
                      "emailMessage/Subject": "HỢP ĐỒNG SỐ @{toUpper(outputs('Get_item_Status_HoanTat')?['body/Title'])} SẮP TỚI HẠN TRIỂN KHAI ",
                      "emailMessage/Body": "<p><strong>Kính gửi Anh/Chị,</strong><br>\n<br>\nHợp đồng số @{outputs('Get_item_Status_HoanTat')?['body/Title']} được tạo bởi <strong></strong><strong>@{outputs('Get_item_Status_HoanTat')?['body/NguoiTao/DisplayName']}</strong><strong></strong> sắp tới hạn triển khai. Dưới đây là thông tin chi tiết:<br>\n@{outputs('Compose_HoanTat')}<br>\n<strong>KẾ HOẠCH TRIỂN KHAI:<br>\n</strong><br>\n@{body('Create_HTML_table_3')}<br>\n<strong>Mọi chi tiết thắc mắc cần hỗ trợ, Anh/Chị vui lòng liên hệ:</strong><br>\n- Email: @{outputs('Get_item_Status_HoanTat')?['body/NguoiTao/Email']}<br>\nTrân trọng!</p>",
                      "emailMessage/Importance": "Normal"
                    },
                    "authentication": "@parameters('$authentication')"
                  }
                },
                "Apply_to_each_nhacmail_2": {
                  "foreach": "@outputs('Get_item_Status_HoanTat')?['body/GroupMailImplement']",
                  "actions": {
                    "Send_an_email_GroupKHTK_2": {
                      "runAfter": {},
                      "metadata": {
                        "operationMetadataId": "d770e414-2a43-41de-9abb-83169892fe2f"
                      },
                      "type": "OpenApiConnection",
                      "inputs": {
                        "host": {
                          "connectionName": "shared_office365_1",
                          "operationId": "SendEmailV2",
                          "apiId": "/providers/Microsoft.PowerApps/apis/shared_office365"
                        },
                        "parameters": {
                          "emailMessage/To": "@items('Apply_to_each_nhacmail_2')?['Email']",
                          "emailMessage/Subject": "HỢP ĐỒNG SỐ @{toUpper(outputs('Get_item_Status_HoanTat')?['body/Title'])} SẮP TỚI HẠN TRIỂN KHAI ",
                          "emailMessage/Body": "<p><strong>Kính gửi Anh/Chị,<br>\n<br>\n</strong>Hợp đồng số @{outputs('Get_item_Status_HoanTat')?['body/Title']} được tạo bởi @{outputs('Get_item_Status_HoanTat')?['body/NguoiTao/DisplayName']} sắp tới hạn triển khai. Dưới đây là thông tin chi tiết:<strong><br>\n</strong><strong>@{outputs('Compose_HoanTat')}</strong><strong><br>\nKẾ HOẠCH TRIỂN KHAI:<br>\n<br>\n</strong><strong>@{body('Create_HTML_table_3')}</strong><strong><br>\nMọi chi tiết thắc mắc cần hỗ trợ, Anh/Chị vui lòng liên hệ:<br>\n</strong>- Email: @{outputs('Get_item_Status_HoanTat')?['body/NguoiTao/Email']}<br>\nTrân trọng!</p>",
                          "emailMessage/Importance": "Normal"
                        },
                        "authentication": "@parameters('$authentication')"
                      }
                    }
                  },
                  "runAfter": {
                    "Send_an_email_HoanTat": [
                      "Succeeded"
                    ]
                  },
                  "metadata": {
                    "operationMetadataId": "534e460f-448d-456e-b5a0-02a2a4e29d9b"
                  },
                  "type": "Foreach"
                },
                "Create_HTML_table_3": {
                  "runAfter": {
                    "Select_table_HoanTat": [
                      "Succeeded"
                    ]
                  },
                  "metadata": {
                    "operationMetadataId": "c45f7f73-dc96-48e5-beb7-5eb9179df277"
                  },
                  "type": "Table",
                  "inputs": {
                    "from": "@body('Select_table_HoanTat')",
                    "format": "HTML"
                  }
                }
              },
              "runAfter": {
                "Get_item_Status_HoanTat": [
                  "Succeeded"
                ]
              },
              "metadata": {
                "operationMetadataId": "568b4fb3-174a-4e64-98a4-3f0d83d312d2"
              },
              "type": "Scope"
            },
            "Get_item_HoanTat": {
              "runAfter": {
                "Update_item_Status_HoanTat": [
                  "Succeeded"
                ]
              },
              "metadata": {
                "operationMetadataId": "fd12ce69-5a54-4b7d-9ed5-a5a6ece1fb2a"
              },
              "type": "OpenApiConnection",
              "inputs": {
                "host": {
                  "connectionName": "shared_sharepointonline_2",
                  "operationId": "GetItems",
                  "apiId": "/providers/Microsoft.PowerApps/apis/shared_sharepointonline"
                },
                "parameters": {
                  "dataset": "@parameters('Site Contract Development - https://hptvn.sharepoint.com/teams/mppdev/contract (contract_shared_sharepointonline_ba8a92bb5f984c4a9e12b8ebbe150b7e)')",
                  "table": "@parameters('List Data HD kế hoạch triển khai (contract_shared_sharepointonline_334dfaa6f1b3477fa5908497f459756a)')",
                  "$filter": "TinhTrang eq 'Hoàn tất' and IDHopDong eq @{items('Apply_to_each_Status_HoanTat')?['IDHopDong']}",
                  "$orderby": "ID desc"
                },
                "authentication": "@parameters('$authentication')"
              },
              "runtimeConfiguration": {
                "paginationPolicy": {
                  "minimumItemCount": 5000
                }
              }
            },
            "Get_item_Status_HoanTat": {
              "runAfter": {
                "Get_item_HoanTat": [
                  "Succeeded"
                ]
              },
              "metadata": {
                "operationMetadataId": "3b006691-8df9-40a2-a189-06d613781f1a"
              },
              "type": "OpenApiConnection",
              "inputs": {
                "host": {
                  "connectionName": "shared_sharepointonline",
                  "operationId": "GetItem",
                  "apiId": "/providers/Microsoft.PowerApps/apis/shared_sharepointonline"
                },
                "parameters": {
                  "dataset": "@parameters('Site Contract Development - https://hptvn.sharepoint.com/teams/mppdev/contract (contract_shared_sharepointonline_ba8a92bb5f984c4a9e12b8ebbe150b7e)')",
                  "table": "@parameters('List Data Contract (contract_shared_sharepointonline_af7e0287396a4264bf84ac3bb4d1bb35)')",
                  "id": "@items('Apply_to_each_Status_HoanTat')?['IDHopDong']"
                },
                "authentication": "@parameters('$authentication')"
              }
            }
          },
          "runAfter": {
            "Apply_to_each_Status_ChoHang": [
              "Succeeded"
            ]
          },
          "metadata": {
            "operationMetadataId": "52dcb47e-35a6-43c9-bfb0-977ce062d235"
          },
          "type": "Foreach"
        },
        "Apply_to_each_Status_DenHan": {
          "foreach": "@outputs('Get_items_Status_DenHan')?['body/value']",
          "actions": {
            "Update_item_Status_DenHan": {
              "runAfter": {},
              "metadata": {
                "operationMetadataId": "6f1c98b1-180c-4469-b76d-bad08c7f8b9c"
              },
              "type": "OpenApiConnection",
              "inputs": {
                "host": {
                  "connectionName": "shared_sharepointonline_2",
                  "operationId": "PatchItem",
                  "apiId": "/providers/Microsoft.PowerApps/apis/shared_sharepointonline"
                },
                "parameters": {
                  "dataset": "@parameters('Site Contract Development - https://hptvn.sharepoint.com/teams/mppdev/contract (contract_shared_sharepointonline_ba8a92bb5f984c4a9e12b8ebbe150b7e)')",
                  "table": "@parameters('List Data HD kế hoạch triển khai (contract_shared_sharepointonline_334dfaa6f1b3477fa5908497f459756a)')",
                  "id": "@items('Apply_to_each_Status_DenHan')?['ID']",
                  "item/TinhTrang/Value": "Đến hạn"
                },
                "authentication": "@parameters('$authentication')"
              }
            },
            "Scope_DenHan": {
              "actions": {
                "Compose_DenHan": {
                  "runAfter": {},
                  "metadata": {
                    "operationMetadataId": "3cdd8ec7-d968-4334-b0b5-4245014c9ab3"
                  },
                  "type": "Compose",
                  "inputs": "<style>\n  table {\n    border: 1px solid #1C6EA4;\n    background-color: #EEEEEE;\n    width: 100%;\n    text-align: left;\n    border-collapse: collapse;\n  }\n  table td, table th {\n    border: 1px solid #AAAAAA;\n    padding: 3px 2px;\n  }\n  table tbody td {\n    font-size: 13px;\n  }\n  table thead {\n    background: #1C6EA4;\n    border-bottom: 2px solid #444444;\n  }\n  table thead th {\n    font-size: 15px;\n    font-weight: bold;\n    color: #FFFFFF;\n    border-left: 2px solid #D0E4F5;\n  }\n  table thead th:first-child {\n    border-left: none;\n  }\n  .lbltotalprice{\n  color: #ff0000;\n   font-size: 15px;\n  }\n  .totalprice{\n  background: #1C6EA4;\n    border: 2px solid #444444;\n   font-size: 13px;\n  }\n  </style>\n<h2 style=\"text-align: center;\"></h2>\n<table>\n  <tr>\n    <td>Số hợp đồng: @{outputs('Get_item_Status_DenHan')?['body/Title']}</td>\n    <td>Loại hợp đồng: @{outputs('Get_item_Status_DenHan')?['body/LoaiHD/Value']}</td>\n  </tr>\n\n<tr>\n    <td>Kỹ thuật: @{outputs('Get_item_Status_DenHan')?['body/KyThuat/DisplayName']}</td>\n    <td>Phòng kỹ thuật: @{outputs('Get_item_Status_DenHan')?['body/PhongKyThuat/Value']}</td>\n  </tr>\n<tr>\n    <td>Khách hàng: @{outputs('Get_item_Status_DenHan')?['body/KhachHang/Value']}</td>\n    <td>Sản phẩm dịch vụ: @{outputs('Get_item_Status_DenHan')?['body/SanPhamDichVu/Value']}</td>\n  </tr>\n  <tr>\n    <td>Ngày ký hợp đồng: @{if(and(not(equals(outputs('Get_item_Status_DenHan')?['body/NgayKyHD'], null)), not(empty(outputs('Get_item_Status_DenHan')?['body/NgayKyHD']))), formatDateTime(outputs('Get_item_Status_DenHan')?['body/NgayKyHD'], 'dd/MM/yyyy'), null)}</td>\n    <td>Ngày kết thúc dịch vụ: @{if(and(not(equals(outputs('Get_item_Status_DenHan')?['body/NgayKetThucDichVu'], null)), not(empty(outputs('Get_item_Status_DenHan')?['body/NgayKetThucDichVu']))), formatDateTime(outputs('Get_item_Status_DenHan')?['body/NgayKetThucDichVu'], 'dd/MM/yyyy'), null)}</td>\n  </tr>\n \n</table>"
                },
                "Select_table_DenHan": {
                  "runAfter": {
                    "Compose_DenHan": [
                      "Succeeded"
                    ]
                  },
                  "metadata": {
                    "operationMetadataId": "de17c5ef-3bbd-4893-8aa8-07e5382aab44"
                  },
                  "type": "Select",
                  "inputs": {
                    "from": "@outputs('Get_item_DenHan')?['body/value']",
                    "select": {
                      "Thông tin hàng hóa": "@item()?['Title']",
                      "Số lượng": "@item()?['SoLuong']",
                      "Đợt": "@item()?['Dot']",
                      "Nhà thầu phụ": "@item()?['NhaThauPhu_x003a__x0020_T_x00ea_/Value']",
                      "Tình trạng": "@item()?['TinhTrang/Value']"
                    }
                  }
                },
                "Send_an_email_DenHan": {
                  "runAfter": {
                    "Create_HTML_table_4": [
                      "Succeeded"
                    ]
                  },
                  "metadata": {
                    "operationMetadataId": "04ce9666-89cb-44a4-813a-6f6ad69192e0"
                  },
                  "type": "OpenApiConnection",
                  "inputs": {
                    "host": {
                      "connectionName": "shared_office365",
                      "operationId": "SendEmailV2",
                      "apiId": "/providers/Microsoft.PowerApps/apis/shared_office365"
                    },
                    "parameters": {
                      "emailMessage/To": "@outputs('Get_item_Status_DenHan')?['body/NguoiTao/Email']",
                      "emailMessage/Subject": "HỢP ĐỒNG SỐ @{toUpper(outputs('Get_item_Status_DenHan')?['body/Title'])} SẮP TỚI HẠN TRIỂN KHAI ",
                      "emailMessage/Body": "<p><strong>Kính gửi Anh/Chị,</strong><br>\n<br>\nHợp đồng số @{outputs('Get_item_Status_DenHan')?['body/Title']} được tạo bởi <strong></strong><strong>@{outputs('Get_item_Status_DenHan')?['body/NguoiTao/DisplayName']}</strong><strong></strong> sắp tới hạn triển khai. Dưới đây là thông tin chi tiết:<br>\n@{outputs('Compose_DenHan')}<br>\n<strong>KẾ HOẠCH TRIỂN KHAI:<br>\n</strong><br>\n@{body('Create_HTML_table_4')}<br>\n<strong>Mọi chi tiết thắc mắc cần hỗ trợ, Anh/Chị vui lòng liên hệ:</strong><br>\n- Email: @{outputs('Get_item_Status_DenHan')?['body/NguoiTao/Email']}<br>\nTrân trọng!</p>",
                      "emailMessage/Importance": "Normal"
                    },
                    "authentication": "@parameters('$authentication')"
                  }
                },
                "Apply_to_each_nhacmail_3": {
                  "foreach": "@outputs('Get_item_Status_DenHan')?['body/GroupMailImplement']",
                  "actions": {
                    "Send_an_email_GroupKHTK_3": {
                      "runAfter": {},
                      "metadata": {
                        "operationMetadataId": "022abd03-20f3-4ce2-84ab-ad22802eb4d3"
                      },
                      "type": "OpenApiConnection",
                      "inputs": {
                        "host": {
                          "connectionName": "shared_office365_1",
                          "operationId": "SendEmailV2",
                          "apiId": "/providers/Microsoft.PowerApps/apis/shared_office365"
                        },
                        "parameters": {
                          "emailMessage/To": "@items('Apply_to_each_nhacmail_3')?['Email']",
                          "emailMessage/Subject": "HỢP ĐỒNG SỐ @{toUpper(outputs('Get_item_Status_DenHan')?['body/Title'])} SẮP TỚI HẠN TRIỂN KHAI ",
                          "emailMessage/Body": "<p><strong>Kính gửi Anh/Chị,<br>\n<br>\n</strong>Hợp đồng có số hợp đồng @{outputs('Get_item_Status_DenHan')?['body/Title']} được tạo bởi @{outputs('Get_item_Status_DenHan')?['body/NguoiTao/DisplayName']} sắp tới hạn triển khai. Dưới đây là thông tin chi tiết hợp đồng:<strong><br>\n</strong><strong>@{outputs('Compose_DenHan')}</strong><strong><br>\nKẾ HOẠCH TRIỂN KHAI:<br>\n<br>\n</strong><strong>@{body('Create_HTML_table_4')}</strong><strong><br>\nMọi chi tiết thắc mắc cần hỗ trợ, Anh/Chị vui lòng liên hệ:<br>\n</strong>- Email: @{outputs('Get_item_Status_DenHan')?['body/NguoiTao/Email']}<br>\nTrân trọng!</p>",
                          "emailMessage/Importance": "Normal"
                        },
                        "authentication": "@parameters('$authentication')"
                      }
                    }
                  },
                  "runAfter": {
                    "Send_an_email_DenHan": [
                      "Succeeded"
                    ]
                  },
                  "metadata": {
                    "operationMetadataId": "b540ce50-22d7-4be7-9f49-0bc16a67ea6d"
                  },
                  "type": "Foreach"
                },
                "Create_HTML_table_4": {
                  "runAfter": {
                    "Select_table_DenHan": [
                      "Succeeded"
                    ]
                  },
                  "metadata": {
                    "operationMetadataId": "c45f7f73-dc96-48e5-beb7-5eb9179df277"
                  },
                  "type": "Table",
                  "inputs": {
                    "from": "@body('Select_table_DenHan')",
                    "format": "HTML"
                  }
                }
              },
              "runAfter": {
                "Get_item_Status_DenHan": [
                  "Succeeded"
                ]
              },
              "metadata": {
                "operationMetadataId": "6319efcf-671c-4f7b-be1a-b01dfbc34f7a"
              },
              "type": "Scope"
            },
            "Get_item_DenHan": {
              "runAfter": {
                "Update_item_Status_DenHan": [
                  "Succeeded"
                ]
              },
              "metadata": {
                "operationMetadataId": "c50cfac2-1e87-4097-befb-3ac5386e4558"
              },
              "type": "OpenApiConnection",
              "inputs": {
                "host": {
                  "connectionName": "shared_sharepointonline_2",
                  "operationId": "GetItems",
                  "apiId": "/providers/Microsoft.PowerApps/apis/shared_sharepointonline"
                },
                "parameters": {
                  "dataset": "@parameters('Site Contract Development - https://hptvn.sharepoint.com/teams/mppdev/contract (contract_shared_sharepointonline_ba8a92bb5f984c4a9e12b8ebbe150b7e)')",
                  "table": "@parameters('List Data HD kế hoạch triển khai (contract_shared_sharepointonline_334dfaa6f1b3477fa5908497f459756a)')",
                  "$filter": "TinhTrang eq 'Đến hạn' and IDHopDong eq @{items('Apply_to_each_Status_DenHan')?['IDHopDong']}",
                  "$orderby": "ID desc"
                },
                "authentication": "@parameters('$authentication')"
              },
              "runtimeConfiguration": {
                "paginationPolicy": {
                  "minimumItemCount": 5000
                }
              }
            },
            "Get_item_Status_DenHan": {
              "runAfter": {
                "Get_item_DenHan": [
                  "Succeeded"
                ]
              },
              "metadata": {
                "operationMetadataId": "2973b294-4893-4f39-b084-442f165b593c"
              },
              "type": "OpenApiConnection",
              "inputs": {
                "host": {
                  "connectionName": "shared_sharepointonline",
                  "operationId": "GetItem",
                  "apiId": "/providers/Microsoft.PowerApps/apis/shared_sharepointonline"
                },
                "parameters": {
                  "dataset": "@parameters('Site Contract Development - https://hptvn.sharepoint.com/teams/mppdev/contract (contract_shared_sharepointonline_ba8a92bb5f984c4a9e12b8ebbe150b7e)')",
                  "table": "@parameters('List Data Contract (contract_shared_sharepointonline_af7e0287396a4264bf84ac3bb4d1bb35)')",
                  "id": "@items('Apply_to_each_Status_DenHan')?['IDHopDong']"
                },
                "authentication": "@parameters('$authentication')"
              }
            }
          },
          "runAfter": {
            "Apply_to_each_Status_HoanTat": [
              "Succeeded"
            ]
          },
          "metadata": {
            "operationMetadataId": "1c591586-f211-4d78-9d31-861ad51228d7"
          },
          "type": "Foreach"
        }
      }
    },
    "templateName": ""
  },
  "schemaVersion": "1.0.0.0"
}