{
  "properties": {
    "connectionReferences": {
      "shared_sharepointonline_1": {
        "runtimeSource": "embedded",
        "connection": {
          "connectionReferenceLogicalName": "contract_sharedsharepointonline_5ddc3"
        },
        "api": {
          "name": "shared_sharepointonline"
        }
      },
      "shared_office365_1": {
        "runtimeSource": "embedded",
        "connection": {
          "connectionReferenceLogicalName": "contract_sharedoffice365_69327"
        },
        "api": {
          "name": "shared_office365"
        }
      }
    },
    "definition": {
      "$schema": "https://schema.management.azure.com/providers/Microsoft.Logic/schemas/2016-06-01/workflowdefinition.json#",
      "contentVersion": "1.0.0.0",
      "parameters": {
        "$connections": {
          "defaultValue": {},
          "type": "Object"
        },
        "$authentication": {
          "defaultValue": {},
          "type": "SecureObject"
        },
        "Site Contract Development - https://hptvn.sharepoint.com/teams/mppdev/contract (contract_shared_sharepointonline_ba8a92bb5f984c4a9e12b8ebbe150b7e)": {
          "defaultValue": "https://hptvn.sharepoint.com/teams/mppdev/contract",
          "type": "String",
          "metadata": {
            "schemaName": "contract_shared_sharepointonline_ba8a92bb5f984c4a9e12b8ebbe150b7e"
          }
        },
        "List Data Contract (contract_shared_sharepointonline_af7e0287396a4264bf84ac3bb4d1bb35)": {
          "defaultValue": "3f1d5884-1363-4877-a3a6-87eea2435b5e",
          "type": "String",
          "metadata": {
            "schemaName": "contract_shared_sharepointonline_af7e0287396a4264bf84ac3bb4d1bb35"
          }
        },
        "List Data Lịch thanh toán (new_shared_sharepointonline_5f4b15a58b9046d4b7f82734d3274b93)": {
          "defaultValue": "091f36f1-bf80-4e87-bba9-d457bdc2f66f",
          "type": "String",
          "metadata": {
            "schemaName": "new_shared_sharepointonline_5f4b15a58b9046d4b7f82734d3274b93"
          }
        }
      },
      "triggers": {
        "Recurrence": {
          "recurrence": {
            "frequency": "Day",
            "interval": 1,
            "startTime": "2024-07-29T03:00:00Z"
          },
          "metadata": {
            "operationMetadataId": "552b4e8d-4f7b-481f-8668-7063327641bd"
          },
          "type": "Recurrence"
        }
      },
      "actions": {
        "Get_items_Contract": {
          "runAfter": {},
          "metadata": {
            "operationMetadataId": "1ed2ce44-e0dd-40da-94b8-a23ae4b605c2"
          },
          "type": "OpenApiConnection",
          "inputs": {
            "host": {
              "connectionName": "shared_sharepointonline_1",
              "operationId": "GetItems",
              "apiId": "/providers/Microsoft.PowerApps/apis/shared_sharepointonline"
            },
            "parameters": {
              "dataset": "@parameters('Site Contract Development - https://hptvn.sharepoint.com/teams/mppdev/contract (contract_shared_sharepointonline_ba8a92bb5f984c4a9e12b8ebbe150b7e)')",
              "table": "@parameters('List Data Contract (contract_shared_sharepointonline_af7e0287396a4264bf84ac3bb4d1bb35)')",
              "$filter": "NgayTaiKyHD ge '@{formatDateTime(utcNow(),'yyyy-MM-dd')}' and NgayTaiKyHD le '@{addDays(utcNow(),10,'yyyy-MM-dd')}'",
              "$orderby": "ID desc"
            },
            "authentication": "@parameters('$authentication')"
          },
          "runtimeConfiguration": {
            "paginationPolicy": {
              "minimumItemCount": 5000
            }
          }
        },
        "Apply_to_each": {
          "foreach": "@outputs('Get_items_Contract')?['body/value']",
          "actions": {
            "Get_items_Phase": {
              "runAfter": {},
              "metadata": {
                "operationMetadataId": "b7679de2-a887-427e-919f-48f9a64f1f0d"
              },
              "type": "OpenApiConnection",
              "inputs": {
                "host": {
                  "connectionName": "shared_sharepointonline_1",
                  "operationId": "GetItems",
                  "apiId": "/providers/Microsoft.PowerApps/apis/shared_sharepointonline"
                },
                "parameters": {
                  "dataset": "@parameters('Site Contract Development - https://hptvn.sharepoint.com/teams/mppdev/contract (contract_shared_sharepointonline_ba8a92bb5f984c4a9e12b8ebbe150b7e)')",
                  "table": "@parameters('List Data Lịch thanh toán (new_shared_sharepointonline_5f4b15a58b9046d4b7f82734d3274b93)')",
                  "$filter": "IDHopDong eq @{items('Apply_to_each')?['ID']}",
                  "$orderby": "ID desc"
                },
                "authentication": "@parameters('$authentication')"
              },
              "runtimeConfiguration": {
                "paginationPolicy": {
                  "minimumItemCount": 5000
                }
              }
            },
            "Select": {
              "runAfter": {
                "Get_items_Phase": [
                  "Succeeded"
                ]
              },
              "metadata": {
                "operationMetadataId": "76045aea-e3d3-4f18-8977-6c329835da9c"
              },
              "type": "Select",
              "inputs": {
                "from": "@outputs('Get_items_Phase')?['body/value']",
                "select": {
                  "Nội dung thanh toán": "@item()?['Title']",
                  "Số hóa đơn": "@item()?['SoHoaDon']",
                  "Giá trị dự kiến": "@formatNumber(item()?['GiaTriDuKien'], 'N0', 'en-US')\r\n",
                  "Giá trị thực tế": "@formatNumber(item()?['GiaTriThucTe'], 'N0', 'en-US')\r\n",
                  "Ngày dự kiến XHĐ": "@if(\r\n    and(\r\n        not(equals(item()?['NgayDuKienXHD'], null)),\r\n        not(empty(item()?['NgayDuKienXHD']))\r\n    ),\r\n    formatDateTime(item()?['NgayDuKienXHD'],'dd/MM/yyyy'),\r\n    null\r\n)",
                  "Ngày thực tế XHĐ": "@if(\r\n    and(\r\n        not(equals(item()?['NgayThucTeXH_x0110_'], null)),\r\n        not(empty(item()?['NgayThucTeXH_x0110_']))\r\n    ),\r\n    formatDateTime(item()?['NgayThucTeXH_x0110_'],'dd/MM/yyyy'),\r\n    null\r\n)",
                  "Tình trạng": "@item()?['TinhTrang/Value']"
                }
              }
            },
            "Create_HTML_table": {
              "runAfter": {
                "Select": [
                  "Succeeded"
                ]
              },
              "metadata": {
                "operationMetadataId": "f561d158-6dcf-46ac-95db-6483e5a2642c"
              },
              "type": "Table",
              "inputs": {
                "from": "@body('Select')",
                "format": "HTML"
              }
            },
            "Compose": {
              "runAfter": {
                "Create_HTML_table": [
                  "Succeeded"
                ]
              },
              "metadata": {
                "operationMetadataId": "ada5c92c-a9cc-41f8-b028-61a944009e75"
              },
              "type": "Compose",
              "inputs": "<style>\n  table {\n    border: 1px solid #1C6EA4;\n    background-color: #EEEEEE;\n    width: 100%;\n    text-align: left;\n    border-collapse: collapse;\n  }\n  table td, table th {\n    border: 1px solid #AAAAAA;\n    padding: 3px 2px;\n  }\n  table tbody td {\n    font-size: 13px;\n  }\n  table thead {\n    background: #1C6EA4;\n    border-bottom: 2px solid #444444;\n  }\n  table thead th {\n    font-size: 15px;\n    font-weight: bold;\n    color: #FFFFFF;\n    border-left: 2px solid #D0E4F5;\n  }\n  table thead th:first-child {\n    border-left: none;\n  }\n  .lbltotalprice{\n  color: #ff0000;\n   font-size: 15px;\n  }\n  .totalprice{\n  background: #1C6EA4;\n    border: 2px solid #444444;\n   font-size: 13px;\n  }\n  </style>\n<h2 style=\"text-align: center;\">HỢP ĐỒNG</h2>\n<table>\n  <tr>\n    <td>Số hợp đồng: @{items('Apply_to_each')?['Title']}</td>\n    <td>Mô tả thiết, dịch vụ: @{items('Apply_to_each')?['MoTaTBDV']}</td>\n  </tr>\n<tr>\n    <td>Mã vụ việc: @{items('Apply_to_each')?['MaVuViec']}</td>\n    <td>Mã hợp đồng: @{items('Apply_to_each')?['MaHopDong']}</td>\n  </tr>\n<tr>\n    <td>Kỹ thuật: @{items('Apply_to_each')?['KyThuat/DisplayName']}</td>\n    <td>Phòng kỹ thuật: @{items('Apply_to_each')?['PhongKyThuat/Value']}</td>\n  </tr>\n<tr>\n    <td>Khách hàng: @{items('Apply_to_each')?['KhachHang/Value']}</td>\n    <td>Sản phẩm dịch vụ: @{items('Apply_to_each')?['SanPhamDichVu/Value']}</td>\n  </tr>\n  <tr>\n    <td>Ngày ký hợp đồng: @{if(\r\n    and(\r\n        not(equals(items('Apply_to_each')?['NgayKyHD'], null)),\r\n        not(empty(items('Apply_to_each')?['NgayKyHD']))\r\n    ),\r\n    formatDateTime(items('Apply_to_each')?['NgayKyHD'],'dd/MM/yyyy'),\r\n    null\r\n)}</td>\n    <td>Ngày kết thúc dịch vụ: @{if(\r\n    and(\r\n        not(equals(items('Apply_to_each')?['NgayKetThucDichVu'], null)),\r\n        not(empty(items('Apply_to_each')?['NgayKetThucDichVu']))\r\n    ),\r\n    formatDateTime(items('Apply_to_each')?['NgayKetThucDichVu'],'dd/MM/yyyy'),\r\n    null\r\n)}</td>\n  </tr>\n  \n</table>"
            },
            "Send_an_email_(V2)": {
              "runAfter": {
                "Compose": [
                  "Succeeded"
                ]
              },
              "metadata": {
                "operationMetadataId": "164a8596-fd47-4739-8b6b-b4b8aab726e0"
              },
              "type": "OpenApiConnection",
              "inputs": {
                "host": {
                  "connectionName": "shared_office365_1",
                  "operationId": "SendEmailV2",
                  "apiId": "/providers/Microsoft.PowerApps/apis/shared_office365"
                },
                "parameters": {
                  "emailMessage/To": "@items('Apply_to_each')?['NguoiTao/Email']",
                  "emailMessage/Subject": "HỢP ĐỒNG SỐ @{toUpper(items('Apply_to_each')?['Title'])} SẮP HẾT HẠN HỢP ĐỒNG",
                  "emailMessage/Body": "<p><strong>Kính gửi Anh/Chị,</strong><br>\n<br>\nHợp đồng số <strong></strong><strong>@{items('Apply_to_each')?['Title']}</strong><strong> </strong>được ký kết vào ngày @{formatDateTime(items('Apply_to_each')?['NgayKyHD'],'dd/MM/yyyy')} được tạo bởi <strong></strong><strong>@{items('Apply_to_each')?['NguoiTao/DisplayName']}</strong><strong></strong>sắp hết hạn hợp đồng. Dưới đây là thông tin chi tiết:<br>\n<br>\n@{outputs('Compose')}<br>\n<br>\nMọi chi tiết thắc mắc cần hỗ trợ, Anh/Chị vui lòng liên hệ:<br>\nEmail: @{items('Apply_to_each')?['NguoiTao/Email']}<br>\nTrân trọng!</p>",
                  "emailMessage/Importance": "Normal"
                },
                "authentication": "@parameters('$authentication')"
              }
            }
          },
          "runAfter": {
            "Get_items_Contract": [
              "Succeeded"
            ]
          },
          "metadata": {
            "operationMetadataId": "6e5b537c-b6fa-4a09-9085-5cdec7bb1635"
          },
          "type": "Foreach"
        }
      }
    },
    "templateName": ""
  },
  "schemaVersion": "1.0.0.0"
}