{
  "properties": {
    "connectionReferences": {
      "shared_sharepointonline_1": {
        "runtimeSource": "embedded",
        "connection": {
          "connectionReferenceLogicalName": "contract_sharedsharepointonline_5ddc3"
        },
        "api": {
          "name": "shared_sharepointonline"
        }
      }
    },
    "definition": {
      "$schema": "https://schema.management.azure.com/providers/Microsoft.Logic/schemas/2016-06-01/workflowdefinition.json#",
      "contentVersion": "1.0.0.0",
      "parameters": {
        "$connections": {
          "defaultValue": {},
          "type": "Object"
        },
        "$authentication": {
          "defaultValue": {},
          "type": "SecureObject"
        },
        "Site Contract Development - https://hptvn.sharepoint.com/teams/mppdev/contract (contract_shared_sharepointonline_ba8a92bb5f984c4a9e12b8ebbe150b7e)": {
          "defaultValue": "https://hptvn.sharepoint.com/teams/mppdev/contract",
          "type": "String",
          "metadata": {
            "schemaName": "contract_shared_sharepointonline_ba8a92bb5f984c4a9e12b8ebbe150b7e"
          }
        },
        "List Data Contract (contract_shared_sharepointonline_af7e0287396a4264bf84ac3bb4d1bb35)": {
          "defaultValue": "3f1d5884-1363-4877-a3a6-87eea2435b5e",
          "type": "String",
          "metadata": {
            "schemaName": "contract_shared_sharepointonline_af7e0287396a4264bf84ac3bb4d1bb35"
          }
        }
      },
      "triggers": {
        "Recurrence": {
          "recurrence": {
            "frequency": "Day",
            "interval": 1,
            "startTime": "2024-07-30T03:00:00Z"
          },
          "metadata": {
            "operationMetadataId": "98ea781b-06fa-45fe-91a7-e95fa41f5ed9"
          },
          "type": "Recurrence"
        }
      },
      "actions": {
        "Get_items_Set_Status_DenHan": {
          "runAfter": {
            "Get_items_Set_Status_Nghiemthu": [
              "Succeeded"
            ]
          },
          "metadata": {
            "operationMetadataId": "cec8f6e5-5712-4bcc-b996-92bda2b52b43"
          },
          "type": "OpenApiConnection",
          "inputs": {
            "host": {
              "connectionName": "shared_sharepointonline_1",
              "operationId": "GetItems",
              "apiId": "/providers/Microsoft.PowerApps/apis/shared_sharepointonline"
            },
            "parameters": {
              "dataset": "@parameters('Site Contract Development - https://hptvn.sharepoint.com/teams/mppdev/contract (contract_shared_sharepointonline_ba8a92bb5f984c4a9e12b8ebbe150b7e)')",
              "table": "@parameters('List Data Contract (contract_shared_sharepointonline_af7e0287396a4264bf84ac3bb4d1bb35)')",
              "$filter": "TinhHinhTaiKy eq null and NgayKetThucDichVu eq '@{addDays(utcNow(),30,'yyyy-MM-dd')}'"
            },
            "authentication": "@parameters('$authentication')"
          }
        },
        "Get_items_Set_Status_QuaHan": {
          "runAfter": {
            "Get_items_Set_Status_DenHan": [
              "Succeeded"
            ]
          },
          "metadata": {
            "operationMetadataId": "cec8f6e5-5712-4bcc-b996-92bda2b52b43"
          },
          "type": "OpenApiConnection",
          "inputs": {
            "host": {
              "connectionName": "shared_sharepointonline_1",
              "operationId": "GetItems",
              "apiId": "/providers/Microsoft.PowerApps/apis/shared_sharepointonline"
            },
            "parameters": {
              "dataset": "@parameters('Site Contract Development - https://hptvn.sharepoint.com/teams/mppdev/contract (contract_shared_sharepointonline_ba8a92bb5f984c4a9e12b8ebbe150b7e)')",
              "table": "@parameters('List Data Contract (contract_shared_sharepointonline_af7e0287396a4264bf84ac3bb4d1bb35)')",
              "$filter": "TinhHinhTaiKy eq null and NgayKetThucDichVu le '@{utcNow()}'"
            },
            "authentication": "@parameters('$authentication')"
          }
        },
        "Get_items_Set_Status_Nghiemthu": {
          "runAfter": {},
          "metadata": {
            "operationMetadataId": "cec8f6e5-5712-4bcc-b996-92bda2b52b43"
          },
          "type": "OpenApiConnection",
          "inputs": {
            "host": {
              "connectionName": "shared_sharepointonline_1",
              "operationId": "GetItems",
              "apiId": "/providers/Microsoft.PowerApps/apis/shared_sharepointonline"
            },
            "parameters": {
              "dataset": "@parameters('Site Contract Development - https://hptvn.sharepoint.com/teams/mppdev/contract (contract_shared_sharepointonline_ba8a92bb5f984c4a9e12b8ebbe150b7e)')",
              "table": "@parameters('List Data Contract (contract_shared_sharepointonline_af7e0287396a4264bf84ac3bb4d1bb35)')",
              "$filter": "TinhHinhTaiKy ne null "
            },
            "authentication": "@parameters('$authentication')"
          }
        },
        "Apply_to_each_Set_Status_NghiemThu": {
          "foreach": "@outputs('Get_items_Set_Status_Nghiemthu')?['body/value']",
          "actions": {
            "Update_item": {
              "runAfter": {},
              "metadata": {
                "operationMetadataId": "e9046749-8c37-4bd4-98b3-6cbea3122c8d"
              },
              "type": "OpenApiConnection",
              "inputs": {
                "host": {
                  "connectionName": "shared_sharepointonline_1",
                  "operationId": "PatchItem",
                  "apiId": "/providers/Microsoft.PowerApps/apis/shared_sharepointonline"
                },
                "parameters": {
                  "dataset": "@parameters('Site Contract Development - https://hptvn.sharepoint.com/teams/mppdev/contract (contract_shared_sharepointonline_ba8a92bb5f984c4a9e12b8ebbe150b7e)')",
                  "table": "@parameters('List Data Contract (contract_shared_sharepointonline_af7e0287396a4264bf84ac3bb4d1bb35)')",
                  "id": "@items('Apply_to_each_Set_Status_NghiemThu')?['ID']",
                  "item/TrangThai/Value": "Nghiệm thu"
                },
                "authentication": "@parameters('$authentication')"
              }
            }
          },
          "runAfter": {
            "Get_items_Set_Status_QuaHan": [
              "Succeeded"
            ]
          },
          "metadata": {
            "operationMetadataId": "f1c11203-02c5-4c6b-ad53-0c8cfda5a374"
          },
          "type": "Foreach"
        },
        "Apply_to_each_Set_Status_DenHan": {
          "foreach": "@outputs('Get_items_Set_Status_DenHan')?['body/value']",
          "actions": {
            "Update_item_2": {
              "runAfter": {},
              "metadata": {
                "operationMetadataId": "079df57c-5dee-49ac-9bfa-99ee2afed556"
              },
              "type": "OpenApiConnection",
              "inputs": {
                "host": {
                  "connectionName": "shared_sharepointonline_1",
                  "operationId": "PatchItem",
                  "apiId": "/providers/Microsoft.PowerApps/apis/shared_sharepointonline"
                },
                "parameters": {
                  "dataset": "@parameters('Site Contract Development - https://hptvn.sharepoint.com/teams/mppdev/contract (contract_shared_sharepointonline_ba8a92bb5f984c4a9e12b8ebbe150b7e)')",
                  "table": "@parameters('List Data Contract (contract_shared_sharepointonline_af7e0287396a4264bf84ac3bb4d1bb35)')",
                  "id": "@items('Apply_to_each_Set_Status_DenHan')?['ID']",
                  "item/TrangThai/Value": "Đến hạn"
                },
                "authentication": "@parameters('$authentication')"
              }
            }
          },
          "runAfter": {
            "Apply_to_each_Set_Status_NghiemThu": [
              "Succeeded"
            ]
          },
          "metadata": {
            "operationMetadataId": "a0e1c161-37fb-4ad2-ad22-67533d35c986"
          },
          "type": "Foreach"
        },
        "Apply_to_each_Set_Status_QuaHan": {
          "foreach": "@outputs('Get_items_Set_Status_QuaHan')?['body/value']",
          "actions": {
            "Update_item_3": {
              "runAfter": {},
              "metadata": {
                "operationMetadataId": "2a3e1a9c-bb72-4b57-9e78-976f87399b71"
              },
              "type": "OpenApiConnection",
              "inputs": {
                "host": {
                  "connectionName": "shared_sharepointonline_1",
                  "operationId": "PatchItem",
                  "apiId": "/providers/Microsoft.PowerApps/apis/shared_sharepointonline"
                },
                "parameters": {
                  "dataset": "@parameters('Site Contract Development - https://hptvn.sharepoint.com/teams/mppdev/contract (contract_shared_sharepointonline_ba8a92bb5f984c4a9e12b8ebbe150b7e)')",
                  "table": "@parameters('List Data Contract (contract_shared_sharepointonline_af7e0287396a4264bf84ac3bb4d1bb35)')",
                  "id": "@items('Apply_to_each_Set_Status_QuaHan')?['ID']",
                  "item/TrangThai/Value": "Quá hạn"
                },
                "authentication": "@parameters('$authentication')"
              }
            }
          },
          "runAfter": {
            "Apply_to_each_Set_Status_DenHan": [
              "Succeeded"
            ]
          },
          "metadata": {
            "operationMetadataId": "97824179-1686-43a7-b3ce-ba9cd5fb1990"
          },
          "type": "Foreach"
        }
      }
    },
    "templateName": ""
  },
  "schemaVersion": "1.0.0.0"
}