<environmentvariabledefinition schemaname="contract_shared_sharepointonline_2a1abf6c6a234c38bcbaafb1a16fbee4">
  <apiid>/providers/microsoft.powerapps/apis/shared_sharepointonline</apiid>
  <displayname default="List Data Khách hàng mới">
    <label description="List Data Khách hàng mới" languagecode="1033" />
  </displayname>
  <introducedversion>1.0.0.5</introducedversion>
  <iscustomizable>1</iscustomizable>
  <isrequired>0</isrequired>
  <parameterkey>table</parameterkey>
  <parentdefinitionid>
    <schemaname>contract_shared_sharepointonline_ba8a92bb5f984c4a9e12b8ebbe150b7e</schemaname>
  </parentdefinitionid>
  <secretstore>0</secretstore>
  <type>100000004</type>
</environmentvariabledefinition>