<ImportExportXml xmlns:xsi="http://www.w3.org/2001/XMLSchema-instance" OrganizationVersion="9.2.25032.228" OrganizationSchemaType="Standard" CRMServerServiceabilityVersion="9.2.25033.00232">
  <Entities></Entities>
  <Roles></Roles>
  <Workflows>
    <Workflow WorkflowId="{fcce0b4d-6d0f-f011-9988-000d3a315cad}" Name="Contract_due_invoice">
      <JsonFileName>/Workflows/Contract_due_invoice-FCCE0B4D-6D0F-F011-9988-000D3A315CAD.json</JsonFileName>
      <Type>1</Type>
      <Subprocess>0</Subprocess>
      <Category>5</Category>
      <Mode>0</Mode>
      <Scope>4</Scope>
      <OnDemand>0</OnDemand>
      <TriggerOnCreate>0</TriggerOnCreate>
      <TriggerOnDelete>0</TriggerOnDelete>
      <AsyncAutodelete>0</AsyncAutodelete>
      <SyncWorkflowLogOnFailure>0</SyncWorkflowLogOnFailure>
      <StateCode>0</StateCode>
      <StatusCode>1</StatusCode>
      <RunAs>1</RunAs>
      <IsTransacted>1</IsTransacted>
      <IntroducedVersion>1.0.0.33</IntroducedVersion>
      <IsCustomizable>1</IsCustomizable>
      <BusinessProcessType>0</BusinessProcessType>
      <IsCustomProcessingStepAllowedForOtherPublishers>1</IsCustomProcessingStepAllowedForOtherPublishers>
      <ModernFlowType>0</ModernFlowType>
      <PrimaryEntity>none</PrimaryEntity>
      <LocalizedNames>
        <LocalizedName languagecode="1033" description="Contract_due_invoice" />
      </LocalizedNames>
    </Workflow>
    <Workflow WorkflowId="{b9450ea5-7e16-f011-998a-000d3a315cad}" Name="Contract_SendActualRevenueMonth">
      <JsonFileName>/Workflows/Contract_SendActualRevenueMonth-B9450EA5-7E16-F011-998A-000D3A315CAD.json</JsonFileName>
      <Type>1</Type>
      <Subprocess>0</Subprocess>
      <Category>5</Category>
      <Mode>0</Mode>
      <Scope>4</Scope>
      <OnDemand>0</OnDemand>
      <TriggerOnCreate>0</TriggerOnCreate>
      <TriggerOnDelete>0</TriggerOnDelete>
      <AsyncAutodelete>0</AsyncAutodelete>
      <SyncWorkflowLogOnFailure>0</SyncWorkflowLogOnFailure>
      <StateCode>0</StateCode>
      <StatusCode>1</StatusCode>
      <RunAs>1</RunAs>
      <IsTransacted>1</IsTransacted>
      <IntroducedVersion>1.0.0.37</IntroducedVersion>
      <IsCustomizable>1</IsCustomizable>
      <BusinessProcessType>0</BusinessProcessType>
      <IsCustomProcessingStepAllowedForOtherPublishers>1</IsCustomProcessingStepAllowedForOtherPublishers>
      <ModernFlowType>0</ModernFlowType>
      <PrimaryEntity>none</PrimaryEntity>
      <LocalizedNames>
        <LocalizedName languagecode="1033" description="Contract_SendActualRevenueMonth" />
      </LocalizedNames>
    </Workflow>
    <Workflow WorkflowId="{82cd6555-d718-f011-998a-000d3a315cad}" Name="Contract_AutoSendMonthlyRevenueReport">
      <JsonFileName>/Workflows/Contract_AutoSendMonthlyRevenueReport-82CD6555-D718-F011-998A-000D3A315CAD.json</JsonFileName>
      <Type>1</Type>
      <Subprocess>0</Subprocess>
      <Category>5</Category>
      <Mode>0</Mode>
      <Scope>4</Scope>
      <OnDemand>0</OnDemand>
      <TriggerOnCreate>0</TriggerOnCreate>
      <TriggerOnDelete>0</TriggerOnDelete>
      <AsyncAutodelete>0</AsyncAutodelete>
      <SyncWorkflowLogOnFailure>0</SyncWorkflowLogOnFailure>
      <StateCode>1</StateCode>
      <StatusCode>2</StatusCode>
      <RunAs>1</RunAs>
      <IsTransacted>1</IsTransacted>
      <IntroducedVersion>1.0.0.37</IntroducedVersion>
      <IsCustomizable>1</IsCustomizable>
      <BusinessProcessType>0</BusinessProcessType>
      <IsCustomProcessingStepAllowedForOtherPublishers>1</IsCustomProcessingStepAllowedForOtherPublishers>
      <ModernFlowType>0</ModernFlowType>
      <PrimaryEntity>none</PrimaryEntity>
      <LocalizedNames>
        <LocalizedName languagecode="1033" description="Contract_AutoSendMonthlyRevenueReport" />
      </LocalizedNames>
    </Workflow>
    <Workflow WorkflowId="{8a96b101-8b0b-f011-bae1-000d3a315cad}" Name="Contract_SendMailAccountingV1">
      <JsonFileName>/Workflows/Contract_SendMailAccountingV1-8A96B101-8B0B-F011-BAE1-000D3A315CAD.json</JsonFileName>
      <Type>1</Type>
      <Subprocess>0</Subprocess>
      <Category>5</Category>
      <Mode>0</Mode>
      <Scope>4</Scope>
      <OnDemand>0</OnDemand>
      <TriggerOnCreate>0</TriggerOnCreate>
      <TriggerOnDelete>0</TriggerOnDelete>
      <AsyncAutodelete>0</AsyncAutodelete>
      <SyncWorkflowLogOnFailure>0</SyncWorkflowLogOnFailure>
      <StateCode>1</StateCode>
      <StatusCode>2</StatusCode>
      <RunAs>1</RunAs>
      <IsTransacted>1</IsTransacted>
      <IntroducedVersion>1.0.0.30</IntroducedVersion>
      <IsCustomizable>1</IsCustomizable>
      <BusinessProcessType>0</BusinessProcessType>
      <IsCustomProcessingStepAllowedForOtherPublishers>1</IsCustomProcessingStepAllowedForOtherPublishers>
      <ModernFlowType>0</ModernFlowType>
      <PrimaryEntity>none</PrimaryEntity>
      <LocalizedNames>
        <LocalizedName languagecode="1033" description="Contract_SendMailAccountingV1" />
      </LocalizedNames>
    </Workflow>
    <Workflow WorkflowId="{0f70c8af-7b00-f011-bae2-000d3a315cad}" Name="Contract_ExportHDV2_Backup">
      <JsonFileName>/Workflows/Contract_ExportHDV2_Backup-0F70C8AF-7B00-F011-BAE2-000D3A315CAD.json</JsonFileName>
      <Type>1</Type>
      <Subprocess>0</Subprocess>
      <Category>5</Category>
      <Mode>0</Mode>
      <Scope>4</Scope>
      <OnDemand>0</OnDemand>
      <TriggerOnCreate>0</TriggerOnCreate>
      <TriggerOnDelete>0</TriggerOnDelete>
      <AsyncAutodelete>0</AsyncAutodelete>
      <SyncWorkflowLogOnFailure>0</SyncWorkflowLogOnFailure>
      <StateCode>1</StateCode>
      <StatusCode>2</StatusCode>
      <RunAs>1</RunAs>
      <IsTransacted>1</IsTransacted>
      <IntroducedVersion>1.0.0.26</IntroducedVersion>
      <IsCustomizable>1</IsCustomizable>
      <BusinessProcessType>0</BusinessProcessType>
      <IsCustomProcessingStepAllowedForOtherPublishers>1</IsCustomProcessingStepAllowedForOtherPublishers>
      <ModernFlowType>0</ModernFlowType>
      <PrimaryEntity>none</PrimaryEntity>
      <LocalizedNames>
        <LocalizedName languagecode="1033" description="Contract_ExportHDV2_Backup" />
      </LocalizedNames>
    </Workflow>
    <Workflow WorkflowId="{dfdc54b4-0e65-ef11-bfe2-000d3a3611f4}" Name="Contract_CargoReminder">
      <JsonFileName>/Workflows/Contract_CargoReminder-DFDC54B4-0E65-EF11-BFE2-000D3A3611F4.json</JsonFileName>
      <Type>1</Type>
      <Subprocess>0</Subprocess>
      <Category>5</Category>
      <Mode>0</Mode>
      <Scope>4</Scope>
      <OnDemand>0</OnDemand>
      <TriggerOnCreate>0</TriggerOnCreate>
      <TriggerOnDelete>0</TriggerOnDelete>
      <AsyncAutodelete>0</AsyncAutodelete>
      <SyncWorkflowLogOnFailure>0</SyncWorkflowLogOnFailure>
      <StateCode>1</StateCode>
      <StatusCode>2</StatusCode>
      <RunAs>1</RunAs>
      <IsTransacted>1</IsTransacted>
      <IntroducedVersion>1.0.0.9</IntroducedVersion>
      <IsCustomizable>1</IsCustomizable>
      <BusinessProcessType>0</BusinessProcessType>
      <IsCustomProcessingStepAllowedForOtherPublishers>1</IsCustomProcessingStepAllowedForOtherPublishers>
      <PrimaryEntity>none</PrimaryEntity>
      <LocalizedNames>
        <LocalizedName languagecode="1033" description="Contract_CargoReminder" />
      </LocalizedNames>
    </Workflow>
    <Workflow WorkflowId="{5a38d949-8b37-ef11-8409-000d3a3baf9a}" Name="Contract_UploadFileContract">
      <JsonFileName>/Workflows/Contract_UploadFileContract-5A38D949-8B37-EF11-8409-000D3A3BAF9A.json</JsonFileName>
      <Type>1</Type>
      <Subprocess>0</Subprocess>
      <Category>5</Category>
      <Mode>0</Mode>
      <Scope>4</Scope>
      <OnDemand>0</OnDemand>
      <TriggerOnCreate>0</TriggerOnCreate>
      <TriggerOnDelete>0</TriggerOnDelete>
      <AsyncAutodelete>0</AsyncAutodelete>
      <SyncWorkflowLogOnFailure>0</SyncWorkflowLogOnFailure>
      <StateCode>1</StateCode>
      <StatusCode>2</StatusCode>
      <RunAs>1</RunAs>
      <IsTransacted>1</IsTransacted>
      <IntroducedVersion>1.0.0.0</IntroducedVersion>
      <IsCustomizable>1</IsCustomizable>
      <BusinessProcessType>0</BusinessProcessType>
      <IsCustomProcessingStepAllowedForOtherPublishers>1</IsCustomProcessingStepAllowedForOtherPublishers>
      <PrimaryEntity>none</PrimaryEntity>
      <LocalizedNames>
        <LocalizedName languagecode="1033" description="Contract_UploadFileContract" />
      </LocalizedNames>
    </Workflow>
    <Workflow WorkflowId="{811e4842-f438-ef11-8409-000d3a3baf9a}" Name="Contract_DeleteFileContract">
      <JsonFileName>/Workflows/Contract_DeleteFileContract-811E4842-F438-EF11-8409-000D3A3BAF9A.json</JsonFileName>
      <Type>1</Type>
      <Subprocess>0</Subprocess>
      <Category>5</Category>
      <Mode>0</Mode>
      <Scope>4</Scope>
      <OnDemand>0</OnDemand>
      <TriggerOnCreate>0</TriggerOnCreate>
      <TriggerOnDelete>0</TriggerOnDelete>
      <AsyncAutodelete>0</AsyncAutodelete>
      <SyncWorkflowLogOnFailure>0</SyncWorkflowLogOnFailure>
      <StateCode>1</StateCode>
      <StatusCode>2</StatusCode>
      <RunAs>1</RunAs>
      <IsTransacted>1</IsTransacted>
      <IntroducedVersion>1.0.0.1</IntroducedVersion>
      <IsCustomizable>1</IsCustomizable>
      <BusinessProcessType>0</BusinessProcessType>
      <IsCustomProcessingStepAllowedForOtherPublishers>1</IsCustomProcessingStepAllowedForOtherPublishers>
      <PrimaryEntity>none</PrimaryEntity>
      <LocalizedNames>
        <LocalizedName languagecode="1033" description="Contract_DeleteFileContract" />
      </LocalizedNames>
    </Workflow>
    <Workflow WorkflowId="{6708e9af-d347-ef11-a316-000d3a5ab55d}" Name="Contract_SendMailAddHDV1">
      <JsonFileName>/Workflows/Contract_SendMailAddHDV1-6708E9AF-D347-EF11-A316-000D3A5AB55D.json</JsonFileName>
      <Type>1</Type>
      <Subprocess>0</Subprocess>
      <Category>5</Category>
      <Mode>0</Mode>
      <Scope>4</Scope>
      <OnDemand>0</OnDemand>
      <TriggerOnCreate>0</TriggerOnCreate>
      <TriggerOnDelete>0</TriggerOnDelete>
      <AsyncAutodelete>0</AsyncAutodelete>
      <SyncWorkflowLogOnFailure>0</SyncWorkflowLogOnFailure>
      <StateCode>1</StateCode>
      <StatusCode>2</StatusCode>
      <RunAs>1</RunAs>
      <IsTransacted>1</IsTransacted>
      <IntroducedVersion>1.0.0.5</IntroducedVersion>
      <IsCustomizable>1</IsCustomizable>
      <BusinessProcessType>0</BusinessProcessType>
      <IsCustomProcessingStepAllowedForOtherPublishers>1</IsCustomProcessingStepAllowedForOtherPublishers>
      <PrimaryEntity>none</PrimaryEntity>
      <LocalizedNames>
        <LocalizedName languagecode="1033" description="Contract_SendMailAddHDV1" />
      </LocalizedNames>
    </Workflow>
    <Workflow WorkflowId="{479aaeaf-d547-ef11-a316-000d3a5ab55d}" Name="Contract_Delay">
      <JsonFileName>/Workflows/Contract_Delay-479AAEAF-D547-EF11-A316-000D3A5AB55D.json</JsonFileName>
      <Type>1</Type>
      <Subprocess>0</Subprocess>
      <Category>5</Category>
      <Mode>0</Mode>
      <Scope>4</Scope>
      <OnDemand>0</OnDemand>
      <TriggerOnCreate>0</TriggerOnCreate>
      <TriggerOnDelete>0</TriggerOnDelete>
      <AsyncAutodelete>0</AsyncAutodelete>
      <SyncWorkflowLogOnFailure>0</SyncWorkflowLogOnFailure>
      <StateCode>1</StateCode>
      <StatusCode>2</StatusCode>
      <RunAs>1</RunAs>
      <IsTransacted>1</IsTransacted>
      <IntroducedVersion>1.0.0.5</IntroducedVersion>
      <IsCustomizable>1</IsCustomizable>
      <BusinessProcessType>0</BusinessProcessType>
      <IsCustomProcessingStepAllowedForOtherPublishers>1</IsCustomProcessingStepAllowedForOtherPublishers>
      <PrimaryEntity>none</PrimaryEntity>
      <LocalizedNames>
        <LocalizedName languagecode="1033" description="Contract_Delay" />
      </LocalizedNames>
    </Workflow>
    <Workflow WorkflowId="{9570aa75-c448-ef11-a316-000d3a5ab55d}" Name="Contract_SendMailEditHDV1">
      <JsonFileName>/Workflows/Contract_SendMailEditHDV1-9570AA75-C448-EF11-A316-000D3A5AB55D.json</JsonFileName>
      <Type>1</Type>
      <Subprocess>0</Subprocess>
      <Category>5</Category>
      <Mode>0</Mode>
      <Scope>4</Scope>
      <OnDemand>0</OnDemand>
      <TriggerOnCreate>0</TriggerOnCreate>
      <TriggerOnDelete>0</TriggerOnDelete>
      <AsyncAutodelete>0</AsyncAutodelete>
      <SyncWorkflowLogOnFailure>0</SyncWorkflowLogOnFailure>
      <StateCode>0</StateCode>
      <StatusCode>1</StatusCode>
      <RunAs>1</RunAs>
      <IsTransacted>1</IsTransacted>
      <IntroducedVersion>1.0.0.5</IntroducedVersion>
      <IsCustomizable>1</IsCustomizable>
      <BusinessProcessType>0</BusinessProcessType>
      <IsCustomProcessingStepAllowedForOtherPublishers>1</IsCustomProcessingStepAllowedForOtherPublishers>
      <PrimaryEntity>none</PrimaryEntity>
      <LocalizedNames>
        <LocalizedName languagecode="1033" description="Contract_SendMailEditHDV1" />
      </LocalizedNames>
    </Workflow>
    <Workflow WorkflowId="{22a67fe2-264e-ef11-a316-000d3a5ab55d}" Name="Contract_UploadFileLegalDocument">
      <JsonFileName>/Workflows/Contract_UploadFileLegalDocument-22A67FE2-264E-EF11-A316-000D3A5AB55D.json</JsonFileName>
      <Type>1</Type>
      <Subprocess>0</Subprocess>
      <Category>5</Category>
      <Mode>0</Mode>
      <Scope>4</Scope>
      <OnDemand>0</OnDemand>
      <TriggerOnCreate>0</TriggerOnCreate>
      <TriggerOnDelete>0</TriggerOnDelete>
      <AsyncAutodelete>0</AsyncAutodelete>
      <SyncWorkflowLogOnFailure>0</SyncWorkflowLogOnFailure>
      <StateCode>1</StateCode>
      <StatusCode>2</StatusCode>
      <RunAs>1</RunAs>
      <IsTransacted>1</IsTransacted>
      <IntroducedVersion>1.0.0.5</IntroducedVersion>
      <IsCustomizable>1</IsCustomizable>
      <BusinessProcessType>0</BusinessProcessType>
      <IsCustomProcessingStepAllowedForOtherPublishers>1</IsCustomProcessingStepAllowedForOtherPublishers>
      <PrimaryEntity>none</PrimaryEntity>
      <LocalizedNames>
        <LocalizedName languagecode="1033" description="Contract_UploadFileLegalDocument" />
      </LocalizedNames>
    </Workflow>
    <Workflow WorkflowId="{34c50dbd-544e-ef11-a316-000d3a5ab55d}" Name="Contract_SetStatusContract">
      <JsonFileName>/Workflows/Contract_SetStatusContract-34C50DBD-544E-EF11-A316-000D3A5AB55D.json</JsonFileName>
      <Type>1</Type>
      <Subprocess>0</Subprocess>
      <Category>5</Category>
      <Mode>0</Mode>
      <Scope>4</Scope>
      <OnDemand>0</OnDemand>
      <TriggerOnCreate>0</TriggerOnCreate>
      <TriggerOnDelete>0</TriggerOnDelete>
      <AsyncAutodelete>0</AsyncAutodelete>
      <SyncWorkflowLogOnFailure>0</SyncWorkflowLogOnFailure>
      <StateCode>1</StateCode>
      <StatusCode>2</StatusCode>
      <RunAs>1</RunAs>
      <IsTransacted>1</IsTransacted>
      <IntroducedVersion>1.0.0.5</IntroducedVersion>
      <IsCustomizable>1</IsCustomizable>
      <BusinessProcessType>0</BusinessProcessType>
      <IsCustomProcessingStepAllowedForOtherPublishers>1</IsCustomProcessingStepAllowedForOtherPublishers>
      <PrimaryEntity>none</PrimaryEntity>
      <LocalizedNames>
        <LocalizedName languagecode="1033" description="Contract_SetStatusContract" />
      </LocalizedNames>
    </Workflow>
    <Workflow WorkflowId="{e427bff7-bb4f-ef11-a317-000d3a5ab55d}" Name="Contract_ReminderSendMailNewCustomer">
      <JsonFileName>/Workflows/Contract_ReminderSendMailNewCustomer-E427BFF7-BB4F-EF11-A317-000D3A5AB55D.json</JsonFileName>
      <Type>1</Type>
      <Subprocess>0</Subprocess>
      <Category>5</Category>
      <Mode>0</Mode>
      <Scope>4</Scope>
      <OnDemand>0</OnDemand>
      <TriggerOnCreate>0</TriggerOnCreate>
      <TriggerOnDelete>0</TriggerOnDelete>
      <AsyncAutodelete>0</AsyncAutodelete>
      <SyncWorkflowLogOnFailure>0</SyncWorkflowLogOnFailure>
      <StateCode>0</StateCode>
      <StatusCode>1</StatusCode>
      <RunAs>1</RunAs>
      <IsTransacted>1</IsTransacted>
      <IntroducedVersion>1.0.0.5</IntroducedVersion>
      <IsCustomizable>1</IsCustomizable>
      <BusinessProcessType>0</BusinessProcessType>
      <IsCustomProcessingStepAllowedForOtherPublishers>1</IsCustomProcessingStepAllowedForOtherPublishers>
      <PrimaryEntity>none</PrimaryEntity>
      <LocalizedNames>
        <LocalizedName languagecode="1033" description="Contract_ReminderSendMailNewCustomer" />
      </LocalizedNames>
    </Workflow>
    <Workflow WorkflowId="{64cbc3c0-a587-ef11-ac21-000d3a5d39b1}" Name="Contract_UploadFileRelated">
      <JsonFileName>/Workflows/Contract_UploadFileRelated-64CBC3C0-A587-EF11-AC21-000D3A5D39B1.json</JsonFileName>
      <Type>1</Type>
      <Subprocess>0</Subprocess>
      <Category>5</Category>
      <Mode>0</Mode>
      <Scope>4</Scope>
      <OnDemand>0</OnDemand>
      <TriggerOnCreate>0</TriggerOnCreate>
      <TriggerOnDelete>0</TriggerOnDelete>
      <AsyncAutodelete>0</AsyncAutodelete>
      <SyncWorkflowLogOnFailure>0</SyncWorkflowLogOnFailure>
      <StateCode>1</StateCode>
      <StatusCode>2</StatusCode>
      <RunAs>1</RunAs>
      <IsTransacted>1</IsTransacted>
      <IntroducedVersion>1.0.0.10</IntroducedVersion>
      <IsCustomizable>1</IsCustomizable>
      <BusinessProcessType>0</BusinessProcessType>
      <IsCustomProcessingStepAllowedForOtherPublishers>1</IsCustomProcessingStepAllowedForOtherPublishers>
      <PrimaryEntity>none</PrimaryEntity>
      <LocalizedNames>
        <LocalizedName languagecode="1033" description="Contract_UploadFileRelated" />
      </LocalizedNames>
    </Workflow>
    <Workflow WorkflowId="{7034389a-058a-ef11-ac21-000d3a5d39b1}" Name="Contract_UploadFileNDCK">
      <JsonFileName>/Workflows/Contract_UploadFileNDCK-7034389A-058A-EF11-AC21-000D3A5D39B1.json</JsonFileName>
      <Type>1</Type>
      <Subprocess>0</Subprocess>
      <Category>5</Category>
      <Mode>0</Mode>
      <Scope>4</Scope>
      <OnDemand>0</OnDemand>
      <TriggerOnCreate>0</TriggerOnCreate>
      <TriggerOnDelete>0</TriggerOnDelete>
      <AsyncAutodelete>0</AsyncAutodelete>
      <SyncWorkflowLogOnFailure>0</SyncWorkflowLogOnFailure>
      <StateCode>1</StateCode>
      <StatusCode>2</StatusCode>
      <RunAs>1</RunAs>
      <IsTransacted>1</IsTransacted>
      <IntroducedVersion>1.0.0.11</IntroducedVersion>
      <IsCustomizable>1</IsCustomizable>
      <BusinessProcessType>0</BusinessProcessType>
      <IsCustomProcessingStepAllowedForOtherPublishers>1</IsCustomProcessingStepAllowedForOtherPublishers>
      <PrimaryEntity>none</PrimaryEntity>
      <LocalizedNames>
        <LocalizedName languagecode="1033" description="Contract_UploadFileNDCK" />
      </LocalizedNames>
    </Workflow>
    <Workflow WorkflowId="{f12e10de-d08a-ef11-ac21-000d3a5d39b1}" Name="Contract_SetStatusKHTK">
      <JsonFileName>/Workflows/Contract_SetStatusKHTK-F12E10DE-D08A-EF11-AC21-000D3A5D39B1.json</JsonFileName>
      <Type>1</Type>
      <Subprocess>0</Subprocess>
      <Category>5</Category>
      <Mode>0</Mode>
      <Scope>4</Scope>
      <OnDemand>0</OnDemand>
      <TriggerOnCreate>0</TriggerOnCreate>
      <TriggerOnDelete>0</TriggerOnDelete>
      <AsyncAutodelete>0</AsyncAutodelete>
      <SyncWorkflowLogOnFailure>0</SyncWorkflowLogOnFailure>
      <StateCode>1</StateCode>
      <StatusCode>2</StatusCode>
      <RunAs>1</RunAs>
      <IsTransacted>1</IsTransacted>
      <IntroducedVersion>1.0.0.11</IntroducedVersion>
      <IsCustomizable>1</IsCustomizable>
      <BusinessProcessType>0</BusinessProcessType>
      <IsCustomProcessingStepAllowedForOtherPublishers>1</IsCustomProcessingStepAllowedForOtherPublishers>
      <PrimaryEntity>none</PrimaryEntity>
      <LocalizedNames>
        <LocalizedName languagecode="1033" description="Contract_SetStatusKHTK" />
      </LocalizedNames>
    </Workflow>
    <Workflow WorkflowId="{b2a9aa40-628f-ef11-ac21-000d3a5d39b1}" Name="Contract_3MonthMantain">
      <JsonFileName>/Workflows/Contract_3MonthMantain-B2A9AA40-628F-EF11-AC21-000D3A5D39B1.json</JsonFileName>
      <Type>1</Type>
      <Subprocess>0</Subprocess>
      <Category>5</Category>
      <Mode>0</Mode>
      <Scope>4</Scope>
      <OnDemand>0</OnDemand>
      <TriggerOnCreate>0</TriggerOnCreate>
      <TriggerOnDelete>0</TriggerOnDelete>
      <AsyncAutodelete>0</AsyncAutodelete>
      <SyncWorkflowLogOnFailure>0</SyncWorkflowLogOnFailure>
      <StateCode>0</StateCode>
      <StatusCode>1</StatusCode>
      <RunAs>1</RunAs>
      <IsTransacted>1</IsTransacted>
      <IntroducedVersion>1.0.0.11</IntroducedVersion>
      <IsCustomizable>1</IsCustomizable>
      <BusinessProcessType>0</BusinessProcessType>
      <IsCustomProcessingStepAllowedForOtherPublishers>1</IsCustomProcessingStepAllowedForOtherPublishers>
      <PrimaryEntity>none</PrimaryEntity>
      <LocalizedNames>
        <LocalizedName languagecode="1033" description="Contract_3MonthMantain" />
      </LocalizedNames>
    </Workflow>
    <Workflow WorkflowId="{9f634119-8aa8-ef11-b8e9-000d3a5d39b1}" Name="Contract_MailMaintenBefore1Week">
      <JsonFileName>/Workflows/Contract_MailMaintenBefore1Week-9F634119-8AA8-EF11-B8E9-000D3A5D39B1.json</JsonFileName>
      <Type>1</Type>
      <Subprocess>0</Subprocess>
      <Category>5</Category>
      <Mode>0</Mode>
      <Scope>4</Scope>
      <OnDemand>0</OnDemand>
      <TriggerOnCreate>0</TriggerOnCreate>
      <TriggerOnDelete>0</TriggerOnDelete>
      <AsyncAutodelete>0</AsyncAutodelete>
      <SyncWorkflowLogOnFailure>0</SyncWorkflowLogOnFailure>
      <StateCode>1</StateCode>
      <StatusCode>2</StatusCode>
      <RunAs>1</RunAs>
      <IsTransacted>1</IsTransacted>
      <IntroducedVersion>1.0.0.14</IntroducedVersion>
      <IsCustomizable>1</IsCustomizable>
      <BusinessProcessType>0</BusinessProcessType>
      <IsCustomProcessingStepAllowedForOtherPublishers>1</IsCustomProcessingStepAllowedForOtherPublishers>
      <PrimaryEntity>none</PrimaryEntity>
      <LocalizedNames>
        <LocalizedName languagecode="1033" description="Contract_MailMaintenBefore1Week" />
      </LocalizedNames>
    </Workflow>
    <Workflow WorkflowId="{01f5a420-74ad-ef11-b8e9-000d3a5d39b1}" Name="Contract_SendMailSurveyToCustomer">
      <JsonFileName>/Workflows/Contract_SendMailSurveyToCustomer-01F5A420-74AD-EF11-B8E9-000D3A5D39B1.json</JsonFileName>
      <Type>1</Type>
      <Subprocess>0</Subprocess>
      <Category>5</Category>
      <Mode>0</Mode>
      <Scope>4</Scope>
      <OnDemand>0</OnDemand>
      <TriggerOnCreate>0</TriggerOnCreate>
      <TriggerOnDelete>0</TriggerOnDelete>
      <AsyncAutodelete>0</AsyncAutodelete>
      <SyncWorkflowLogOnFailure>0</SyncWorkflowLogOnFailure>
      <StateCode>1</StateCode>
      <StatusCode>2</StatusCode>
      <RunAs>1</RunAs>
      <IsTransacted>1</IsTransacted>
      <IntroducedVersion>1.0.0.14</IntroducedVersion>
      <IsCustomizable>1</IsCustomizable>
      <BusinessProcessType>0</BusinessProcessType>
      <IsCustomProcessingStepAllowedForOtherPublishers>1</IsCustomProcessingStepAllowedForOtherPublishers>
      <PrimaryEntity>none</PrimaryEntity>
      <LocalizedNames>
        <LocalizedName languagecode="1033" description="Contract_SendMailSurveyToCustomer" />
      </LocalizedNames>
    </Workflow>
    <Workflow WorkflowId="{9611f294-12b6-ef11-b8e9-000d3a5d39b1}" Name="Contract_PhaseReminderV1">
      <JsonFileName>/Workflows/Contract_PhaseReminderV1-9611F294-12B6-EF11-B8E9-000D3A5D39B1.json</JsonFileName>
      <Type>1</Type>
      <Subprocess>0</Subprocess>
      <Category>5</Category>
      <Mode>0</Mode>
      <Scope>4</Scope>
      <OnDemand>0</OnDemand>
      <TriggerOnCreate>0</TriggerOnCreate>
      <TriggerOnDelete>0</TriggerOnDelete>
      <AsyncAutodelete>0</AsyncAutodelete>
      <SyncWorkflowLogOnFailure>0</SyncWorkflowLogOnFailure>
      <StateCode>1</StateCode>
      <StatusCode>2</StatusCode>
      <RunAs>1</RunAs>
      <IsTransacted>1</IsTransacted>
      <IntroducedVersion>1.0.0.17</IntroducedVersion>
      <IsCustomizable>1</IsCustomizable>
      <BusinessProcessType>0</BusinessProcessType>
      <IsCustomProcessingStepAllowedForOtherPublishers>1</IsCustomProcessingStepAllowedForOtherPublishers>
      <PrimaryEntity>none</PrimaryEntity>
      <LocalizedNames>
        <LocalizedName languagecode="1033" description="Contract_PhaseReminderV1" />
      </LocalizedNames>
    </Workflow>
    <Workflow WorkflowId="{19067dea-12b6-ef11-b8e9-000d3a5d39b1}" Name="Contract_ReminderMailContractV1">
      <JsonFileName>/Workflows/Contract_ReminderMailContractV1-19067DEA-12B6-EF11-B8E9-000D3A5D39B1.json</JsonFileName>
      <Type>1</Type>
      <Subprocess>0</Subprocess>
      <Category>5</Category>
      <Mode>0</Mode>
      <Scope>4</Scope>
      <OnDemand>0</OnDemand>
      <TriggerOnCreate>0</TriggerOnCreate>
      <TriggerOnDelete>0</TriggerOnDelete>
      <AsyncAutodelete>0</AsyncAutodelete>
      <SyncWorkflowLogOnFailure>0</SyncWorkflowLogOnFailure>
      <StateCode>1</StateCode>
      <StatusCode>2</StatusCode>
      <RunAs>1</RunAs>
      <IsTransacted>1</IsTransacted>
      <IntroducedVersion>1.0.0.17</IntroducedVersion>
      <IsCustomizable>1</IsCustomizable>
      <BusinessProcessType>0</BusinessProcessType>
      <IsCustomProcessingStepAllowedForOtherPublishers>1</IsCustomProcessingStepAllowedForOtherPublishers>
      <PrimaryEntity>none</PrimaryEntity>
      <LocalizedNames>
        <LocalizedName languagecode="1033" description="Contract_ReminderMailContractV1" />
      </LocalizedNames>
    </Workflow>
    <Workflow WorkflowId="{69a02b64-a4b7-ef11-b8e9-000d3a5d39b1}" Name="Contract_CreateItemToSurveyBuySellOrDeployV1">
      <JsonFileName>/Workflows/Contract_CreateItemToSurveyBuySellOrDeployV1-69A02B64-A4B7-EF11-B8E9-000D3A5D39B1.json</JsonFileName>
      <Type>1</Type>
      <Subprocess>0</Subprocess>
      <Category>5</Category>
      <Mode>0</Mode>
      <Scope>4</Scope>
      <OnDemand>0</OnDemand>
      <TriggerOnCreate>0</TriggerOnCreate>
      <TriggerOnDelete>0</TriggerOnDelete>
      <AsyncAutodelete>0</AsyncAutodelete>
      <SyncWorkflowLogOnFailure>0</SyncWorkflowLogOnFailure>
      <StateCode>1</StateCode>
      <StatusCode>2</StatusCode>
      <RunAs>1</RunAs>
      <IsTransacted>1</IsTransacted>
      <IntroducedVersion>1.0.0.21</IntroducedVersion>
      <IsCustomizable>1</IsCustomizable>
      <BusinessProcessType>0</BusinessProcessType>
      <IsCustomProcessingStepAllowedForOtherPublishers>1</IsCustomProcessingStepAllowedForOtherPublishers>
      <PrimaryEntity>none</PrimaryEntity>
      <LocalizedNames>
        <LocalizedName languagecode="1033" description="Contract_CreateItemToSurveyBuySellOrDeployV1" />
      </LocalizedNames>
    </Workflow>
    <Workflow WorkflowId="{5c812b7b-a4b7-ef11-b8e9-000d3a5d39b1}" Name="Contract_CreateItemToSurveyMaintananceV1">
      <JsonFileName>/Workflows/Contract_CreateItemToSurveyMaintananceV1-5C812B7B-A4B7-EF11-B8E9-000D3A5D39B1.json</JsonFileName>
      <Type>1</Type>
      <Subprocess>0</Subprocess>
      <Category>5</Category>
      <Mode>0</Mode>
      <Scope>4</Scope>
      <OnDemand>0</OnDemand>
      <TriggerOnCreate>0</TriggerOnCreate>
      <TriggerOnDelete>0</TriggerOnDelete>
      <AsyncAutodelete>0</AsyncAutodelete>
      <SyncWorkflowLogOnFailure>0</SyncWorkflowLogOnFailure>
      <StateCode>1</StateCode>
      <StatusCode>2</StatusCode>
      <RunAs>1</RunAs>
      <IsTransacted>1</IsTransacted>
      <IntroducedVersion>1.0.0.21</IntroducedVersion>
      <IsCustomizable>1</IsCustomizable>
      <BusinessProcessType>0</BusinessProcessType>
      <IsCustomProcessingStepAllowedForOtherPublishers>1</IsCustomProcessingStepAllowedForOtherPublishers>
      <PrimaryEntity>none</PrimaryEntity>
      <LocalizedNames>
        <LocalizedName languagecode="1033" description="Contract_CreateItemToSurveyMaintananceV1" />
      </LocalizedNames>
    </Workflow>
    <Workflow WorkflowId="{3be81b9a-a4b7-ef11-b8e9-000d3a5d39b1}" Name="Contract_CreateItemToSurveyTechnicalSupportV1">
      <JsonFileName>/Workflows/Contract_CreateItemToSurveyTechnicalSupportV1-3BE81B9A-A4B7-EF11-B8E9-000D3A5D39B1.json</JsonFileName>
      <Type>1</Type>
      <Subprocess>0</Subprocess>
      <Category>5</Category>
      <Mode>0</Mode>
      <Scope>4</Scope>
      <OnDemand>0</OnDemand>
      <TriggerOnCreate>0</TriggerOnCreate>
      <TriggerOnDelete>0</TriggerOnDelete>
      <AsyncAutodelete>0</AsyncAutodelete>
      <SyncWorkflowLogOnFailure>0</SyncWorkflowLogOnFailure>
      <StateCode>1</StateCode>
      <StatusCode>2</StatusCode>
      <RunAs>1</RunAs>
      <IsTransacted>1</IsTransacted>
      <IntroducedVersion>1.0.0.21</IntroducedVersion>
      <IsCustomizable>1</IsCustomizable>
      <BusinessProcessType>0</BusinessProcessType>
      <IsCustomProcessingStepAllowedForOtherPublishers>1</IsCustomProcessingStepAllowedForOtherPublishers>
      <PrimaryEntity>none</PrimaryEntity>
      <LocalizedNames>
        <LocalizedName languagecode="1033" description="Contract_CreateItemToSurveyTechnicalSupportV1" />
      </LocalizedNames>
    </Workflow>
    <Workflow WorkflowId="{6680dcb1-28bc-ef11-b8e9-000d3a5d39b1}" Name="Contract_SendMailEdit">
      <JsonFileName>/Workflows/Contract_SendMailEdit-6680DCB1-28BC-EF11-B8E9-000D3A5D39B1.json</JsonFileName>
      <Type>1</Type>
      <Subprocess>0</Subprocess>
      <Category>5</Category>
      <Mode>0</Mode>
      <Scope>4</Scope>
      <OnDemand>0</OnDemand>
      <TriggerOnCreate>0</TriggerOnCreate>
      <TriggerOnDelete>0</TriggerOnDelete>
      <AsyncAutodelete>0</AsyncAutodelete>
      <SyncWorkflowLogOnFailure>0</SyncWorkflowLogOnFailure>
      <StateCode>1</StateCode>
      <StatusCode>2</StatusCode>
      <RunAs>1</RunAs>
      <IsTransacted>1</IsTransacted>
      <IntroducedVersion>1.0.0.25</IntroducedVersion>
      <IsCustomizable>1</IsCustomizable>
      <BusinessProcessType>0</BusinessProcessType>
      <IsCustomProcessingStepAllowedForOtherPublishers>1</IsCustomProcessingStepAllowedForOtherPublishers>
      <PrimaryEntity>none</PrimaryEntity>
      <LocalizedNames>
        <LocalizedName languagecode="1033" description="Contract_SendMailEdit" />
      </LocalizedNames>
    </Workflow>
    <Workflow WorkflowId="{7647e926-5343-ef11-8409-002248098d7f}" Name="Contract_ExportHDV1">
      <JsonFileName>/Workflows/Contract_ExportHDV1-7647E926-5343-EF11-8409-002248098D7F.json</JsonFileName>
      <Type>1</Type>
      <Subprocess>0</Subprocess>
      <Category>5</Category>
      <Mode>0</Mode>
      <Scope>4</Scope>
      <OnDemand>0</OnDemand>
      <TriggerOnCreate>0</TriggerOnCreate>
      <TriggerOnDelete>0</TriggerOnDelete>
      <AsyncAutodelete>0</AsyncAutodelete>
      <SyncWorkflowLogOnFailure>0</SyncWorkflowLogOnFailure>
      <StateCode>1</StateCode>
      <StatusCode>2</StatusCode>
      <RunAs>1</RunAs>
      <IsTransacted>1</IsTransacted>
      <IntroducedVersion>1.0.0.5</IntroducedVersion>
      <IsCustomizable>1</IsCustomizable>
      <BusinessProcessType>0</BusinessProcessType>
      <IsCustomProcessingStepAllowedForOtherPublishers>1</IsCustomProcessingStepAllowedForOtherPublishers>
      <PrimaryEntity>none</PrimaryEntity>
      <LocalizedNames>
        <LocalizedName languagecode="1033" description="Contract_ExportHDV1" />
      </LocalizedNames>
    </Workflow>
  </Workflows>
  <FieldSecurityProfiles></FieldSecurityProfiles>
  <Templates />
  <EntityMaps />
  <EntityRelationships />
  <OrganizationSettings />
  <optionsets />
  <CustomControls />
  <EntityDataProviders />
  <CanvasApps>
    <CanvasApp>
      <Name>contract_hsccontractcopy_bbddf</Name>
      <AppVersion>2025-04-21T08:13:16Z</AppVersion>
      <Status>Ready</Status>
      <CreatedByClientVersion>3.25035.12.0</CreatedByClientVersion>
      <MinClientVersion>3.25035.12.0</MinClientVersion>
      <Tags>{"primaryDeviceWidth":"1737","primaryDeviceHeight":"764","supportsPortrait":"true","supportsLandscape":"true","primaryFormFactor":"Tablet","showStatusBar":"false","publisherVersion":"3.25035.12","minimumRequiredApiVersion":"2.2.0","hasComponent":"true","hasUnlockedComponent":"true","isUnifiedRootApp":"false","sienaVersion":"20250421T043917Z-3.25035.12.0"}</Tags>
      <IsCdsUpgraded>0</IsCdsUpgraded>
      <GalleryItemId xsi:nil="true"></GalleryItemId>
      <BackgroundColor>RGBA(0,176,240,1)</BackgroundColor>
      <DisplayName>Contract</DisplayName>
      <Description xsi:nil="true"></Description>
      <CommitMessage xsi:nil="true"></CommitMessage>
      <Publisher xsi:nil="true"></Publisher>
      <AuthorizationReferences>[{"resourceId":"powerbi"}]</AuthorizationReferences>
      <ConnectionReferences>{"0a7a1963-3370-4cae-9a59-7815e2587712":{"id":"/providers/microsoft.powerapps/apis/shared_logicflows","displayName":"Logic flows","iconUri":"https://conn-afd-prod-endpoint-bmc9bqahasf3grgk.b01.azurefd.net/releases/v1.0.1725/1.0.1725.4004/logicflows/icon.png","dataSources":["Contract_DeleteFileContract"],"dependencies":[],"dependents":[],"parameterHints":{"workflowDisplayName":{"value":"Contract_DeleteFileContract"},"workflowEntityId":{"value":"811e4842-f438-ef11-8409-000d3a3baf9a"},"workflowName":{"value":"c2ed4902-c613-45ec-9f93-807cd1053c34"}},"parameterHintsV2":{"workflowDisplayName":{"value":"Contract_DeleteFileContract"},"workflowEntityId":{"value":"811e4842-f438-ef11-8409-000d3a3baf9a"},"workflowName":{"value":"c2ed4902-c613-45ec-9f93-807cd1053c34"}},"isOnPremiseConnection":false,"bypassConsent":false,"dataSets":{},"apiTier":"Standard","actions":["Run"]},"169806b8-d210-4181-8ab1-bcf779af920e":{"id":"/providers/microsoft.powerapps/apis/shared_logicflows","displayName":"Logic flows","iconUri":"https://conn-afd-prod-endpoint-bmc9bqahasf3grgk.b01.azurefd.net/releases/v1.0.1725/1.0.1725.4004/logicflows/icon.png","dataSources":["Contract_UploadFileContract"],"dependencies":[],"dependents":[],"parameterHints":{"workflowDisplayName":{"value":"Contract_UploadFileContract"},"workflowEntityId":{"value":"5a38d949-8b37-ef11-8409-000d3a3baf9a"},"workflowName":{"value":"6229206f-de56-454d-b9e7-1feb5f6af3d1"}},"parameterHintsV2":{"workflowDisplayName":{"value":"Contract_UploadFileContract"},"workflowEntityId":{"value":"5a38d949-8b37-ef11-8409-000d3a3baf9a"},"workflowName":{"value":"6229206f-de56-454d-b9e7-1feb5f6af3d1"}},"isOnPremiseConnection":false,"bypassConsent":false,"dataSets":{},"apiTier":"Standard","actions":["Run"]},"3cdbd7cf-8821-41ba-b930-7e9a7a1e9f49":{"id":"/providers/microsoft.powerapps/apis/shared_logicflows","displayName":"Logic flows","iconUri":"https://conn-afd-prod-endpoint-bmc9bqahasf3grgk.b01.azurefd.net/releases/v1.0.1725/1.0.1725.4004/logicflows/icon.png","dataSources":["Contract_UploadFileLegalDocument"],"dependencies":[],"dependents":[],"parameterHints":{"workflowDisplayName":{"value":"Contract_UploadFileLegalDocument"},"workflowEntityId":{"value":"22a67fe2-264e-ef11-a316-000d3a5ab55d"},"workflowName":{"value":"0c4867f5-56ae-43ad-b29d-4464e33d9109"}},"parameterHintsV2":{"workflowDisplayName":{"value":"Contract_UploadFileLegalDocument"},"workflowEntityId":{"value":"22a67fe2-264e-ef11-a316-000d3a5ab55d"},"workflowName":{"value":"0c4867f5-56ae-43ad-b29d-4464e33d9109"}},"isOnPremiseConnection":false,"bypassConsent":false,"dataSets":{},"apiTier":"Standard","actions":["Run"]},"6012f205-bf4c-4a04-bf16-580e7f49c5d5":{"id":"/providers/microsoft.powerapps/apis/shared_logicflows","displayName":"Logic flows","iconUri":"https://conn-afd-prod-endpoint-bmc9bqahasf3grgk.b01.azurefd.net/releases/v1.0.1725/1.0.1725.4004/logicflows/icon.png","dataSources":["Contract_ExportHDV1"],"dependencies":[],"dependents":[],"parameterHints":{"workflowDisplayName":{"value":"Contract_ExportHDV1"},"workflowEntityId":{"value":"7647e926-5343-ef11-8409-002248098d7f"},"workflowName":{"value":"e9e45161-528c-4472-9937-e588a41f71ae"}},"parameterHintsV2":{"workflowDisplayName":{"value":"Contract_ExportHDV1"},"workflowEntityId":{"value":"7647e926-5343-ef11-8409-002248098d7f"},"workflowName":{"value":"e9e45161-528c-4472-9937-e588a41f71ae"}},"isOnPremiseConnection":false,"bypassConsent":false,"dataSets":{},"apiTier":"Standard"},"6be3c2a1-aa39-433b-a77c-44c30fdc4b81":{"id":"/providers/microsoft.powerapps/apis/shared_logicflows","displayName":"Logic flows","iconUri":"https://conn-afd-prod-endpoint-bmc9bqahasf3grgk.b01.azurefd.net/releases/v1.0.1725/1.0.1725.4004/logicflows/icon.png","dataSources":["Contract_Delay"],"dependencies":[],"dependents":[],"parameterHints":{"workflowDisplayName":{"value":"Contract_Delay"},"workflowEntityId":{"value":"479aaeaf-d547-ef11-a316-000d3a5ab55d"},"workflowName":{"value":"11827a10-1d75-4907-9dee-c685bb986cbb"}},"parameterHintsV2":{"workflowDisplayName":{"value":"Contract_Delay"},"workflowEntityId":{"value":"479aaeaf-d547-ef11-a316-000d3a5ab55d"},"workflowName":{"value":"11827a10-1d75-4907-9dee-c685bb986cbb"}},"isOnPremiseConnection":false,"bypassConsent":false,"dataSets":{},"apiTier":"Standard","actions":["Run"]},"6f634885-9a94-4af4-9c2b-b0a96aaf9e12":{"id":"/providers/microsoft.powerapps/apis/shared_logicflows","displayName":"Logic flows","iconUri":"https://conn-afd-prod-endpoint-bmc9bqahasf3grgk.b01.azurefd.net/releases/v1.0.1725/1.0.1725.4004/logicflows/icon.png","dataSources":["Contract_UploadFileNDCK"],"dependencies":[],"dependents":[],"parameterHints":{"workflowDisplayName":{"value":"Contract_UploadFileNDCK"},"workflowEntityId":{"value":"7034389a-058a-ef11-ac21-000d3a5d39b1"},"workflowName":{"value":"65c1e73c-034e-401a-b67b-ddf554aca367"}},"parameterHintsV2":{"workflowDisplayName":{"value":"Contract_UploadFileNDCK"},"workflowEntityId":{"value":"7034389a-058a-ef11-ac21-000d3a5d39b1"},"workflowName":{"value":"65c1e73c-034e-401a-b67b-ddf554aca367"}},"isOnPremiseConnection":false,"bypassConsent":false,"dataSets":{},"apiTier":"Standard","actions":["Run"]},"72c53842-51c5-43f7-8432-f21731191738":{"id":"/providers/microsoft.powerapps/apis/shared_logicflows","displayName":"Logic flows","iconUri":"https://conn-afd-prod-endpoint-bmc9bqahasf3grgk.b01.azurefd.net/releases/v1.0.1725/1.0.1725.4004/logicflows/icon.png","dataSources":["Contract_UploadFileRelated"],"dependencies":[],"dependents":[],"parameterHints":{"workflowDisplayName":{"value":"Contract_UploadFileRelated"},"workflowEntityId":{"value":"64cbc3c0-a587-ef11-ac21-000d3a5d39b1"},"workflowName":{"value":"725da85d-eb21-426f-8601-5b93cac642b2"}},"parameterHintsV2":{"workflowDisplayName":{"value":"Contract_UploadFileRelated"},"workflowEntityId":{"value":"64cbc3c0-a587-ef11-ac21-000d3a5d39b1"},"workflowName":{"value":"725da85d-eb21-426f-8601-5b93cac642b2"}},"isOnPremiseConnection":false,"bypassConsent":false,"dataSets":{},"apiTier":"Standard","actions":["Run"]},"73fd9f2e-522b-406e-92df-39fa30549b79":{"id":"/providers/microsoft.powerapps/apis/shared_logicflows","displayName":"Logic flows","iconUri":"https://conn-afd-prod-endpoint-bmc9bqahasf3grgk.b01.azurefd.net/releases/v1.0.1725/1.0.1725.4004/logicflows/icon.png","dataSources":["Contract_ExportHDV2_Backup"],"dependencies":[],"dependents":[],"parameterHints":{"workflowDisplayName":{"value":"Contract_ExportHDV2_Backup"},"workflowEntityId":{"value":"0f70c8af-7b00-f011-bae2-000d3a315cad"},"workflowName":{"value":"fea2f452-b395-470a-95aa-0fa9d781eaea"}},"parameterHintsV2":{"workflowDisplayName":{"value":"Contract_ExportHDV2_Backup"},"workflowEntityId":{"value":"0f70c8af-7b00-f011-bae2-000d3a315cad"},"workflowName":{"value":"fea2f452-b395-470a-95aa-0fa9d781eaea"}},"isOnPremiseConnection":false,"bypassConsent":false,"dataSets":{},"apiTier":"Standard","actions":["Run"]},"7871039d-eb27-49b1-b793-03751a218912":{"id":"/providers/microsoft.powerapps/apis/shared_logicflows","displayName":"Logic flows","iconUri":"https://conn-afd-prod-endpoint-bmc9bqahasf3grgk.b01.azurefd.net/releases/v1.0.1725/1.0.1725.4004/logicflows/icon.png","dataSources":["Contract_SendMailEdit"],"dependencies":["938377fc-2ee0-4580-8e15-37733379c201"],"dependents":[],"parameterHints":{"938377fc-2ee0-4580-8e15-37733379c201":{"value":"shared_sharepointonline"},"workflowDisplayName":{"value":"Contract_SendMailEdit"},"workflowEntityId":{"value":"6680dcb1-28bc-ef11-b8e9-000d3a5d39b1"},"workflowName":{"value":"62bae853-127c-4914-abed-8467284095bd"}},"parameterHintsV2":{"shared_sharepointonline":{"value":"938377fc-2ee0-4580-8e15-37733379c201"},"workflowDisplayName":{"value":"Contract_SendMailEdit"},"workflowEntityId":{"value":"6680dcb1-28bc-ef11-b8e9-000d3a5d39b1"},"workflowName":{"value":"62bae853-127c-4914-abed-8467284095bd"}},"isOnPremiseConnection":false,"bypassConsent":false,"dataSets":{},"apiTier":"Standard","actions":["Run"]},"938377fc-2ee0-4580-8e15-37733379c201":{"id":"/providers/microsoft.powerapps/apis/shared_sharepointonline","displayName":"SharePoint","iconUri":"https://conn-afd-prod-endpoint-bmc9bqahasf3grgk.b01.azurefd.net/releases/v1.0.1745/1.0.1745.4169/sharepointonline/icon.png","dataSources":["Documents","Hợp đồng","ContractConfig","Khách hàng","Lịch thanh toán","Quản lý người dùng","Sản phẩm dịch vụ","Hợp đồng người liên hệ","Khách hàng mới","Nhà thầu phụ","Kế hoạch bảo trì","HD thông tin hàng hóa","Danh mục nhóm khách hàng","HD kế hoạch triển khai","Khảo sát dịch vụ hỗ trợ kỹ thuật","Khảo sát dịch vụ bảo trì","Khảo sát dịch vụ mua bán/triển khai","Nhân sự phòng kinh doanh","NguoiLienHe"],"dependencies":[],"dependents":["7871039d-eb27-49b1-b793-03751a218912"],"parameterHints":{},"parameterHintsV2":{},"isOnPremiseConnection":false,"bypassConsent":false,"dataSets":{"https://hptvn.sharepoint.com/teams/mppdev/contract":{"dataSources":{"Khảo sát dịch vụ bảo trì":{"tableName":"8fa521aa-6879-4a44-a32a-523609ea22f9"},"Khảo sát dịch vụ mua bán/triển khai":{"tableName":"eb578c61-3cd9-4421-b301-932c0b622c69"}}},"https://hptvn.sharepoint.com/teams/mppdev/contract_contract_shared_sharepointonline_ba8a92bb5f984c4a9e12b8ebbe150b7e":{"datasetOverride":{"name":"https://hptvn.sharepoint.com/teams/mppdev/contract","environmentVariableName":"contract_shared_sharepointonline_ba8a92bb5f984c4a9e12b8ebbe150b7e"},"dataSources":{"ContractConfig":{"tableName":"b388d586-3cde-4406-843e-377132c1b356","tableNameOverride":{"name":"b388d586-3cde-4406-843e-377132c1b356","environmentVariableName":"new_shared_sharepointonline_6ad892381be4442eb482ebe3b7b0c691"}},"Danh mục nhóm khách hàng":{"tableName":"cc618501-5a02-465d-8324-a5ffdf14c2f3","tableNameOverride":{"name":"cc618501-5a02-465d-8324-a5ffdf14c2f3","environmentVariableName":"contract_shared_sharepointonline_5ad350bc719543bca4700c3a9bbeddc2"}},"Documents":{"tableName":"5f1132fe-be60-4f32-9d33-81c51f220af0","tableNameOverride":{"name":"5f1132fe-be60-4f32-9d33-81c51f220af0","environmentVariableName":"contract_shared_sharepointonline_a0dc94e2ad6542be8fb134fa58eb0eae"}},"HD kế hoạch triển khai":{"tableName":"b58933da-4c32-4c63-87b1-fe58c9cb1cb2","tableNameOverride":{"name":"b58933da-4c32-4c63-87b1-fe58c9cb1cb2","environmentVariableName":"contract_shared_sharepointonline_334dfaa6f1b3477fa5908497f459756a"}},"HD thông tin hàng hóa":{"tableName":"801031c5-3fec-4dff-88ed-ce0048cbb0ab","tableNameOverride":{"name":"801031c5-3fec-4dff-88ed-ce0048cbb0ab","environmentVariableName":"contract_shared_sharepointonline_3ff143a0784e4d5e8f6c99efc1725bea"}},"Hợp đồng":{"tableName":"3f1d5884-1363-4877-a3a6-87eea2435b5e","tableNameOverride":{"name":"3f1d5884-1363-4877-a3a6-87eea2435b5e","environmentVariableName":"contract_shared_sharepointonline_af7e0287396a4264bf84ac3bb4d1bb35"}},"Hợp đồng người liên hệ":{"tableName":"37b7911a-6c68-495d-8700-84fde3e5d386","tableNameOverride":{"name":"37b7911a-6c68-495d-8700-84fde3e5d386","environmentVariableName":"contract_shared_sharepointonline_47020e0dd0e34c28b0dc090f1789bb93"}},"Kế hoạch bảo trì":{"tableName":"7870dcb2-2b5e-44b7-8284-a01b5a4e9862","tableNameOverride":{"name":"7870dcb2-2b5e-44b7-8284-a01b5a4e9862","environmentVariableName":"contract_shared_sharepointonline_a0991bccdc044df7b0a209045a6a49f1"}},"Khách hàng":{"tableName":"559943d5-2268-4cfc-8c3e-325e9c1ed9a8","tableNameOverride":{"name":"559943d5-2268-4cfc-8c3e-325e9c1ed9a8","environmentVariableName":"new_shared_sharepointonline_af5e4e39ce894fc2bc248a88dd3b6752"}},"Khách hàng mới":{"tableName":"c98926db-3556-4f37-a233-255e7cf52a86","tableNameOverride":{"name":"c98926db-3556-4f37-a233-255e7cf52a86","environmentVariableName":"contract_shared_sharepointonline_2a1abf6c6a234c38bcbaafb1a16fbee4"}},"Khảo sát dịch vụ hỗ trợ kỹ thuật":{"tableName":"3cc0f850-050d-4f17-ba81-ce39120222c8","tableNameOverride":{"name":"3cc0f850-050d-4f17-ba81-ce39120222c8","environmentVariableName":"contract_shared_sharepointonline_beb92437b22441a69961fa65f15d4417"}},"Lịch thanh toán":{"tableName":"091f36f1-bf80-4e87-bba9-d457bdc2f66f","tableNameOverride":{"name":"091f36f1-bf80-4e87-bba9-d457bdc2f66f","environmentVariableName":"new_shared_sharepointonline_5f4b15a58b9046d4b7f82734d3274b93"}},"NguoiLienHe":{"tableName":"d208ded8-07f8-457a-b6a4-081606b28b27","tableNameOverride":{"name":"d208ded8-07f8-457a-b6a4-081606b28b27","environmentVariableName":"contract_shared_sharepointonline_24b2f272e5594097b131c8266ee24bbb"}},"Nhà thầu phụ":{"tableName":"7d9c1688-47d8-4218-ba81-336821d94c6f","tableNameOverride":{"name":"7d9c1688-47d8-4218-ba81-336821d94c6f","environmentVariableName":"contract_shared_sharepointonline_c146e2fda12c46749c32da25cdad8562"}},"Nhân sự phòng kinh doanh":{"tableName":"e2c7b799-dd55-4aef-88d5-09d1d135ce74","tableNameOverride":{"name":"e2c7b799-dd55-4aef-88d5-09d1d135ce74","environmentVariableName":"new_shared_sharepointonline_08d1d43781b149d48f526f5fbc3c709a"}},"Quản lý người dùng":{"tableName":"a714e414-a03a-400d-99e5-c5f6e217c50c","tableNameOverride":{"name":"a714e414-a03a-400d-99e5-c5f6e217c50c","environmentVariableName":"new_shared_sharepointonline_0b2810462ba74e5c8c0a6703f6a2867d"}},"Sản phẩm dịch vụ":{"tableName":"ef1d2d42-b973-4ce4-8479-12e7b91faf17","tableNameOverride":{"name":"ef1d2d42-b973-4ce4-8479-12e7b91faf17","environmentVariableName":"new_shared_sharepointonline_61a998e680b240c9946efe2de7780148"}}}}},"apiTier":"Standard","actions":["providers/PowerPlatform.Governance/Operations/Read","providers/PowerPlatform.Governance/Operations/Write","providers/PowerPlatform.Governance/Operations/Delete"]},"78edc911-62b7-4c17-9bc6-02c0239d5f39":{"id":"/providers/microsoft.powerapps/apis/shared_logicflows","displayName":"Logic flows","iconUri":"https://conn-afd-prod-endpoint-bmc9bqahasf3grgk.b01.azurefd.net/releases/v1.0.1725/1.0.1725.4004/logicflows/icon.png","dataSources":["Contract_SendMailAddHDV1"],"dependencies":[],"dependents":[],"parameterHints":{"workflowDisplayName":{"value":"Contract_SendMailAddHDV1"},"workflowEntityId":{"value":"6708e9af-d347-ef11-a316-000d3a5ab55d"},"workflowName":{"value":"198f76a2-2886-4429-8c99-22464ef87df4"}},"parameterHintsV2":{"workflowDisplayName":{"value":"Contract_SendMailAddHDV1"},"workflowEntityId":{"value":"6708e9af-d347-ef11-a316-000d3a5ab55d"},"workflowName":{"value":"198f76a2-2886-4429-8c99-22464ef87df4"}},"isOnPremiseConnection":false,"bypassConsent":false,"dataSets":{},"apiTier":"Standard","actions":["Run"]},"9be8bf81-6e11-4d00-b2ca-f7df9473d7d9":{"id":"/providers/microsoft.powerapps/apis/shared_logicflows","displayName":"Logic flows","iconUri":"https://conn-afd-prod-endpoint-bmc9bqahasf3grgk.b01.azurefd.net/releases/v1.0.1725/1.0.1725.4004/logicflows/icon.png","dataSources":["Contract_SendMailAccountingV1"],"dependencies":[],"dependents":[],"parameterHints":{"workflowDisplayName":{"value":"Contract_SendMailAccountingV1"},"workflowEntityId":{"value":"8a96b101-8b0b-f011-bae1-000d3a315cad"},"workflowName":{"value":"c70236e4-dc5c-4b81-8519-f553a6a949dc"}},"parameterHintsV2":{"workflowDisplayName":{"value":"Contract_SendMailAccountingV1"},"workflowEntityId":{"value":"8a96b101-8b0b-f011-bae1-000d3a315cad"},"workflowName":{"value":"c70236e4-dc5c-4b81-8519-f553a6a949dc"}},"isOnPremiseConnection":false,"bypassConsent":false,"dataSets":{},"apiTier":"Standard","actions":["Run"]}}</ConnectionReferences>
      <DatabaseReferences>{}</DatabaseReferences>
      <AppComponents>[]</AppComponents>
      <AppComponentDependencies>[]</AppComponentDependencies>
      <CanConsumeAppPass>1</CanConsumeAppPass>
      <CanvasAppType>0</CanvasAppType>
      <BypassConsent>0</BypassConsent>
      <AdminControlBypassConsent>0</AdminControlBypassConsent>
      <EmbeddedApp xsi:nil="true"></EmbeddedApp>
      <IntroducedVersion>1.0</IntroducedVersion>
      <CdsDependencies>{"cdsdependencies":[{"dependencyid":"811e4842-f438-ef11-8409-000d3a3baf9a","componenttype":29,"componenttypeplatformname":"Workflow"},{"dependencyid":"5a38d949-8b37-ef11-8409-000d3a3baf9a","componenttype":29,"componenttypeplatformname":"Workflow"},{"dependencyid":"22a67fe2-264e-ef11-a316-000d3a5ab55d","componenttype":29,"componenttypeplatformname":"Workflow"},{"dependencyid":"7647e926-5343-ef11-8409-002248098d7f","componenttype":29,"componenttypeplatformname":"Workflow"},{"dependencyid":"479aaeaf-d547-ef11-a316-000d3a5ab55d","componenttype":29,"componenttypeplatformname":"Workflow"},{"dependencyid":"7034389a-058a-ef11-ac21-000d3a5d39b1","componenttype":29,"componenttypeplatformname":"Workflow"},{"dependencyid":"64cbc3c0-a587-ef11-ac21-000d3a5d39b1","componenttype":29,"componenttypeplatformname":"Workflow"},{"dependencyid":"0f70c8af-7b00-f011-bae2-000d3a315cad","componenttype":29,"componenttypeplatformname":"Workflow"},{"dependencyid":"6680dcb1-28bc-ef11-b8e9-000d3a5d39b1","componenttype":29,"componenttypeplatformname":"Workflow"},{"dependencyid":"6708e9af-d347-ef11-a316-000d3a5ab55d","componenttype":29,"componenttypeplatformname":"Workflow"},{"dependencyid":"8a96b101-8b0b-f011-bae1-000d3a315cad","componenttype":29,"componenttypeplatformname":"Workflow"},{"logicalname":"contract_shared_sharepointonline_ba8a92bb5f984c4a9e12b8ebbe150b7e","componenttype":380,"componenttypeplatformname":"EnvironmentVariableDefinition"},{"logicalname":"new_shared_sharepointonline_6ad892381be4442eb482ebe3b7b0c691","componenttype":380,"componenttypeplatformname":"EnvironmentVariableDefinition"},{"logicalname":"contract_shared_sharepointonline_5ad350bc719543bca4700c3a9bbeddc2","componenttype":380,"componenttypeplatformname":"EnvironmentVariableDefinition"},{"logicalname":"contract_shared_sharepointonline_a0dc94e2ad6542be8fb134fa58eb0eae","componenttype":380,"componenttypeplatformname":"EnvironmentVariableDefinition"},{"logicalname":"contract_shared_sharepointonline_334dfaa6f1b3477fa5908497f459756a","componenttype":380,"componenttypeplatformname":"EnvironmentVariableDefinition"},{"logicalname":"contract_shared_sharepointonline_3ff143a0784e4d5e8f6c99efc1725bea","componenttype":380,"componenttypeplatformname":"EnvironmentVariableDefinition"},{"logicalname":"contract_shared_sharepointonline_af7e0287396a4264bf84ac3bb4d1bb35","componenttype":380,"componenttypeplatformname":"EnvironmentVariableDefinition"},{"logicalname":"contract_shared_sharepointonline_47020e0dd0e34c28b0dc090f1789bb93","componenttype":380,"componenttypeplatformname":"EnvironmentVariableDefinition"},{"logicalname":"contract_shared_sharepointonline_a0991bccdc044df7b0a209045a6a49f1","componenttype":380,"componenttypeplatformname":"EnvironmentVariableDefinition"},{"logicalname":"new_shared_sharepointonline_af5e4e39ce894fc2bc248a88dd3b6752","componenttype":380,"componenttypeplatformname":"EnvironmentVariableDefinition"},{"logicalname":"contract_shared_sharepointonline_2a1abf6c6a234c38bcbaafb1a16fbee4","componenttype":380,"componenttypeplatformname":"EnvironmentVariableDefinition"},{"logicalname":"contract_shared_sharepointonline_beb92437b22441a69961fa65f15d4417","componenttype":380,"componenttypeplatformname":"EnvironmentVariableDefinition"},{"logicalname":"new_shared_sharepointonline_5f4b15a58b9046d4b7f82734d3274b93","componenttype":380,"componenttypeplatformname":"EnvironmentVariableDefinition"},{"logicalname":"contract_shared_sharepointonline_24b2f272e5594097b131c8266ee24bbb","componenttype":380,"componenttypeplatformname":"EnvironmentVariableDefinition"},{"logicalname":"contract_shared_sharepointonline_c146e2fda12c46749c32da25cdad8562","componenttype":380,"componenttypeplatformname":"EnvironmentVariableDefinition"},{"logicalname":"new_shared_sharepointonline_08d1d43781b149d48f526f5fbc3c709a","componenttype":380,"componenttypeplatformname":"EnvironmentVariableDefinition"},{"logicalname":"new_shared_sharepointonline_0b2810462ba74e5c8c0a6703f6a2867d","componenttype":380,"componenttypeplatformname":"EnvironmentVariableDefinition"},{"logicalname":"new_shared_sharepointonline_61a998e680b240c9946efe2de7780148","componenttype":380,"componenttypeplatformname":"EnvironmentVariableDefinition"}]}</CdsDependencies>
      <IsCustomizable>1</IsCustomizable>
      <BackgroundImageUri>/CanvasApps/contract_hsccontractcopy_bbddf_BackgroundImageUri</BackgroundImageUri>
      <DocumentUri>/CanvasApps/contract_hsccontractcopy_bbddf_DocumentUri.msapp</DocumentUri>
      <AdditionalUris>
        <AdditionalUri>/CanvasApps/contract_hsccontractcopy_bbddf_AdditionalUris0_identity.json</AdditionalUri>
      </AdditionalUris>
    </CanvasApp>
  </CanvasApps>
  <connectionreferences>
    <connectionreference connectionreferencelogicalname="cmp_sharedoffice365_5e5f7">
      <connectionreferencedisplayname>Office 365 Outlook Contract</connectionreferencedisplayname>
      <connectorid>/providers/Microsoft.PowerApps/apis/shared_office365</connectorid>
      <iscustomizable>1</iscustomizable>
      <statecode>0</statecode>
      <statuscode>1</statuscode>
    </connectionreference>
    <connectionreference connectionreferencelogicalname="cmp_sharedsharepointonline_ac344">
      <connectionreferencedisplayname>SharePoint Contract</connectionreferencedisplayname>
      <connectorid>/providers/Microsoft.PowerApps/apis/shared_sharepointonline</connectorid>
      <iscustomizable>1</iscustomizable>
      <statecode>0</statecode>
      <statuscode>1</statuscode>
    </connectionreference>
    <connectionreference connectionreferencelogicalname="contract_sharedexcelonlinebusiness_18295">
      <connectionreferencedisplayname>Excel Online QLHD</connectionreferencedisplayname>
      <connectorid>/providers/Microsoft.PowerApps/apis/shared_excelonlinebusiness</connectorid>
      <iscustomizable>1</iscustomizable>
      <statecode>0</statecode>
      <statuscode>1</statuscode>
    </connectionreference>
    <connectionreference connectionreferencelogicalname="contract_sharedmicrosoftforms_8f64d">
      <connectionreferencedisplayname>Microsoft Forms HSC_Contract-8f64d</connectionreferencedisplayname>
      <connectorid>/providers/Microsoft.PowerApps/apis/shared_microsoftforms</connectorid>
      <iscustomizable>1</iscustomizable>
      <statecode>0</statecode>
      <statuscode>1</statuscode>
    </connectionreference>
    <connectionreference connectionreferencelogicalname="contract_sharedoffice365_69327">
      <connectionreferencedisplayname>OUtLook QLHD</connectionreferencedisplayname>
      <connectorid>/providers/Microsoft.PowerApps/apis/shared_office365</connectorid>
      <iscustomizable>1</iscustomizable>
      <statecode>0</statecode>
      <statuscode>1</statuscode>
    </connectionreference>
    <connectionreference connectionreferencelogicalname="contract_sharedoffice365users_ce140">
      <connectionreferencedisplayname>Office 365 Users HSC_Contract-ce140</connectionreferencedisplayname>
      <connectorid>/providers/Microsoft.PowerApps/apis/shared_office365users</connectorid>
      <iscustomizable>1</iscustomizable>
      <statecode>0</statecode>
      <statuscode>1</statuscode>
    </connectionreference>
    <connectionreference connectionreferencelogicalname="contract_sharedonedriveforbusiness_1b6a8">
      <connectionreferencedisplayname>OneDrive QLHD</connectionreferencedisplayname>
      <connectorid>/providers/Microsoft.PowerApps/apis/shared_onedriveforbusiness</connectorid>
      <iscustomizable>1</iscustomizable>
      <statecode>0</statecode>
      <statuscode>1</statuscode>
    </connectionreference>
    <connectionreference connectionreferencelogicalname="contract_sharedsharepointonline_5ddc3">
      <connectionreferencedisplayname>SharePoint QLHD</connectionreferencedisplayname>
      <connectorid>/providers/Microsoft.PowerApps/apis/shared_sharepointonline</connectorid>
      <iscustomizable>1</iscustomizable>
      <statecode>0</statecode>
      <statuscode>1</statuscode>
    </connectionreference>
    <connectionreference connectionreferencelogicalname="new_sharedsharepointonline_6f8ac">
      <connectionreferencedisplayname>SharePoint</connectionreferencedisplayname>
      <connectorid>/providers/Microsoft.PowerApps/apis/shared_sharepointonline</connectorid>
      <iscustomizable>1</iscustomizable>
      <statecode>0</statecode>
      <statuscode>1</statuscode>
    </connectionreference>
  </connectionreferences>
  <Languages>
    <Language>1033</Language>
  </Languages>
</ImportExportXml>