<ImportExportXml version="9.2.25032.228" SolutionPackageVersion="9.2" languagecode="1033" generatedBy="CrmLive" xmlns:xsi="http://www.w3.org/2001/XMLSchema-instance" OrganizationVersion="9.2.25032.228" OrganizationSchemaType="Standard" CRMServerServiceabilityVersion="9.2.25033.00232">
  <SolutionManifest>
    <UniqueName>HSC_Contract</UniqueName>
    <LocalizedNames>
      <LocalizedName description="Contract Solution" languagecode="1033" />
    </LocalizedNames>
    <Descriptions />
    <Version>1.0.0.39</Version>
    <Managed>1</Managed>
    <Publisher>
      <UniqueName>Contract_HSC</UniqueName>
      <LocalizedNames>
        <LocalizedName description="Contract_HSC" languagecode="1033" />
      </LocalizedNames>
      <Descriptions />
      <EMailAddress xsi:nil="true"></EMailAddress>
      <SupportingWebsiteUrl xsi:nil="true"></SupportingWebsiteUrl>
      <CustomizationPrefix>contract</CustomizationPrefix>
      <CustomizationOptionValuePrefix>49250</CustomizationOptionValuePrefix>
      <Addresses>
        <Address>
          <AddressNumber>1</AddressNumber>
          <AddressTypeCode>1</AddressTypeCode>
          <City xsi:nil="true"></City>
          <County xsi:nil="true"></County>
          <Country xsi:nil="true"></Country>
          <Fax xsi:nil="true"></Fax>
          <FreightTermsCode xsi:nil="true"></FreightTermsCode>
          <ImportSequenceNumber xsi:nil="true"></ImportSequenceNumber>
          <Latitude xsi:nil="true"></Latitude>
          <Line1 xsi:nil="true"></Line1>
          <Line2 xsi:nil="true"></Line2>
          <Line3 xsi:nil="true"></Line3>
          <Longitude xsi:nil="true"></Longitude>
          <Name xsi:nil="true"></Name>
          <PostalCode xsi:nil="true"></PostalCode>
          <PostOfficeBox xsi:nil="true"></PostOfficeBox>
          <PrimaryContactName xsi:nil="true"></PrimaryContactName>
          <ShippingMethodCode>1</ShippingMethodCode>
          <StateOrProvince xsi:nil="true"></StateOrProvince>
          <Telephone1 xsi:nil="true"></Telephone1>
          <Telephone2 xsi:nil="true"></Telephone2>
          <Telephone3 xsi:nil="true"></Telephone3>
          <TimeZoneRuleVersionNumber xsi:nil="true"></TimeZoneRuleVersionNumber>
          <UPSZone xsi:nil="true"></UPSZone>
          <UTCOffset xsi:nil="true"></UTCOffset>
          <UTCConversionTimeZoneCode xsi:nil="true"></UTCConversionTimeZoneCode>
        </Address>
        <Address>
          <AddressNumber>2</AddressNumber>
          <AddressTypeCode>1</AddressTypeCode>
          <City xsi:nil="true"></City>
          <County xsi:nil="true"></County>
          <Country xsi:nil="true"></Country>
          <Fax xsi:nil="true"></Fax>
          <FreightTermsCode xsi:nil="true"></FreightTermsCode>
          <ImportSequenceNumber xsi:nil="true"></ImportSequenceNumber>
          <Latitude xsi:nil="true"></Latitude>
          <Line1 xsi:nil="true"></Line1>
          <Line2 xsi:nil="true"></Line2>
          <Line3 xsi:nil="true"></Line3>
          <Longitude xsi:nil="true"></Longitude>
          <Name xsi:nil="true"></Name>
          <PostalCode xsi:nil="true"></PostalCode>
          <PostOfficeBox xsi:nil="true"></PostOfficeBox>
          <PrimaryContactName xsi:nil="true"></PrimaryContactName>
          <ShippingMethodCode>1</ShippingMethodCode>
          <StateOrProvince xsi:nil="true"></StateOrProvince>
          <Telephone1 xsi:nil="true"></Telephone1>
          <Telephone2 xsi:nil="true"></Telephone2>
          <Telephone3 xsi:nil="true"></Telephone3>
          <TimeZoneRuleVersionNumber xsi:nil="true"></TimeZoneRuleVersionNumber>
          <UPSZone xsi:nil="true"></UPSZone>
          <UTCOffset xsi:nil="true"></UTCOffset>
          <UTCConversionTimeZoneCode xsi:nil="true"></UTCConversionTimeZoneCode>
        </Address>
      </Addresses>
    </Publisher>
    <RootComponents>
      <RootComponent type="29" id="{01f5a420-74ad-ef11-b8e9-000d3a5d39b1}" behavior="0" />
      <RootComponent type="29" id="{0f70c8af-7b00-f011-bae2-000d3a315cad}" behavior="0" />
      <RootComponent type="29" id="{19067dea-12b6-ef11-b8e9-000d3a5d39b1}" behavior="0" />
      <RootComponent type="29" id="{22a67fe2-264e-ef11-a316-000d3a5ab55d}" behavior="0" />
      <RootComponent type="29" id="{34c50dbd-544e-ef11-a316-000d3a5ab55d}" behavior="0" />
      <RootComponent type="29" id="{3be81b9a-a4b7-ef11-b8e9-000d3a5d39b1}" behavior="0" />
      <RootComponent type="29" id="{479aaeaf-d547-ef11-a316-000d3a5ab55d}" behavior="0" />
      <RootComponent type="29" id="{5a38d949-8b37-ef11-8409-000d3a3baf9a}" behavior="0" />
      <RootComponent type="29" id="{5c812b7b-a4b7-ef11-b8e9-000d3a5d39b1}" behavior="0" />
      <RootComponent type="29" id="{64cbc3c0-a587-ef11-ac21-000d3a5d39b1}" behavior="0" />
      <RootComponent type="29" id="{6680dcb1-28bc-ef11-b8e9-000d3a5d39b1}" behavior="0" />
      <RootComponent type="29" id="{6708e9af-d347-ef11-a316-000d3a5ab55d}" behavior="0" />
      <RootComponent type="29" id="{69a02b64-a4b7-ef11-b8e9-000d3a5d39b1}" behavior="0" />
      <RootComponent type="29" id="{7034389a-058a-ef11-ac21-000d3a5d39b1}" behavior="0" />
      <RootComponent type="29" id="{7647e926-5343-ef11-8409-002248098d7f}" behavior="0" />
      <RootComponent type="29" id="{811e4842-f438-ef11-8409-000d3a3baf9a}" behavior="0" />
      <RootComponent type="29" id="{82cd6555-d718-f011-998a-000d3a315cad}" behavior="0" />
      <RootComponent type="29" id="{8a96b101-8b0b-f011-bae1-000d3a315cad}" behavior="0" />
      <RootComponent type="29" id="{9570aa75-c448-ef11-a316-000d3a5ab55d}" behavior="0" />
      <RootComponent type="29" id="{9611f294-12b6-ef11-b8e9-000d3a5d39b1}" behavior="0" />
      <RootComponent type="29" id="{9f634119-8aa8-ef11-b8e9-000d3a5d39b1}" behavior="0" />
      <RootComponent type="29" id="{b2a9aa40-628f-ef11-ac21-000d3a5d39b1}" behavior="0" />
      <RootComponent type="29" id="{b9450ea5-7e16-f011-998a-000d3a315cad}" behavior="0" />
      <RootComponent type="29" id="{dfdc54b4-0e65-ef11-bfe2-000d3a3611f4}" behavior="0" />
      <RootComponent type="29" id="{e427bff7-bb4f-ef11-a317-000d3a5ab55d}" behavior="0" />
      <RootComponent type="29" id="{f12e10de-d08a-ef11-ac21-000d3a5d39b1}" behavior="0" />
      <RootComponent type="29" id="{fcce0b4d-6d0f-f011-9988-000d3a315cad}" behavior="0" />
      <RootComponent type="300" schemaName="contract_hsccontractcopy_bbddf" behavior="0" />
    </RootComponents>
    <MissingDependencies />
  </SolutionManifest>
</ImportExportXml>