<environmentvariabledefinition schemaname="new_shared_sharepointonline_0b2810462ba74e5c8c0a6703f6a2867d">
  <apiid>/providers/microsoft.powerapps/apis/shared_sharepointonline</apiid>
  <displayname default="List Data Quản lý người dùng">
    <label description="List Data Quản lý người dùng" languagecode="1033" />
  </displayname>
  <introducedversion>1.0.0.0</introducedversion>
  <iscustomizable>1</iscustomizable>
  <isrequired>0</isrequired>
  <parameterkey>table</parameterkey>
  <parentdefinitionid>
    <schemaname>contract_shared_sharepointonline_ba8a92bb5f984c4a9e12b8ebbe150b7e</schemaname>
  </parentdefinitionid>
  <secretstore>0</secretstore>
  <type>100000004</type>
</environmentvariabledefinition>