<environmentvariabledefinition schemaname="contract_shared_sharepointonline_5ad350bc719543bca4700c3a9bbeddc2">
  <apiid>/providers/microsoft.powerapps/apis/shared_sharepointonline</apiid>
  <displayname default="List Data Danh mục nhóm khách hàng">
    <label description="List Data Danh mục nhóm khách hàng" languagecode="1033" />
  </displayname>
  <introducedversion>1.0.0.10</introducedversion>
  <iscustomizable>1</iscustomizable>
  <isrequired>0</isrequired>
  <parameterkey>table</parameterkey>
  <parentdefinitionid>
    <schemaname>contract_shared_sharepointonline_ba8a92bb5f984c4a9e12b8ebbe150b7e</schemaname>
  </parentdefinitionid>
  <secretstore>0</secretstore>
  <type>100000004</type>
</environmentvariabledefinition>