<environmentvariabledefinition schemaname="new_shared_sharepointonline_6ad892381be4442eb482ebe3b7b0c691">
  <apiid>/providers/microsoft.powerapps/apis/shared_sharepointonline</apiid>
  <displayname default="List Data ContractConfig">
    <label description="List Data ContractConfig" languagecode="1033" />
  </displayname>
  <introducedversion>1.0.0.0</introducedversion>
  <iscustomizable>1</iscustomizable>
  <isrequired>0</isrequired>
  <parameterkey>table</parameterkey>
  <parentdefinitionid>
    <schemaname>contract_shared_sharepointonline_ba8a92bb5f984c4a9e12b8ebbe150b7e</schemaname>
  </parentdefinitionid>
  <secretstore>0</secretstore>
  <type>100000004</type>
</environmentvariabledefinition>